사고번호,사고일시,요일,시군구,사고내용,사망자수,중상자수,경상자수,부상신고자수,사고유형,법규위반,노면상태,기상상태,도로형태,가해운전자 차종,가해운전자 성별,가해운전자 연령,가해운전자 상해정도,피해운전자 차종,피해운전자 성별,피해운전자 연령,피해운전자 상해정도
2013011600100103,2013년 1월 16일 07시,수요일,충청남도 아산시 선장면,사망사고,1,0,0,0,차대사람 - 기타,안전운전불이행,건조,맑음,단일로 - 기타,화물,남,67세,상해없음,보행자,남,62세,사망
2013011600100235,2013년 1월 16일 13시,수요일,충청남도 천안시 서북구 성정동,중상사고,0,1,0,0,차대차 - 측면직각충돌,신호위반,건조,맑음,교차로 - 교차로안,승용,여,49세,상해없음,승용,남,42세,상해없음
2013011600100236,2013년 1월 16일 13시,수요일,충청남도 천안시 동남구 신방동,중상사고,0,1,0,0,차대차 - 측면직각충돌,차로위반,건조,맑음,단일로 - 기타,이륜,남,65세,중상,승용,남,53세,상해없음
2013011600100281,2013년 1월 16일 15시,수요일,충청남도 논산시 광석면,중상사고,0,1,0,0,차대차 - 측면직각충돌,교차로운행방법위반,습기,맑음,교차로 - 교차로안,승용,남,25세,상해없음,이륜,남,68세,중상
2013011600100282,2013년 1월 16일 15시,수요일,충청남도 금산군 남일면,중상사고,0,1,3,0,차대차 - 측면직각충돌,교차로운행방법위반,습기,비,교차로 - 교차로안,승용,남,60세,상해없음,승용,남,53세,경상
2013011600100351,2013년 1월 16일 18시,수요일,충청남도 보령시 주포면,중상사고,0,1,1,0,차대차 - 측면직각충돌,신호위반,건조,맑음,교차로 - 교차로안,승용,남,66세,상해없음,승용,여,46세,중상
2013011600100397,2013년 1월 16일 19시,수요일,충청남도 공주시 석장리동,중상사고,0,2,0,0,차대차 - 추돌 - 진행중,안전운전불이행,건조,맑음,단일로 - 기타,승용,남,52세,상해없음,화물,남,61세,중상
2013011600100398,2013년 1월 16일 19시,수요일,충청남도 청양군 정산면,중상사고,0,2,1,0,차대차 - 측면직각충돌,안전거리미확보,건조,맑음,단일로 - 기타,승용,여,22세,중상,화물,남,66세,중상
2013011600100399,2013년 1월 16일 19시,수요일,충청남도 천안시 동남구 원성동,경상사고,0,0,2,0,차대차 - 추돌 - 주정차중,안전운전불이행,건조,맑음,기타 - 기타,승용,여,34세,경상,승용,남,34세,기타불명
2013011600100528,2013년 1월 16일 23시,수요일,충청남도 천안시 동남구 봉명동,중상사고,0,1,2,0,차대차 - 추돌 - 주정차중,안전거리미확보,건조,맑음,교차로 - 교차로부근,승용,남,38세,경상,승용,남,30세,중상
2013011700100013,2013년 1월 17일 00시,목요일,충청남도 천안시 서북구 두정동,경상사고,0,0,2,0,차대차 - 기타,안전운전불이행,건조,흐림,교차로 - 교차로부근,승용,남,45세,상해없음,승용,남,26세,경상
2013011700100014,2013년 1월 17일 00시,목요일,충청남도 천안시 서북구 성정동,경상사고,0,0,1,0,차대차 - 추돌 - 주정차중,안전거리미확보,건조,맑음,단일로 - 기타,화물,남,44세,상해없음,승용,남,51세,경상
2013011700100030,2013년 1월 17일 01시,목요일,충청남도 천안시 동남구 신부동,중상사고,0,1,0,0,차대사람 - 횡단중,안전운전불이행,건조,맑음,단일로 - 기타,승용,남,41세,상해없음,보행자,남,32세,중상
2013011700100061,2013년 1월 17일 03시,목요일,충청남도 공주시 신관동,경상사고,0,0,1,0,차대차 - 측면직각충돌,직진우회전진행방해,건조,맑음,교차로 - 교차로안,승용,남,39세,상해없음,승용,남,49세,경상
2013011700100137,2013년 1월 17일 08시,목요일,충청남도 당진시 송악읍,경상사고,0,0,1,0,차대차 - 측면직각충돌,안전운전불이행,결빙,맑음,단일로 - 기타,특수,남,35세,상해없음,화물,남,46세,경상
2013011700100138,2013년 1월 17일 08시,목요일,충청남도 청양군 대치면,경상사고,0,0,1,0,차량단독 - 전도전복,안전운전불이행,결빙,맑음,단일로 - 기타,승용,여,39세,경상,,,,
2013011700100297,2013년 1월 17일 15시,목요일,충청남도 보령시 남포면,경상사고,0,0,1,0,차대차 - 추돌 - 진행중,안전운전불이행,건조,맑음,교차로 - 교차로안,화물,남,42세,상해없음,화물,남,22세,경상
2013011700100298,2013년 1월 17일 15시,목요일,충청남도 보령시 신흑동,중상사고,0,2,0,0,차대차 - 추돌 - 진행중,교차로운행방법위반,건조,맑음,교차로 - 교차로안,승용,여,35세,상해없음,이륜,남,61세,중상
2013011700100324,2013년 1월 17일 16시,목요일,충청남도 청양군 청양읍,중상사고,0,1,1,0,차대차 - 측면직각충돌,안전운전불이행,건조,맑음,교차로 - 교차로안,승용,남,54세,상해없음,화물,남,61세,경상
2013011700100341,2013년 1월 17일 17시,목요일,충청남도 논산시 강경읍,중상사고,0,1,1,0,차대차 - 기타,교차로운행방법위반,건조,맑음,교차로 - 교차로안,승용,여,54세,상해없음,승용,여,60세,중상
2013011700100343,2013년 1월 17일 17시,목요일,충청남도 금산군 금산읍,경상사고,0,0,1,0,차대사람 - 기타,안전운전불이행,습기,맑음,단일로 - 기타,승용,여,60세,상해없음,보행자,남,43세,경상
2013011700100430,2013년 1월 17일 19시,목요일,충청남도 논산시 연무읍,중상사고,0,1,2,0,차대차 - 기타,안전운전불이행,건조,맑음,교차로 - 교차로안,승용,남,28세,경상,승용,남,40세,경상
2013011700100431,2013년 1월 17일 19시,목요일,충청남도 예산군 예산읍,경상사고,0,0,1,0,차대사람 - 횡단중,보행자보호의무위반,건조,맑음,교차로 - 교차로부근,화물,남,72세,상해없음,보행자,남,6세,경상
2013011700100463,2013년 1월 17일 20시,목요일,충청남도 홍성군 구항면,중상사고,0,2,0,0,차대차 - 추돌 - 주정차중,안전운전불이행,건조,맑음,교차로 - 교차로부근,화물,남,54세,상해없음,승용,남,71세,중상
2013011700100514,2013년 1월 17일 22시,목요일,충청남도 천안시 동남구 청수동,경상사고,0,0,2,0,차대차 - 정면충돌,중앙선침범,건조,맑음,단일로 - 기타,승합,남,51세,상해없음,승용,남,40세,경상
2013011700100547,2013년 1월 17일 23시,목요일,충청남도 공주시 금학동,경상사고,0,0,2,0,차대차 - 기타,중앙선침범,건조,흐림,교차로 - 교차로부근,승용,남,34세,상해없음,승용,남,32세,경상
2013011700100548,2013년 1월 17일 23시,목요일,충청남도 당진시 순성면,중상사고,0,1,0,0,차량단독 - 공작물충돌,안전운전불이행,결빙,맑음,단일로 - 기타,승용,남,48세,상해없음,,,,
2013011800100036,2013년 1월 18일 01시,금요일,충청남도 천안시 서북구 성환읍,경상사고,0,0,2,0,차대차 - 추돌 - 진행중,안전운전불이행,건조,흐림,교차로 - 교차로부근,화물,남,48세,상해없음,승용,남,30세,경상
2013011800100066,2013년 1월 18일 05시,금요일,충청남도 천안시 서북구 성정동,경상사고,0,0,1,0,차대차 - 정면충돌,안전운전불이행,건조,맑음,단일로 - 기타,승용,남,25세,상해없음,화물,남,44세,경상
2013011800100104,2013년 1월 18일 07시,금요일,충청남도 당진시 신평면,경상사고,0,0,2,0,차대차 - 측면직각충돌,교차로운행방법위반,건조,맑음,교차로 - 교차로부근,승용,남,22세,상해없음,승용,여,52세,경상
2013011800100136,2013년 1월 18일 08시,금요일,충청남도 천안시 동남구 신부동,중상사고,0,1,0,0,차대사람 - 횡단중,안전운전불이행,건조,맑음,단일로 - 기타,승용,여,46세,상해없음,보행자,여,23세,중상
2013011800100168,2013년 1월 18일 09시,금요일,충청남도 부여군 홍산면,중상사고,0,1,0,0,차대사람 - 기타,안전운전불이행,건조,맑음,단일로 - 기타,승합,남,57세,상해없음,보행자,여,69세,중상
2013011800100195,2013년 1월 18일 10시,금요일,충청남도 논산시 벌곡면,경상사고,0,0,4,0,차대차 - 정면충돌,중앙선침범,건조,맑음,단일로 - 기타,승용,남,74세,상해없음,승용,남,31세,경상
2013011800100196,2013년 1월 18일 10시,금요일,충청남도 서천군 장항읍,중상사고,0,1,0,0,차대차 - 기타,신호위반,건조,맑음,교차로 - 교차로안,승용,남,66세,상해없음,자전거,남,81세,중상
2013011800100248,2013년 1월 18일 12시,금요일,충청남도 논산시 양촌면,경상사고,0,0,2,0,차대차 - 추돌 - 진행중,안전거리미확보,건조,맑음,단일로 - 기타,승용,남,71세,상해없음,승용,남,31세,경상
2013011800100249,2013년 1월 18일 12시,금요일,충청남도 부여군 부여읍,중상사고,0,3,0,0,차대차 - 추돌 - 주정차중,안전운전불이행,건조,맑음,교차로 - 교차로부근,화물,남,25세,상해없음,승용,남,70세,상해없음
2013011800100270,2013년 1월 18일 13시,금요일,충청남도 천안시 동남구 목천읍,중상사고,0,3,5,0,차대차 - 추돌 - 주정차중,안전운전불이행,건조,맑음,단일로 - 기타,기타불명,기타불명,기타불명,기타불명,승용,남,35세,중상
2013011800100343,2013년 1월 18일 16시,금요일,충청남도 천안시 서북구 두정동,경상사고,0,0,3,0,차대차 - 기타,신호위반,건조,맑음,교차로 - 교차로안,승용,남,42세,경상,승용,여,21세,경상
2013011800100384,2013년 1월 18일 17시,금요일,충청남도 천안시 서북구 성정동,경상사고,0,0,1,0,차대차 - 기타,안전운전불이행,건조,맑음,기타 - 기타,승용,남,64세,상해없음,승용,남,35세,경상
2013011800100430,2013년 1월 18일 18시,금요일,충청남도 아산시 방축동,경상사고,0,0,3,0,차대차 - 추돌 - 진행중,안전거리미확보,건조,맑음,교차로 - 교차로부근,승용,남,55세,상해없음,승용,여,41세,경상
2013011800100431,2013년 1월 18일 18시,금요일,충청남도 보령시 대천동,중상사고,0,1,1,0,차대차 - 정면충돌,중앙선침범,건조,맑음,단일로 - 기타,승용,남,44세,상해없음,승용,남,61세,중상
2013011800100480,2013년 1월 18일 19시,금요일,충청남도 서산시 대산읍,중상사고,0,1,0,0,차대사람 - 길가장자리구역통행중,안전운전불이행,건조,맑음,단일로 - 기타,화물,남,33세,상해없음,보행자,남,54세,중상
2013011800100544,2013년 1월 18일 21시,금요일,충청남도 천안시 서북구 두정동,경상사고,0,0,1,0,차대사람 - 기타,안전운전불이행,건조,맑음,단일로 - 기타,승용,남,26세,기타불명,보행자,남,30세,경상
2013011800100545,2013년 1월 18일 21시,금요일,충청남도 천안시 동남구 안서동,경상사고,0,0,3,0,차대차 - 측면직각충돌,교차로운행방법위반,건조,맑음,교차로 - 교차로안,승용,남,60세,상해없음,승용,여,35세,경상
2013011800100590,2013년 1월 18일 22시,금요일,충청남도 천안시 서북구 두정동,중상사고,0,1,0,0,차대사람 - 횡단중,안전운전불이행,건조,맑음,교차로 - 교차로부근,승용,남,58세,상해없음,보행자,남,41세,중상
2013011800100591,2013년 1월 18일 22시,금요일,충청남도 당진시 읍내리,중상사고,0,1,0,0,차대차 - 측면직각충돌,신호위반,건조,맑음,교차로 - 교차로안,화물,남,48세,상해없음,이륜,남,17세,중상
2013011800100630,2013년 1월 18일 23시,금요일,충청남도 천안시 서북구 두정동,경상사고,0,0,1,0,차대사람 - 기타,안전운전불이행,건조,맑음,교차로 - 교차로부근,승용,남,33세,상해없음,보행자,여,33세,경상
2013011900100014,2013년 1월 19일 00시,토요일,충청남도 아산시 온천동,경상사고,0,0,2,0,차대차 - 기타,안전운전불이행,건조,맑음,교차로 - 교차로안,승용,기타불명,기타불명,기타불명,승용,남,50세,경상
2013011900100055,2013년 1월 19일 01시,토요일,충청남도 천안시 서북구 두정동,중상사고,0,1,0,0,차대사람 - 기타,안전운전불이행,건조,맑음,단일로 - 기타,승용,여,35세,상해없음,보행자,여,37세,중상
2013011900100056,2013년 1월 19일 01시,토요일,충청남도 천안시 서북구 백석동,중상사고,0,2,0,1,차대차 - 측면직각충돌,신호위반,건조,맑음,교차로 - 교차로안,승용,남,37세,부상신고,승용,남,57세,중상
2013011900100057,2013년 1월 19일 01시,토요일,충청남도 홍성군 광천읍,중상사고,0,1,2,0,차대차 - 측면직각충돌,신호위반,건조,맑음,교차로 - 교차로안,승용,남,55세,중상,승용,남,30세,상해없음
2013011900100079,2013년 1월 19일 02시,토요일,충청남도 예산군 예산읍,중상사고,0,1,0,0,차대차 - 측면직각충돌,중앙선침범,건조,맑음,단일로 - 기타,승용,남,35세,상해없음,승용,여,42세,중상
2013011900100131,2013년 1월 19일 05시,토요일,충청남도 천안시 서북구 성정동,경상사고,0,0,1,0,차대차 - 측면직각충돌,신호위반,건조,맑음,교차로 - 교차로안,승용,남,58세,상해없음,승용,여,45세,경상
2013011900100139,2013년 1월 19일 06시,토요일,충청남도 천안시 서북구 성정동,중상사고,0,1,0,0,차대사람 - 횡단중,안전운전불이행,건조,맑음,교차로 - 교차로안,승용,남,39세,상해없음,보행자,여,56세,중상
2013011900100319,2013년 1월 19일 14시,토요일,충청남도 태안군 태안읍,경상사고,0,0,5,0,차대차 - 측면직각충돌,신호위반,건조,맑음,교차로 - 교차로안,승용,남,49세,상해없음,승용,남,39세,경상
2013011900100320,2013년 1월 19일 14시,토요일,충청남도 청양군 대치면,중상사고,0,1,2,0,차대차 - 측면직각충돌,직진우회전진행방해,건조,맑음,교차로 - 교차로안,승용,남,55세,경상,화물,남,73세,중상
2013011900100357,2013년 1월 19일 16시,토요일,충청남도 당진시 신평면,경상사고,0,0,1,0,차대차 - 추돌 - 진행중,중앙선침범,건조,맑음,단일로 - 기타,승용,남,27세,상해없음,화물,남,41세,상해없음
2013011900100536,2013년 1월 19일 21시,토요일,충청남도 천안시 서북구 백석동,중상사고,0,1,1,0,차대차 - 측면직각충돌,안전운전불이행,습기,맑음,단일로 - 기타,승용,여,23세,상해없음,승용,여,37세,중상
2013011900100569,2013년 1월 19일 22시,토요일,충청남도 천안시 서북구 성정동,중상사고,0,1,1,0,차대차 - 정면충돌,중앙선침범,건조,맑음,교차로 - 교차로부근,승용,여,40세,상해없음,승용,남,53세,경상
2013011900100570,2013년 1월 19일 22시,토요일,충청남도 공주시 우성면,중상사고,0,1,0,0,차대차 - 정면충돌,중앙선침범,건조,맑음,단일로 - 기타,화물,남,28세,기타불명,화물,남,29세,중상
2013011900100571,2013년 1월 19일 22시,토요일,충청남도 당진시 송악읍,경상사고,0,0,1,0,차대차 - 측면직각충돌,중앙선침범,건조,맑음,교차로 - 교차로부근,화물,남,44세,상해없음,승합,남,53세,경상
2013011900100603,2013년 1월 19일 23시,토요일,충청남도 당진시 송산면,중상사고,0,6,0,0,차대차 - 추돌 - 주정차중,안전운전불이행,건조,맑음,교차로 - 교차로부근,승용,남,29세,상해없음,승용,남,50세,중상
2013012000100036,2013년 1월 20일 01시,일요일,충청남도 천안시 동남구 신부동,중상사고,0,1,0,1,차대차 - 측면직각충돌,차로위반,결빙,기타,단일로 - 기타,승용,남,31세,부상신고,이륜,남,35세,중상
2013012000100071,2013년 1월 20일 03시,일요일,충청남도 천안시 서북구 신당동,경상사고,0,0,1,0,차대차 - 기타,안전운전불이행,건조,맑음,기타 - 기타,승용,남,25세,상해없음,화물,남,42세,경상
2013012000100072,2013년 1월 20일 03시,일요일,충청남도 천안시 서북구 두정동,경상사고,0,0,1,0,차대차 - 기타,안전운전불이행,건조,맑음,기타 - 기타,승용,남,27세,기타불명,승용,남,20세,경상
2013012000100073,2013년 1월 20일 03시,일요일,충청남도 홍성군 홍성읍,사망사고,1,0,0,0,차량단독 - 전도전복,안전운전불이행,건조,맑음,교차로 - 교차로안,승용,남,28세,사망,,,,
2013012000100087,2013년 1월 20일 04시,일요일,충청남도 서산시 양대동,경상사고,0,0,1,0,차량단독 - 공작물충돌,안전운전불이행,건조,맑음,교차로 - 교차로부근,화물,남,28세,경상,,,,
2013012000100088,2013년 1월 20일 04시,일요일,충청남도 천안시 동남구 안서동,경상사고,0,0,2,0,차대차 - 측면직각충돌,안전운전불이행,건조,맑음,단일로 - 기타,승용,남,22세,상해없음,승용,남,28세,경상
2013012000100102,2013년 1월 20일 05시,일요일,충청남도 천안시 동남구 신부동,경상사고,0,0,2,0,차대차 - 추돌 - 주정차중,안전운전불이행,건조,맑음,단일로 - 기타,승용,남,27세,상해없음,승용,남,25세,경상
2013012000100117,2013년 1월 20일 06시,일요일,충청남도 당진시 신평면,사망사고,1,0,0,0,차대차 - 추돌 - 진행중,안전운전불이행,습기,안개,단일로 - 기타,화물,남,33세,사망,화물,남,37세,상해없음
2013012000100174,2013년 1월 20일 10시,일요일,충청남도 공주시 반포면,경상사고,0,0,1,0,차량단독 - 공작물충돌,안전운전불이행,기타,흐림,단일로 - 기타,화물,남,46세,경상,,,,
2013012000100195,2013년 1월 20일 11시,일요일,충청남도 홍성군 홍동면,중상사고,0,1,0,0,차대사람 - 횡단중,안전운전불이행,건조,맑음,단일로 - 기타,승용,여,55세,상해없음,보행자,남,81세,중상
2013012000100246,2013년 1월 20일 15시,일요일,충청남도 논산시 성동면,중상사고,0,1,1,0,차대차 - 측면직각충돌,중앙선침범,건조,흐림,단일로 - 기타,화물,남,45세,경상,승용,남,24세,중상
2013012000100247,2013년 1월 20일 15시,일요일,충청남도 보령시 대천동,중상사고,0,1,0,0,차대차 - 기타,중앙선침범,건조,흐림,단일로 - 기타,자전거,남,79세,중상,원동기,남,64세,상해없음
2013012000100282,2013년 1월 20일 17시,일요일,충청남도 논산시 취암동,경상사고,0,0,2,0,차대차 - 측면직각충돌,교차로운행방법위반,건조,맑음,교차로 - 교차로안,승용,남,33세,경상,승용,남,52세,상해없음
2013012000100283,2013년 1월 20일 17시,일요일,충청남도 홍성군 홍성읍,경상사고,0,0,3,1,차대차 - 추돌 - 주정차중,안전운전불이행,건조,맑음,단일로 - 기타,승용,여,54세,상해없음,승용,남,75세,경상
2013012000100371,2013년 1월 20일 20시,일요일,충청남도 천안시 서북구 쌍용동,경상사고,0,0,1,0,차대사람 - 기타,안전운전불이행,건조,맑음,단일로 - 기타,승용,남,45세,상해없음,보행자,여,25세,경상
2013012000100372,2013년 1월 20일 20시,일요일,충청남도 천안시 서북구 두정동,경상사고,0,0,1,0,차대차 - 기타,교차로운행방법위반,건조,맑음,교차로 - 교차로안,승용,남,53세,상해없음,승용,여,24세,경상
2013012100100008,2013년 1월 21일 00시,월요일,충청남도 천안시 서북구 입장면,경상사고,0,0,1,0,차대차 - 기타,안전운전불이행,건조,흐림,단일로 - 기타,승용,남,39세,기타불명,승용,남,43세,경상
2013012100100018,2013년 1월 21일 01시,월요일,충청남도 천안시 서북구 두정동,경상사고,0,0,1,0,차대차 - 추돌 - 주정차중,안전운전불이행,건조,맑음,기타 - 기타,승용,여,29세,상해없음,승용,남,22세,기타불명
2013012100100028,2013년 1월 21일 02시,월요일,충청남도 천안시 서북구 쌍용동,중상사고,0,3,0,0,차대차 - 측면직각충돌,신호위반,습기,비,교차로 - 교차로안,승용,남,41세,상해없음,승용,남,42세,중상
2013012100100056,2013년 1월 21일 05시,월요일,충청남도 당진시 송악읍,중상사고,0,1,0,0,차대사람 - 차도통행중,안전운전불이행,습기,비,단일로 - 기타,승용,남,28세,상해없음,보행자,남,33세,중상
2013012100100078,2013년 1월 21일 06시,월요일,충청남도 아산시 실옥동,중상사고,0,1,0,0,차대차 - 측면직각충돌,신호위반,습기,비,교차로 - 교차로안,승용,남,30세,상해없음,승용,남,51세,중상
2013012100100110,2013년 1월 21일 07시,월요일,충청남도 아산시 실옥동,경상사고,0,0,1,0,차대사람 - 보도통행중,신호위반,습기,비,기타 - 기타,승용,남,69세,상해없음,보행자,남,33세,경상
2013012100100136,2013년 1월 21일 08시,월요일,충청남도 논산시 연무읍,경상사고,0,0,1,0,차대차 - 기타,안전운전불이행,습기,비,단일로 - 기타,승용,남,42세,상해없음,승용,남,42세,경상
2013012100100231,2013년 1월 21일 12시,월요일,충청남도 금산군 추부면,중상사고,0,1,0,0,차량단독 - 공작물충돌,안전운전불이행,습기,비,단일로 - 기타,승합,남,48세,중상,,,,
2013012100100252,2013년 1월 21일 13시,월요일,충청남도 태안군 태안읍,중상사고,0,1,1,0,차대차 - 측면직각충돌,신호위반,습기,비,교차로 - 교차로안,승용,여,38세,경상,승용,남,44세,중상
2013012100100272,2013년 1월 21일 14시,월요일,충청남도 태안군 태안읍,경상사고,0,0,2,0,차대차 - 측면직각충돌,안전운전불이행,습기,흐림,단일로 - 기타,승용,여,26세,경상,화물,남,25세,경상
2013012100100273,2013년 1월 21일 14시,월요일,충청남도 서천군 서천읍,중상사고,0,2,0,0,차대차 - 기타,직진우회전진행방해,습기,비,교차로 - 교차로안,화물,남,65세,중상,화물,남,68세,중상
2013012100100308,2013년 1월 21일 15시,월요일,충청남도 천안시 서북구 성정동,중상사고,0,1,0,0,차대사람 - 기타,안전운전불이행,습기,비,교차로 - 교차로부근,화물,남,33세,상해없음,보행자,남,45세,중상
2013012100100309,2013년 1월 21일 15시,월요일,충청남도 보령시 죽정동,경상사고,0,0,2,0,차대차 - 측면직각충돌,신호위반,습기,비,교차로 - 교차로안,화물,남,59세,상해없음,승용,남,18세,경상
2013012100100332,2013년 1월 21일 16시,월요일,충청남도 서산시 동문동,중상사고,0,1,3,0,차대차 - 측면직각충돌,신호위반,습기,비,교차로 - 교차로안,승합,남,58세,상해없음,승합,남,61세,상해없음
2013012100100333,2013년 1월 21일 16시,월요일,충청남도 당진시 대호지면,중상사고,0,2,0,0,차대사람 - 기타,안전운전불이행,기타,맑음,단일로 - 기타,승용,남,55세,상해없음,보행자,여,43세,중상
2013012100100359,2013년 1월 21일 17시,월요일,충청남도 서산시 성연면,중상사고,0,1,0,0,차대차 - 기타,안전운전불이행,습기,비,교차로 - 교차로부근,화물,남,33세,상해없음,승용,남,45세,중상
2013012100100360,2013년 1월 21일 17시,월요일,충청남도 홍성군 금마면,사망사고,1,0,1,0,차대차 - 정면충돌,중앙선침범,습기,비,단일로 - 기타,화물,여,50세,사망,화물,남,35세,경상
2013012100100405,2013년 1월 21일 18시,월요일,충청남도 태안군 태안읍,중상사고,0,1,0,0,차대차 - 기타,안전운전불이행,습기,비,교차로 - 교차로부근,화물,남,55세,중상,승합,남,32세,상해없음
2013012100100406,2013년 1월 21일 18시,월요일,충청남도 부여군 규암면,중상사고,0,1,1,0,차량단독 - 공작물충돌,안전운전불이행,습기,비,교차로 - 교차로안,승합,남,56세,상해없음,,,,
2013012100100452,2013년 1월 21일 19시,월요일,충청남도 홍성군 구항면,중상사고,0,1,0,0,차대차 - 추돌 - 주정차중,안전운전불이행,습기,비,교차로 - 교차로부근,화물,남,53세,상해없음,승용,여,47세,중상
2013012100100454,2013년 1월 21일 19시,월요일,충청남도 당진시 읍내리,중상사고,0,1,0,0,차대차 - 정면충돌,신호위반,건조,맑음,교차로 - 교차로안,승용,남,38세,상해없음,승합,남,32세,중상
2013012100100455,2013년 1월 21일 19시,월요일,충청남도 천안시 동남구 영성동,경상사고,0,0,1,0,차대사람 - 횡단중,신호위반,습기,비,단일로 - 횡단보도상,승용,남,42세,상해없음,보행자,여,17세,경상
2013012100100523,2013년 1월 21일 21시,월요일,충청남도 천안시 서북구 성정동,경상사고,0,0,1,0,차대차 - 추돌 - 주정차중,안전운전불이행,건조,맑음,단일로 - 기타,승용,남,50세,상해없음,승용,남,28세,경상
2013012100100524,2013년 1월 21일 21시,월요일,충청남도 논산시 연산면,경상사고,0,0,2,0,차대차 - 추돌 - 주정차중,안전운전불이행,습기,비,교차로 - 교차로부근,승용,남,47세,상해없음,승용,남,31세,경상
2013012100100551,2013년 1월 21일 22시,월요일,충청남도 계룡시 엄사면,경상사고,0,0,1,0,차량단독 - 공작물충돌,안전운전불이행,습기,비,교차로 - 교차로부근,승용,남,51세,경상,,,,
2013012100100578,2013년 1월 21일 23시,월요일,충청남도 서산시 동문동,중상사고,0,1,0,0,차대사람 - 차도통행중,안전운전불이행,습기,비,교차로 - 교차로부근,승용,남,38세,상해없음,보행자,여,23세,중상
2013012200100093,2013년 1월 22일 04시,화요일,충청남도 아산시 방축동,경상사고,0,0,1,0,차대차 - 추돌 - 주정차중,안전운전불이행,건조,맑음,교차로 - 교차로부근,승용,남,31세,상해없음,화물,남,57세,경상
2013012200100115,2013년 1월 22일 06시,화요일,충청남도 청양군 운곡면,경상사고,0,0,1,0,차량단독 - 공작물충돌,안전운전불이행,습기,흐림,단일로 - 기타,승용,남,29세,경상,,,,
2013012200100143,2013년 1월 22일 07시,화요일,충청남도 아산시 장존동,사망사고,1,0,0,0,차대사람 - 기타,안전운전불이행,습기,비,기타 - 기타,승용,남,46세,기타불명,보행자,남,63세,사망
2013012200100189,2013년 1월 22일 09시,화요일,충청남도 공주시 반포면,중상사고,0,1,1,0,차대차 - 기타,신호위반,습기,비,교차로 - 교차로안,승용,남,45세,상해없음,승용,남,60세,경상
2013012200100242,2013년 1월 22일 12시,화요일,충청남도 보령시 명천동,중상사고,0,2,1,0,차대차 - 측면직각충돌,불법유턴,건조,맑음,교차로 - 교차로안,화물,남,60세,상해없음,승용,남,43세,경상
2013012200100297,2013년 1월 22일 15시,화요일,충청남도 천안시 동남구 원성동,중상사고,0,1,1,0,차대차 - 추돌 - 주정차중,안전운전불이행,건조,맑음,단일로 - 기타,승용,남,58세,상해없음,승용,여,45세,중상
2013012200100313,2013년 1월 22일 16시,화요일,충청남도 예산군 삽교읍,중상사고,0,1,0,0,차대차 - 추돌 - 진행중,안전운전불이행,습기,비,교차로 - 교차로부근,화물,남,53세,상해없음,승용,남,47세,중상
2013012200100328,2013년 1월 22일 17시,화요일,충청남도 부여군 부여읍,중상사고,0,1,0,0,차대사람 - 횡단중,신호위반,건조,맑음,단일로 - 횡단보도상,승용,여,54세,상해없음,보행자,남,55세,중상
2013012200100367,2013년 1월 22일 18시,화요일,충청남도 천안시 동남구 봉명동,경상사고,0,0,1,0,차대사람 - 횡단중,신호위반,건조,맑음,교차로 - 교차로안,승합,남,44세,상해없음,보행자,여,17세,경상
2013012200100416,2013년 1월 22일 20시,화요일,충청남도 서산시 대산읍,사망사고,1,0,0,0,차대사람 - 횡단중,안전운전불이행,습기,흐림,단일로 - 기타,승합,남,65세,상해없음,보행자,남,71세,사망
2013012200100524,2013년 1월 22일 23시,화요일,충청남도 천안시 동남구 쌍용동,경상사고,0,0,2,0,차대차 - 기타,안전운전불이행,건조,맑음,단일로 - 기타,승용,남,49세,상해없음,승용,여,47세,경상
2013012200100525,2013년 1월 22일 23시,화요일,충청남도 홍성군 홍성읍,중상사고,0,1,0,0,차대차 - 측면직각충돌,신호위반,습기,비,교차로 - 교차로안,승용,남,56세,상해없음,이륜,남,16세,중상
2013012300100019,2013년 1월 23일 00시,수요일,충청남도 공주시 금흥동,경상사고,0,0,1,0,차대차 - 기타,직진우회전진행방해,기타,흐림,교차로 - 교차로안,승용,남,24세,상해없음,승용,남,51세,경상
2013012300100135,2013년 1월 23일 07시,수요일,충청남도 천안시 서북구 성정동,중상사고,0,1,0,0,차대사람 - 횡단중,보행자보호의무위반,습기,비,단일로 - 횡단보도상,승합,남,41세,상해없음,보행자,여,46세,중상
2013012300100165,2013년 1월 23일 08시,수요일,충청남도 천안시 서북구 입장면,중상사고,0,1,1,0,차대차 - 측면직각충돌,교차로운행방법위반,습기,비,교차로 - 교차로안,승용,남,52세,중상,화물,남,52세,경상
2013012300100186,2013년 1월 23일 09시,수요일,충청남도 예산군 예산읍,경상사고,0,0,1,0,차대차 - 추돌 - 진행중,직진우회전진행방해,건조,맑음,교차로 - 교차로안,원동기,남,68세,경상,승용,여,52세,상해없음
2013012300100363,2013년 1월 23일 18시,수요일,충청남도 논산시 연무읍,경상사고,0,0,1,0,차대차 - 기타,안전운전불이행,건조,맑음,단일로 - 기타,기타불명,기타불명,기타불명,기타불명,승용,남,47세,경상