사고번호,사고일시,요일,시군구,사고내용,사망자수,중상자수,경상자수,부상신고자수,사고유형,법규위반,노면상태,기상상태,도로형태,가해운전자 차종,가해운전자 성별,가해운전자 연령,가해운전자 상해정도,피해운전자 차종,피해운전자 성별,피해운전자 연령,피해운전자 상해정도
2013012300100364,2013년 1월 23일 18시,수요일,충청남도 아산시 온천동,경상사고,0,0,1,0,차대차 - 정면충돌,중앙선침범,건조,맑음,교차로 - 교차로안,승용,남,55세,상해없음,승합,남,65세,상해없음
2013012300100365,2013년 1월 23일 18시,수요일,충청남도 서천군 문산면,중상사고,0,1,0,0,차대사람 - 길가장자리구역통행중,안전운전불이행,건조,기타,단일로 - 기타,화물,남,36세,상해없음,보행자,여,73세,중상
2013012300100456,2013년 1월 23일 20시,수요일,충청남도 태안군 소원면,중상사고,0,1,0,0,차대사람 - 길가장자리구역통행중,안전운전불이행,건조,흐림,단일로 - 기타,승용,남,60세,상해없음,보행자,여,65세,중상
2013012300100457,2013년 1월 23일 20시,수요일,충청남도 보령시 신흑동,경상사고,0,0,3,0,차대차 - 추돌 - 진행중,직진우회전진행방해,건조,맑음,교차로 - 교차로안,승합,여,72세,경상,승용,남,37세,경상
2013012300100489,2013년 1월 23일 21시,수요일,충청남도 보령시 명천동,중상사고,0,2,2,0,차대차 - 추돌 - 진행중,안전운전불이행,건조,맑음,단일로 - 기타,승용,남,51세,상해없음,승용,남,64세,중상
2013012300100490,2013년 1월 23일 21시,수요일,충청남도 청양군 청양읍,경상사고,0,0,1,0,차대차 - 측면직각충돌,안전운전불이행,습기,흐림,교차로 - 교차로부근,화물,남,41세,상해없음,승용,남,43세,경상
2013012300100533,2013년 1월 23일 22시,수요일,충청남도 천안시 서북구 백석동,경상사고,0,0,1,0,차대차 - 측면직각충돌,안전운전불이행,건조,맑음,단일로 - 기타,승용,남,57세,상해없음,승용,여,38세,경상
2013012400100015,2013년 1월 24일 00시,목요일,충청남도 천안시 서북구 성정동,경상사고,0,0,1,0,차대차 - 정면충돌,중앙선침범,건조,맑음,단일로 - 기타,승용,남,30세,상해없음,승용,남,29세,경상
2013012400100099,2013년 1월 24일 06시,목요일,충청남도 천안시 서북구 쌍용동,중상사고,0,1,1,0,차대차 - 정면충돌,중앙선침범,건조,맑음,미분류 - 미분류,승용,남,61세,중상,승합,남,67세,경상
2013012400100239,2013년 1월 24일 10시,목요일,충청남도 당진시 송산면,경상사고,0,0,1,0,차대차 - 측면직각충돌,중앙선침범,습기,맑음,단일로 - 기타,화물,남,29세,상해없음,승용,남,41세,경상
2013012400100240,2013년 1월 24일 10시,목요일,충청남도 청양군 청양읍,경상사고,0,0,2,0,차대차 - 측면직각충돌,중앙선침범,결빙,눈,단일로 - 기타,화물,남,57세,상해없음,승용,남,44세,경상
2013012400100241,2013년 1월 24일 10시,목요일,충청남도 천안시 동남구 목천읍,중상사고,0,1,1,0,차대차 - 추돌 - 진행중,안전운전불이행,적설,눈,단일로 - 기타,승용,여,31세,상해없음,승용,남,49세,경상
2013012400100262,2013년 1월 24일 11시,목요일,충청남도 서산시 부석면,중상사고,0,1,0,0,차대사람 - 기타,안전운전불이행,건조,맑음,단일로 - 기타,승합,남,36세,상해없음,보행자,여,89세,중상
2013012400100325,2013년 1월 24일 14시,목요일,충청남도 천안시 서북구 성거읍,경상사고,0,0,1,0,차대차 - 기타,중앙선침범,습기,흐림,단일로 - 기타,화물,남,61세,상해없음,원동기,남,43세,경상
2013012400100326,2013년 1월 24일 14시,목요일,충청남도 아산시 실옥동,중상사고,0,1,0,0,차대사람 - 횡단중,안전운전불이행,건조,맑음,교차로 - 교차로부근,승용,남,52세,상해없음,보행자,남,9세,중상
2013012400100327,2013년 1월 24일 14시,목요일,충청남도 공주시 산성동,중상사고,0,1,0,0,차대사람 - 횡단중,보행자보호의무위반,습기,흐림,단일로 - 횡단보도상,화물,남,26세,상해없음,보행자,여,43세,중상
2013012400100376,2013년 1월 24일 16시,목요일,충청남도 천안시 동남구 풍세면,중상사고,0,1,1,0,차대차 - 추돌 - 진행중,안전운전불이행,건조,맑음,단일로 - 기타,승용,남,50세,상해없음,승용,여,44세,중상
2013012400100403,2013년 1월 24일 17시,목요일,충청남도 천안시 서북구 불당동,중상사고,0,1,2,0,차대차 - 측면직각충돌,신호위반,건조,맑음,교차로 - 교차로안,승용,남,53세,경상,승용,남,54세,경상
2013012400100438,2013년 1월 24일 18시,목요일,충청남도 당진시 대호지면,중상사고,0,1,0,0,차대사람 - 길가장자리구역통행중,안전운전불이행,건조,맑음,단일로 - 기타,화물,남,72세,상해없음,보행자,남,54세,중상
2013012400100468,2013년 1월 24일 19시,목요일,충청남도 청양군 운곡면,중상사고,0,2,4,0,차량단독 - 기타,안전운전불이행,결빙,맑음,단일로 - 기타,승합,남,42세,경상,,,,
2013012400100491,2013년 1월 24일 20시,목요일,충청남도 천안시 동남구 신방동,경상사고,0,0,1,0,차대차 - 기타,중앙선침범,건조,흐림,단일로 - 기타,화물,남,50세,상해없음,승용,여,45세,경상
2013012400100511,2013년 1월 24일 21시,목요일,충청남도 천안시 서북구 두정동,경상사고,0,0,1,0,차대차 - 추돌 - 주정차중,안전운전불이행,건조,맑음,기타 - 기타,승용,남,28세,상해없음,화물,남,59세,경상
2013012400100512,2013년 1월 24일 21시,목요일,충청남도 천안시 서북구 두정동,중상사고,0,1,0,0,차대차 - 기타,신호위반,건조,맑음,교차로 - 교차로안,승용,남,49세,상해없음,승용,여,47세,중상
2013012400100513,2013년 1월 24일 21시,목요일,충청남도 아산시 인주면,경상사고,0,0,1,0,차대차 - 측면직각충돌,교차로운행방법위반,건조,맑음,교차로 - 교차로안,화물,남,47세,상해없음,자전거,남,70세,경상
2013012400100540,2013년 1월 24일 22시,목요일,충청남도 천안시 서북구 성정동,경상사고,0,0,1,0,차대차 - 기타,안전운전불이행,건조,맑음,단일로 - 기타,기타불명,기타불명,기타불명,기타불명,승용,여,30세,경상
2013012400100541,2013년 1월 24일 22시,목요일,충청남도 공주시 금흥동,중상사고,0,1,1,0,차대차 - 추돌 - 진행중,안전운전불이행,건조,맑음,단일로 - 기타,승용,남,35세,중상,화물,여,52세,경상
2013012500100014,2013년 1월 25일 00시,금요일,충청남도 천안시 동남구 신방동,중상사고,0,1,0,0,차대차 - 추돌 - 진행중,안전운전불이행,건조,맑음,단일로 - 기타,승용,남,42세,상해없음,화물,남,42세,중상
2013012500100038,2013년 1월 25일 02시,금요일,충청남도 천안시 동남구 봉명동,중상사고,0,2,0,1,차대차 - 추돌 - 주정차중,안전운전불이행,건조,맑음,단일로 - 기타,승용,남,32세,부상신고,화물,남,36세,기타불명
2013012500100106,2013년 1월 25일 08시,금요일,충청남도 당진시 읍내리,중상사고,0,1,0,0,차대사람 - 횡단중,보행자보호의무위반,건조,맑음,단일로 - 횡단보도상,승용,남,29세,상해없음,보행자,여,22세,중상
2013012500100133,2013년 1월 25일 09시,금요일,충청남도 예산군 덕산면,중상사고,0,1,0,0,차대차 - 측면직각충돌,직진우회전진행방해,건조,맑음,교차로 - 교차로안,화물,남,61세,상해없음,승용,여,51세,중상
2013012500100156,2013년 1월 25일 10시,금요일,충청남도 홍성군 홍성읍,중상사고,0,1,0,0,차대차 - 기타,교차로운행방법위반,건조,맑음,교차로 - 교차로안,승용,여,56세,중상,승용,남,28세,상해없음
2013012500100177,2013년 1월 25일 11시,금요일,충청남도 서산시 읍내동,중상사고,0,1,2,0,차대차 - 측면직각충돌,불법유턴,건조,맑음,단일로 - 기타,승용,남,36세,중상,화물,남,48세,경상
2013012500100242,2013년 1월 25일 14시,금요일,충청남도 천안시 서북구 백석동,중상사고,0,1,1,0,차대차 - 측면직각충돌,교차로운행방법위반,건조,맑음,교차로 - 교차로안,승용,여,43세,경상,승용,남,27세,상해없음
2013012500100243,2013년 1월 25일 14시,금요일,충청남도 논산시 광석면,중상사고,0,1,1,1,차대차 - 기타,안전운전불이행,건조,맑음,단일로 - 기타,승용,여,26세,부상신고,화물,남,45세,경상
2013012500100286,2013년 1월 25일 16시,금요일,충청남도 천안시 동남구 안서동,경상사고,0,0,1,0,차대차 - 추돌 - 주정차중,안전운전불이행,건조,맑음,교차로 - 교차로부근,승용,남,46세,상해없음,승용,남,46세,경상
2013012500100318,2013년 1월 25일 17시,금요일,충청남도 당진시 채운동,경상사고,0,0,1,0,차대차 - 측면직각충돌,직진우회전진행방해,건조,맑음,교차로 - 교차로안,승용,남,55세,상해없음,이륜,남,55세,경상
2013012500100387,2013년 1월 25일 19시,금요일,충청남도 공주시 정안면,중상사고,0,1,0,0,차대차 - 측면직각충돌,안전운전불이행,건조,맑음,단일로 - 기타,승합,여,58세,상해없음,이륜,남,49세,중상
2013012500100447,2013년 1월 25일 21시,금요일,충청남도 아산시 득산동,중상사고,0,1,0,0,차대차 - 추돌 - 진행중,안전운전불이행,건조,맑음,단일로 - 기타,승용,남,35세,상해없음,승용,여,55세,중상
2013012500100474,2013년 1월 25일 22시,금요일,충청남도 서산시 해미면,사망사고,1,0,0,0,차량단독 - 공작물충돌,안전운전불이행,건조,맑음,단일로 - 기타,승용,남,30세,사망,,,,
2013012500100475,2013년 1월 25일 22시,금요일,충청남도 서산시 잠홍동,중상사고,0,2,0,0,차대차 - 측면직각충돌,중앙선침범,건조,맑음,교차로 - 교차로부근,승용,남,33세,상해없음,승용,남,35세,중상
2013012500100498,2013년 1월 25일 23시,금요일,충청남도 공주시 신관동,경상사고,0,0,3,0,차대차 - 추돌 - 진행중,안전운전불이행,건조,맑음,단일로 - 기타,승용,남,31세,상해없음,승합,남,32세,경상
2013012600100017,2013년 1월 26일 00시,토요일,충청남도 서산시 양대동,경상사고,0,0,1,0,차대차 - 측면직각충돌,안전운전불이행,건조,맑음,교차로 - 교차로부근,승용,남,50세,상해없음,승용,여,54세,경상
2013012600100018,2013년 1월 26일 00시,토요일,충청남도 당진시 신평면,경상사고,0,0,3,0,차대차 - 추돌 - 진행중,안전운전불이행,건조,맑음,단일로 - 기타,승용,남,57세,상해없음,승용,여,47세,경상
2013012600100062,2013년 1월 26일 02시,토요일,충청남도 천안시 서북구 쌍용동,경상사고,0,0,1,0,차대사람 - 기타,안전운전불이행,건조,맑음,단일로 - 기타,승용,남,50세,상해없음,보행자,남,27세,경상
2013012600100063,2013년 1월 26일 02시,토요일,충청남도 아산시 음봉면,중상사고,0,1,0,1,차대차 - 측면직각충돌,신호위반,건조,맑음,교차로 - 교차로안,승용,남,33세,상해없음,승합,남,50세,중상
2013012600100078,2013년 1월 26일 03시,토요일,충청남도 천안시 서북구 두정동,경상사고,0,0,1,0,차대차 - 측면직각충돌,교차로운행방법위반,건조,맑음,교차로 - 교차로안,승용,남,58세,경상,승용,남,30세,상해없음
2013012600100105,2013년 1월 26일 06시,토요일,충청남도 천안시 서북구 성정동,경상사고,0,0,1,0,차대차 - 추돌 - 주정차중,안전운전불이행,건조,맑음,교차로 - 교차로부근,승용,남,22세,상해없음,승용,남,52세,경상
2013012600100126,2013년 1월 26일 08시,토요일,충청남도 천안시 서북구 백석동,중상사고,0,1,3,0,차대차 - 측면직각충돌,중앙선침범,건조,맑음,교차로 - 교차로부근,승용,남,22세,상해없음,승용,여,44세,경상
2013012600100151,2013년 1월 26일 09시,토요일,충청남도 공주시 교동,경상사고,0,0,1,0,차대차 - 측면직각충돌,신호위반,건조,맑음,교차로 - 교차로안,승용,남,37세,상해없음,승용,남,63세,상해없음
2013012600100176,2013년 1월 26일 10시,토요일,충청남도 천안시 서북구 두정동,경상사고,0,0,2,0,차대차 - 측면직각충돌,중앙선침범,건조,맑음,교차로 - 교차로부근,승용,여,27세,상해없음,승용,남,32세,경상
2013012600100188,2013년 1월 26일 11시,토요일,충청남도 서산시 읍내동,중상사고,0,1,0,0,차대사람 - 횡단중,안전운전불이행,건조,맑음,교차로 - 교차로안,승용,여,31세,상해없음,보행자,여,82세,중상
2013012600100189,2013년 1월 26일 11시,토요일,충청남도 천안시 서북구 쌍용동,중상사고,0,1,0,0,차대차 - 측면직각충돌,교차로운행방법위반,습기,흐림,교차로 - 교차로안,승용,여,51세,중상,승용,남,44세,상해없음
2013012600100209,2013년 1월 26일 12시,토요일,충청남도 아산시 둔포면,경상사고,0,0,2,0,차대차 - 측면직각충돌,안전운전불이행,건조,맑음,단일로 - 기타,승용,남,32세,상해없음,승용,여,49세,경상
2013012600100236,2013년 1월 26일 13시,토요일,충청남도 보령시 동대동,경상사고,0,0,2,0,차대사람 - 횡단중,보행자보호의무위반,건조,맑음,교차로 - 교차로부근,승용,남,31세,상해없음,보행자,여,6세,경상
2013012600100256,2013년 1월 26일 14시,토요일,충청남도 태안군 태안읍,중상사고,0,1,0,0,차대차 - 측면직각충돌,안전운전불이행,건조,맑음,교차로 - 교차로안,화물,남,67세,상해없음,이륜,남,68세,중상
2013012600100257,2013년 1월 26일 14시,토요일,충청남도 당진시 합덕읍,경상사고,0,0,1,0,차대사람 - 기타,안전운전불이행,건조,맑음,단일로 - 기타,승용,남,43세,상해없음,보행자,여,64세,경상
2013012600100309,2013년 1월 26일 16시,토요일,충청남도 예산군 덕산면,중상사고,0,2,6,0,차대차 - 측면직각충돌,직진우회전진행방해,건조,맑음,교차로 - 교차로안,화물,남,75세,중상,승용,여,52세,경상
2013012600100357,2013년 1월 26일 18시,토요일,충청남도 공주시 산성동,경상사고,0,0,1,0,차대사람 - 기타,안전운전불이행,건조,기타,단일로 - 횡단보도부근,화물,여,53세,상해없음,보행자,여,58세,경상
2013012600100358,2013년 1월 26일 18시,토요일,충청남도 부여군 부여읍,중상사고,0,1,0,0,차대사람 - 횡단중,안전운전불이행,건조,맑음,단일로 - 기타,승용,남,46세,상해없음,보행자,여,65세,중상
2013012600100387,2013년 1월 26일 19시,토요일,충청남도 홍성군 홍성읍,중상사고,0,1,0,0,차대사람 - 횡단중,안전운전불이행,건조,맑음,교차로 - 교차로안,승합,남,56세,상해없음,보행자,남,52세,중상
2013012600100436,2013년 1월 26일 21시,토요일,충청남도 청양군 운곡면,중상사고,0,2,0,0,차대차 - 추돌 - 진행중,안전거리미확보,건조,맑음,단일로 - 기타,승용,여,42세,상해없음,승용,남,35세,중상
2013012600100463,2013년 1월 26일 22시,토요일,충청남도 예산군 예산읍,경상사고,0,0,2,0,차대차 - 측면직각충돌,직진우회전진행방해,건조,맑음,교차로 - 교차로안,승용,남,31세,상해없음,화물,남,46세,경상
2013012700100006,2013년 1월 27일 00시,일요일,충청남도 예산군 예산읍,경상사고,0,0,1,0,차대차 - 추돌 - 주정차중,안전운전불이행,건조,맑음,교차로 - 교차로부근,화물,남,38세,경상,승용,남,49세,상해없음
2013012700100026,2013년 1월 27일 01시,일요일,충청남도 청양군 청양읍,중상사고,0,1,2,0,차량단독 - 전도전복,안전운전불이행,습기,맑음,단일로 - 기타,승용,남,22세,상해없음,,,,
2013012700100067,2013년 1월 27일 04시,일요일,충청남도 천안시 서북구 쌍용동,경상사고,0,0,2,0,차대차 - 추돌 - 주정차중,안전운전불이행,건조,맑음,교차로 - 교차로부근,승용,남,32세,상해없음,승용,남,50세,경상
2013012700100102,2013년 1월 27일 07시,일요일,충청남도 천안시 동남구 광덕면,사망사고,1,0,2,0,차대차 - 추돌 - 진행중,안전운전불이행,건조,흐림,단일로 - 기타,승합,남,56세,사망,화물,남,45세,상해없음
2013012700100138,2013년 1월 27일 10시,일요일,충청남도 공주시 탄천면,사망사고,1,1,0,0,차대차 - 정면충돌,중앙선침범,적설,눈,단일로 - 기타,화물,남,56세,사망,화물,남,29세,중상
2013012700100156,2013년 1월 27일 11시,일요일,충청남도 계룡시 엄사면,경상사고,0,0,2,0,차대차 - 측면직각충돌,안전운전불이행,적설,눈,교차로 - 교차로부근,승용,남,34세,상해없음,승용,남,57세,상해없음
2013012700100157,2013년 1월 27일 11시,일요일,충청남도 논산시 연무읍,중상사고,0,1,1,0,차대차 - 측면직각충돌,신호위반,습기,흐림,교차로 - 교차로안,화물,남,59세,중상,승합,남,49세,경상
2013012700100158,2013년 1월 27일 11시,일요일,충청남도 금산군 추부면,중상사고,0,2,2,0,차량단독 - 기타,안전운전불이행,적설,맑음,단일로 - 기타,승합,남,44세,상해없음,,,,
2013012700100212,2013년 1월 27일 14시,일요일,충청남도 보령시 명천동,중상사고,0,1,0,0,차대차 - 기타,안전거리미확보,건조,흐림,단일로 - 기타,승용,남,66세,상해없음,이륜,남,35세,중상
2013012700100213,2013년 1월 27일 14시,일요일,충청남도 청양군 장평면,중상사고,0,1,3,0,차량단독 - 기타,안전운전불이행,결빙,맑음,단일로 - 기타,승용,여,52세,경상,,,,
2013012700100317,2013년 1월 27일 19시,일요일,충청남도 서산시 석림동,경상사고,0,0,3,1,차대차 - 추돌 - 진행중,안전운전불이행,건조,맑음,교차로 - 교차로부근,화물,남,58세,상해없음,승용,남,28세,경상
2013012700100318,2013년 1월 27일 19시,일요일,충청남도 천안시 서북구 두정동,경상사고,0,0,1,0,차대차 - 기타,안전운전불이행,건조,맑음,교차로 - 교차로안,기타불명,기타불명,기타불명,기타불명,원동기,남,17세,경상
2013012700100319,2013년 1월 27일 19시,일요일,충청남도 당진시 읍내리,경상사고,0,0,1,0,차대차 - 정면충돌,교차로운행방법위반,건조,맑음,교차로 - 교차로안,승용,여,41세,상해없음,승용,남,58세,경상
2013012700100320,2013년 1월 27일 19시,일요일,충청남도 천안시 동남구 병천면,경상사고,0,0,2,1,차대차 - 측면직각충돌,중앙선침범,건조,맑음,단일로 - 기타,화물,남,48세,부상신고,화물,남,56세,경상
2013012700100348,2013년 1월 27일 20시,일요일,충청남도 아산시 염치읍,사망사고,1,0,0,0,차량단독 - 도로외이탈 - 추락,안전운전불이행,건조,맑음,기타 - 기타,승용,남,32세,사망,,,,
2013012800100010,2013년 1월 28일 00시,월요일,충청남도 예산군 덕산면,경상사고,0,0,1,0,차대차 - 기타,중앙선침범,건조,맑음,단일로 - 기타,승용,남,25세,경상,승용,남,52세,상해없음
2013012800100063,2013년 1월 28일 07시,월요일,충청남도 청양군 정산면,중상사고,0,2,0,0,차대차 - 측면직각충돌,중앙선침범,결빙,맑음,단일로 - 기타,승용,여,23세,중상,화물,남,42세,중상
2013012800100064,2013년 1월 28일 07시,월요일,충청남도 청양군 정산면,중상사고,0,1,0,0,차량단독 - 전도전복,안전운전불이행,결빙,맑음,단일로 - 기타,승용,남,54세,중상,,,,
2013012800100098,2013년 1월 28일 08시,월요일,충청남도 천안시 동남구 신부동,경상사고,0,0,1,0,차대차 - 기타,안전운전불이행,건조,맑음,교차로 - 교차로부근,승용,남,72세,상해없음,화물,남,57세,경상
2013012800100115,2013년 1월 28일 09시,월요일,충청남도 천안시 동남구 신부동,경상사고,0,0,1,0,차대차 - 기타,안전운전불이행,건조,맑음,단일로 - 기타,화물,남,63세,기타불명,승용,남,30세,경상
2013012800100190,2013년 1월 28일 12시,월요일,충청남도 당진시 송악읍,사망사고,1,0,0,0,차대차 - 측면직각충돌,안전운전불이행,건조,맑음,단일로 - 기타,승용,여,32세,사망,건설기계,남,41세,상해없음
2013012800100281,2013년 1월 28일 16시,월요일,충청남도 서산시 지곡면,중상사고,0,1,0,0,차대차 - 측면직각충돌,신호위반,건조,맑음,교차로 - 교차로안,화물,남,43세,상해없음,승용,여,47세,중상
2013012800100282,2013년 1월 28일 16시,월요일,충청남도 서산시 동문동,중상사고,0,1,0,0,차대차 - 측면직각충돌,교차로운행방법위반,건조,맑음,교차로 - 교차로안,원동기,남,81세,중상,화물,남,47세,상해없음
2013012800100304,2013년 1월 28일 17시,월요일,충청남도 보령시 신흑동,경상사고,0,0,1,0,차대차 - 측면직각충돌,안전거리미확보,건조,맑음,단일로 - 기타,승용,여,40세,상해없음,화물,남,50세,경상
2013012800100338,2013년 1월 28일 18시,월요일,충청남도 서산시 동문동,중상사고,0,1,0,0,차대사람 - 횡단중,안전운전불이행,건조,맑음,교차로 - 교차로부근,승용,남,39세,상해없음,보행자,여,68세,중상
2013012800100371,2013년 1월 28일 19시,월요일,충청남도 홍성군 홍성읍,중상사고,0,1,0,0,차대차 - 측면직각충돌,기타,건조,맑음,교차로 - 교차로안,이륜,남,58세,중상,승용,여,30세,상해없음
2013012800100372,2013년 1월 28일 19시,월요일,충청남도 예산군 삽교읍,중상사고,0,1,0,0,차대사람 - 횡단중,보행자보호의무위반,건조,맑음,교차로 - 교차로부근,화물,남,47세,상해없음,보행자,남,69세,중상
2013012800100373,2013년 1월 28일 19시,월요일,충청남도 청양군 정산면,중상사고,0,1,0,0,차대차 - 측면직각충돌,안전운전불이행,건조,맑음,단일로 - 기타,화물,남,58세,상해없음,승용,남,35세,중상
2013012800100399,2013년 1월 28일 20시,월요일,충청남도 태안군 태안읍,경상사고,0,0,1,0,차대차 - 정면충돌,중앙선침범,건조,맑음,교차로 - 교차로부근,승용,남,60세,상해없음,승용,남,57세,경상
2013012800100427,2013년 1월 28일 21시,월요일,충청남도 천안시 동남구 병천면,중상사고,0,1,1,0,차대사람 - 길가장자리구역통행중,안전운전불이행,건조,맑음,단일로 - 기타,승용,남,25세,상해없음,보행자,여,49세,중상
2013012900100122,2013년 1월 29일 08시,화요일,충청남도 당진시 신평면,중상사고,0,1,0,0,차대차 - 측면직각충돌,안전거리미확보,습기,맑음,단일로 - 기타,승합,여,21세,상해없음,건설기계,남,47세,중상
2013012900100194,2013년 1월 29일 12시,화요일,충청남도 천안시 서북구 직산읍,경상사고,0,0,1,0,차대사람 - 횡단중,안전운전불이행,건조,맑음,교차로 - 교차로부근,기타불명,기타불명,기타불명,기타불명,보행자,여,7세,경상
2013012900100218,2013년 1월 29일 13시,화요일,충청남도 아산시 송악면,사망사고,1,0,0,0,차량단독 - 공작물충돌,안전운전불이행,습기,흐림,단일로 - 기타,화물,남,60세,사망,,,,
2013012900100245,2013년 1월 29일 14시,화요일,충청남도 천안시 서북구 백석동,경상사고,0,0,3,0,차대차 - 추돌 - 주정차중,안전운전불이행,건조,맑음,교차로 - 교차로부근,승용,남,25세,상해없음,승용,여,44세,경상
2013012900100246,2013년 1월 29일 14시,화요일,충청남도 천안시 서북구 성거읍,경상사고,0,0,1,0,차대차 - 추돌 - 진행중,안전운전불이행,건조,맑음,단일로 - 기타,승합,여,40세,상해없음,승용,여,66세,경상
2013012900100308,2013년 1월 29일 17시,화요일,충청남도 공주시 신관동,중상사고,0,1,0,0,차대차 - 기타,안전거리미확보,건조,맑음,교차로 - 교차로부근,승용,남,47세,상해없음,승용,남,36세,중상
2013012900100309,2013년 1월 29일 17시,화요일,충청남도 당진시 송악읍,경상사고,0,0,1,0,차대사람 - 기타,안전운전불이행,건조,맑음,단일로 - 기타,승용,남,43세,상해없음,보행자,남,26세,경상
2013012900100341,2013년 1월 29일 18시,화요일,충청남도 아산시 온천동,경상사고,0,0,1,0,차대차 - 측면직각충돌,안전운전불이행,건조,맑음,단일로 - 기타,승용,남,20세,상해없음,승용,남,28세,경상
2013012900100395,2013년 1월 29일 20시,화요일,충청남도 서산시 죽성동,중상사고,0,1,0,0,차대차 - 추돌 - 진행중,안전운전불이행,건조,맑음,단일로 - 기타,승용,남,38세,상해없음,자전거,남,47세,중상
2013012900100420,2013년 1월 29일 21시,화요일,충청남도 태안군 태안읍,중상사고,0,3,1,0,차량단독 - 공작물충돌,안전운전불이행,건조,맑음,단일로 - 기타,승용,남,42세,중상,,,,
2013012900100421,2013년 1월 29일 21시,화요일,충청남도 서산시 부석면,중상사고,0,1,0,0,차량단독 - 도로외이탈 - 추락,안전운전불이행,기타,맑음,단일로 - 기타,승용,남,37세,중상,,,,
2013012900100422,2013년 1월 29일 21시,화요일,충청남도 예산군 예산읍,중상사고,0,2,0,0,차대차 - 측면직각충돌,신호위반,건조,맑음,교차로 - 교차로안,승용,여,46세,상해없음,승용,여,42세,중상
2013012900100423,2013년 1월 29일 21시,화요일,충청남도 예산군 예산읍,경상사고,0,0,1,0,차대차 - 추돌 - 진행중,안전운전불이행,건조,맑음,단일로 - 기타,화물,남,46세,상해없음,승용,남,40세,경상
2013012900100450,2013년 1월 29일 22시,화요일,충청남도 천안시 동남구 목천읍,경상사고,0,0,1,0,차대차 - 추돌 - 주정차중,안전운전불이행,건조,맑음,단일로 - 기타,승용,남,41세,상해없음,승용,남,48세,경상
2013012900100470,2013년 1월 29일 23시,화요일,충청남도 아산시 탕정면,경상사고,0,0,3,0,차대차 - 정면충돌,안전운전불이행,건조,맑음,교차로 - 교차로부근,승용,남,27세,상해없음,승용,남,56세,경상
2013012900100471,2013년 1월 29일 23시,화요일,충청남도 공주시 신관동,경상사고,0,0,1,0,차대차 - 기타,중앙선침범,건조,맑음,교차로 - 교차로부근,승용,여,45세,상해없음,승용,남,35세,경상
2013013000100014,2013년 1월 30일 00시,수요일,충청남도 당진시 송악읍,경상사고,0,0,5,0,차대차 - 추돌 - 주정차중,안전운전불이행,건조,맑음,교차로 - 교차로부근,승용,남,57세,상해없음,승용,남,41세,경상
2013013000100015,2013년 1월 30일 00시,수요일,충청남도 천안시 동남구 신부동,경상사고,0,0,3,0,차대차 - 추돌 - 주정차중,안전운전불이행,건조,맑음,단일로 - 기타,승용,남,34세,상해없음,승용,남,34세,경상
2013013000100044,2013년 1월 30일 02시,수요일,충청남도 천안시 서북구 두정동,경상사고,0,0,1,0,차대사람 - 길가장자리구역통행중,안전운전불이행,건조,맑음,단일로 - 기타,승용,남,19세,기타불명,보행자,남,23세,경상
2013013000100075,2013년 1월 30일 05시,수요일,충청남도 논산시 내동,경상사고,0,0,2,0,차대차 - 측면직각충돌,교차로운행방법위반,건조,맑음,교차로 - 교차로안,승용,여,61세,경상,승용,여,54세,경상
2013013000100087,2013년 1월 30일 06시,수요일,충청남도 당진시 정미면,사망사고,1,0,0,0,차량단독 - 도로외이탈 - 추락,안전운전불이행,습기,흐림,단일로 - 기타,승용,남,50세,사망,,,,
2013013000100110,2013년 1월 30일 07시,수요일,충청남도 서산시 읍내동,중상사고,0,1,0,0,차대사람 - 횡단중,안전운전불이행,건조,맑음,단일로 - 기타,승용,남,61세,상해없음,보행자,여,72세,중상
2013013000100111,2013년 1월 30일 07시,수요일,충청남도 보령시 남곡동,사망사고,2,0,1,0,차량단독 - 전도전복,안전운전불이행,건조,맑음,단일로 - 기타,승용,남,20세,사망,,,,
2013013000100144,2013년 1월 30일 08시,수요일,충청남도 서천군 장항읍,경상사고,0,0,1,0,차대차 - 기타,안전운전불이행,건조,맑음,교차로 - 교차로안,화물,남,36세,상해없음,이륜,남,49세,경상
2013013000100145,2013년 1월 30일 08시,수요일,충청남도 보령시 미산면,사망사고,1,0,0,0,차량단독 - 전도전복,안전운전불이행,습기,맑음,단일로 - 기타,승용,여,55세,사망,,,,
2013013000100165,2013년 1월 30일 09시,수요일,충청남도 홍성군 광천읍,중상사고,0,1,0,0,차대사람 - 횡단중,안전운전불이행,건조,맑음,단일로 - 기타,승용,여,52세,상해없음,보행자,남,88세,중상
2013013000100189,2013년 1월 30일 10시,수요일,충청남도 태안군 원북면,중상사고,0,1,0,0,차량단독 - 공작물충돌,안전운전불이행,건조,맑음,단일로 - 기타,원동기,남,72세,중상,,,,
2013013000100262,2013년 1월 30일 13시,수요일,충청남도 서산시 동문동,경상사고,0,0,2,1,차대차 - 측면직각충돌,직진우회전진행방해,건조,맑음,교차로 - 교차로안,승용,여,44세,부상신고,승용,남,73세,경상
2013013000100304,2013년 1월 30일 15시,수요일,충청남도 부여군 부여읍,중상사고,0,1,0,0,차대사람 - 기타,안전운전불이행,건조,맑음,단일로 - 기타,승용,남,33세,상해없음,보행자,여,75세,중상