사고번호,사고일시,요일,시군구,사고내용,사망자수,중상자수,경상자수,부상신고자수,사고유형,법규위반,노면상태,기상상태,도로형태,가해운전자 차종,가해운전자 성별,가해운전자 연령,가해운전자 상해정도,피해운전자 차종,피해운전자 성별,피해운전자 연령,피해운전자 상해정도
2013013000100328,2013년 1월 30일 16시,수요일,충청남도 천안시 서북구 직산읍,경상사고,0,0,1,0,차대사람 - 기타,안전운전불이행,건조,맑음,기타 - 기타,화물,남,59세,상해없음,보행자,여,35세,경상
2013013000100353,2013년 1월 30일 17시,수요일,충청남도 예산군 삽교읍,경상사고,0,0,1,0,차대차 - 측면직각충돌,직진우회전진행방해,건조,맑음,교차로 - 교차로안,승용,남,57세,상해없음,승용,여,26세,경상
2013013000100394,2013년 1월 30일 18시,수요일,충청남도 아산시 음봉면,중상사고,0,1,0,0,차대차 - 측면직각충돌,안전운전불이행,건조,맑음,단일로 - 기타,승용,남,22세,상해없음,이륜,남,16세,중상
2013013000100395,2013년 1월 30일 18시,수요일,충청남도 천안시 동남구 신부동,경상사고,0,0,1,0,차대차 - 추돌 - 주정차중,안전운전불이행,건조,맑음,단일로 - 기타,승용,남,58세,상해없음,승용,남,41세,경상
2013013000100430,2013년 1월 30일 19시,수요일,충청남도 서산시 성연면,중상사고,0,1,0,0,차대차 - 측면직각충돌,신호위반,건조,맑음,교차로 - 교차로안,승용,남,63세,상해없음,승용,여,45세,중상
2013013000100431,2013년 1월 30일 19시,수요일,충청남도 천안시 서북구 성거읍,사망사고,1,0,0,0,차대사람 - 횡단중,안전운전불이행,건조,맑음,단일로 - 기타,승용,남,51세,상해없음,보행자,여,43세,사망
2013013000100457,2013년 1월 30일 20시,수요일,충청남도 홍성군 광천읍,중상사고,0,1,0,0,차대사람 - 기타,안전운전불이행,건조,맑음,단일로 - 기타,원동기,남,69세,상해없음,보행자,남,58세,중상
2013013000100458,2013년 1월 30일 20시,수요일,충청남도 당진시 송악읍,경상사고,0,0,2,0,차대차 - 추돌 - 진행중,안전운전불이행,건조,맑음,교차로 - 교차로안,승용,여,37세,상해없음,승용,남,30세,경상
2013013000100549,2013년 1월 30일 23시,수요일,충청남도 아산시 음봉면,경상사고,0,0,1,0,차대차 - 추돌 - 주정차중,안전운전불이행,건조,맑음,단일로 - 기타,승용,여,26세,상해없음,화물,남,60세,경상
2013013100100013,2013년 1월 31일 00시,목요일,충청남도 홍성군 홍성읍,경상사고,0,0,1,0,차대사람 - 기타,안전운전불이행,결빙,맑음,단일로 - 기타,승용,남,56세,상해없음,보행자,남,32세,경상
2013013100100072,2013년 1월 31일 06시,목요일,충청남도 아산시 탕정면,경상사고,0,0,3,0,차대차 - 정면충돌,중앙선침범,건조,맑음,교차로 - 교차로부근,승용,남,24세,상해없음,승합,남,52세,경상
2013013100100144,2013년 1월 31일 08시,목요일,충청남도 천안시 서북구 차암동,중상사고,0,1,0,0,차대차 - 정면충돌,중앙선침범,건조,맑음,단일로 - 기타,화물,남,18세,상해없음,승용,남,39세,중상
2013013100100198,2013년 1월 31일 10시,목요일,충청남도 보령시 동대동,중상사고,0,1,3,0,차대차 - 추돌 - 진행중,안전거리미확보,건조,맑음,교차로 - 교차로안,승용,남,47세,상해없음,승용,여,33세,중상
2013013100100199,2013년 1월 31일 10시,목요일,충청남도 부여군 부여읍,중상사고,0,1,0,0,차대사람 - 기타,안전운전불이행,건조,맑음,단일로 - 기타,승용,여,63세,상해없음,보행자,남,74세,중상
2013013100100268,2013년 1월 31일 13시,목요일,충청남도 천안시 서북구 성거읍,중상사고,0,1,0,0,차량단독 - 기타,안전운전불이행,건조,맑음,단일로 - 기타,승합,남,61세,상해없음,,,,
2013013100100269,2013년 1월 31일 13시,목요일,충청남도 천안시 서북구 성환읍,경상사고,0,0,1,0,차대사람 - 기타,안전운전불이행,건조,맑음,단일로 - 기타,승용,남,67세,상해없음,보행자,남,53세,경상
2013013100100270,2013년 1월 31일 13시,목요일,충청남도 부여군 은산면,중상사고,0,2,0,0,차대차 - 기타,중앙선침범,건조,맑음,단일로 - 기타,이륜,남,82세,중상,이륜,남,77세,중상
2013013100100363,2013년 1월 31일 17시,목요일,충청남도 홍성군 홍성읍,중상사고,0,1,0,0,차대차 - 측면직각충돌,신호위반,건조,맑음,교차로 - 교차로안,화물,남,57세,상해없음,승용,남,44세,중상
2013013100100397,2013년 1월 31일 18시,목요일,충청남도 당진시 신평면,경상사고,0,0,1,0,차대사람 - 기타,안전운전불이행,건조,맑음,교차로 - 교차로안,승용,여,42세,상해없음,보행자,남,6세,경상
2013013100100398,2013년 1월 31일 18시,목요일,충청남도 천안시 동남구 삼룡동,경상사고,0,0,3,0,차대차 - 추돌 - 주정차중,안전운전불이행,건조,맑음,교차로 - 교차로부근,화물,남,48세,상해없음,승용,여,36세,경상
2013013100100458,2013년 1월 31일 20시,목요일,충청남도 서천군 서천읍,경상사고,0,0,2,0,차대차 - 기타,직진우회전진행방해,건조,맑음,교차로 - 교차로안,승용,남,57세,상해없음,승용,여,24세,경상
2013013100100459,2013년 1월 31일 20시,목요일,충청남도 보령시 대천동,경상사고,0,0,3,0,차대차 - 측면직각충돌,직진우회전진행방해,건조,맑음,교차로 - 교차로안,승용,남,18세,상해없음,승용,남,26세,경상
2013013100100460,2013년 1월 31일 20시,목요일,충청남도 천안시 동남구 청당동,경상사고,0,0,1,0,차대사람 - 횡단중,안전운전불이행,건조,맑음,단일로 - 기타,승용,남,66세,상해없음,보행자,남,14세,경상
2013013100100490,2013년 1월 31일 21시,목요일,충청남도 논산시 강경읍,경상사고,0,0,1,0,차대차 - 기타,안전운전불이행,건조,맑음,단일로 - 기타,화물,남,42세,상해없음,승용,여,39세,경상
2013013100100525,2013년 1월 31일 22시,목요일,충청남도 논산시 채운면,중상사고,0,1,0,0,차대차 - 정면충돌,중앙선침범,습기,비,단일로 - 기타,화물,남,34세,기타불명,승용,여,50세,중상
2013020100100036,2013년 2월 1일 01시,금요일,충청남도 당진시 합덕읍,중상사고,0,1,0,0,차대차 - 측면직각충돌,교차로운행방법위반,건조,맑음,교차로 - 교차로안,승용,기타불명,기타불명,기타불명,승용,남,48세,상해없음
2013020100100074,2013년 2월 1일 03시,금요일,충청남도 천안시 서북구 성정동,경상사고,0,0,3,0,차대차 - 기타,안전운전불이행,습기,비,교차로 - 교차로부근,승용,남,25세,상해없음,승용,남,45세,경상
2013020100100126,2013년 2월 1일 06시,금요일,충청남도 천안시 동남구 신방동,중상사고,0,1,0,0,차대사람 - 보도통행중,안전운전불이행,습기,비,교차로 - 교차로안,승용,남,47세,상해없음,보행자,여,44세,중상
2013020100100155,2013년 2월 1일 07시,금요일,충청남도 예산군 예산읍,중상사고,0,1,0,0,차대차 - 측면직각충돌,신호위반,습기,비,교차로 - 교차로안,승용,남,54세,상해없음,승용,남,45세,중상
2013020100100214,2013년 2월 1일 09시,금요일,충청남도 예산군 예산읍,중상사고,0,1,0,0,차대사람 - 횡단중,보행자보호의무위반,습기,비,단일로 - 기타,승용,남,78세,상해없음,보행자,여,66세,중상
2013020100100233,2013년 2월 1일 10시,금요일,충청남도 홍성군 은하면,중상사고,0,1,0,0,차대차 - 정면충돌,중앙선침범,습기,비,단일로 - 기타,화물,남,54세,상해없음,승용,여,42세,중상
2013020100100235,2013년 2월 1일 10시,금요일,충청남도 당진시 용연리,중상사고,0,1,0,0,차대차 - 정면충돌,중앙선침범,습기,비,단일로 - 기타,화물,남,22세,상해없음,화물,남,37세,중상
2013020100100321,2013년 2월 1일 14시,금요일,충청남도 계룡시 금암동,중상사고,0,1,0,0,차대차 - 측면직각충돌,차로위반,습기,비,단일로 - 기타,승합,남,45세,상해없음,승합,남,43세,중상
2013020100100338,2013년 2월 1일 15시,금요일,충청남도 예산군 응봉면,경상사고,0,0,1,0,차대차 - 측면직각충돌,불법유턴,습기,흐림,단일로 - 기타,화물,남,59세,상해없음,승용,여,60세,경상
2013020100100367,2013년 2월 1일 16시,금요일,충청남도 아산시 염치읍,사망사고,1,0,1,0,차대차 - 정면충돌,중앙선침범,습기,비,단일로 - 기타,화물,남,63세,사망,화물,남,45세,경상
2013020100100388,2013년 2월 1일 17시,금요일,충청남도 홍성군 홍성읍,경상사고,0,0,1,0,차대차 - 추돌 - 주정차중,안전운전불이행,습기,비,단일로 - 기타,승합,여,60세,상해없음,승용,남,54세,기타불명
2013020100100423,2013년 2월 1일 18시,금요일,충청남도 당진시 송악읍,경상사고,0,0,1,0,차대차 - 추돌 - 주정차중,안전운전불이행,건조,맑음,교차로 - 교차로부근,화물,남,44세,상해없음,승용,남,46세,경상
2013020100100473,2013년 2월 1일 19시,금요일,충청남도 천안시 서북구 성정동,경상사고,0,0,2,0,차대차 - 추돌 - 주정차중,안전운전불이행,건조,맑음,교차로 - 교차로부근,승용,기타불명,기타불명,기타불명,승용,여,40세,경상
2013020100100474,2013년 2월 1일 19시,금요일,충청남도 아산시 신창면,중상사고,0,1,0,0,차대사람 - 기타,안전운전불이행,습기,비,교차로 - 교차로안,승용,남,26세,상해없음,보행자,여,52세,중상
2013020100100475,2013년 2월 1일 19시,금요일,충청남도 천안시 동남구 광덕면,경상사고,0,0,1,0,차대차 - 기타,신호위반,습기,흐림,교차로 - 교차로안,화물,남,69세,상해없음,승용,여,38세,경상
2013020100100509,2013년 2월 1일 20시,금요일,충청남도 천안시 서북구 백석동,중상사고,0,1,1,0,차대사람 - 횡단중,안전운전불이행,건조,맑음,단일로 - 기타,승용,남,60세,상해없음,보행자,남,14세,경상
2013020100100542,2013년 2월 1일 21시,금요일,충청남도 당진시 수청리,경상사고,0,0,3,0,차대차 - 추돌 - 진행중,안전운전불이행,건조,맑음,교차로 - 교차로부근,승용,남,30세,상해없음,승용,남,32세,경상
2013020100100574,2013년 2월 1일 22시,금요일,충청남도 공주시 사곡면,사망사고,1,0,0,0,차대사람 - 기타,안전운전불이행,건조,맑음,단일로 - 기타,승합,남,37세,상해없음,보행자,남,53세,사망
2013020100100576,2013년 2월 1일 22시,금요일,충청남도 보령시 천북면,경상사고,0,0,1,0,차대차 - 추돌 - 진행중,안전운전불이행,습기,흐림,단일로 - 기타,승용,남,41세,상해없음,화물,남,42세,경상
2013020100100614,2013년 2월 1일 23시,금요일,충청남도 당진시 합덕읍,중상사고,0,1,0,0,차대사람 - 차도통행중,안전운전불이행,습기,흐림,단일로 - 기타,승용,여,28세,상해없음,보행자,여,50세,중상
2013020200100017,2013년 2월 2일 00시,토요일,충청남도 천안시 서북구 두정동,경상사고,0,0,1,0,차대차 - 측면직각충돌,안전운전불이행,건조,맑음,단일로 - 기타,승용,남,21세,상해없음,승용,남,34세,경상
2013020200100018,2013년 2월 2일 00시,토요일,충청남도 천안시 동남구 성황동,중상사고,0,1,1,0,차대차 - 측면직각충돌,중앙선침범,건조,맑음,단일로 - 기타,승용,남,61세,상해없음,승용,여,35세,경상
2013020200100045,2013년 2월 2일 01시,토요일,충청남도 천안시 서북구 두정동,중상사고,0,2,1,0,차대차 - 측면직각충돌,신호위반,건조,흐림,교차로 - 교차로안,승용,남,30세,상해없음,승용,남,44세,중상
2013020200100082,2013년 2월 2일 03시,토요일,충청남도 서산시 해미면,사망사고,1,1,0,0,차량단독 - 공작물충돌,안전운전불이행,건조,맑음,단일로 - 기타,화물,남,21세,상해없음,,,,
2013020200100083,2013년 2월 2일 03시,토요일,충청남도 서산시 읍내동,경상사고,0,0,1,0,차대차 - 기타,안전운전불이행,건조,맑음,단일로 - 기타,승용,남,33세,경상,승용,남,33세,상해없음
2013020200100208,2013년 2월 2일 10시,토요일,충청남도 천안시 동남구 신부동,경상사고,0,0,1,0,차대차 - 기타,안전운전불이행,건조,맑음,교차로 - 교차로부근,화물,남,50세,상해없음,승용,여,21세,경상
2013020200100265,2013년 2월 2일 12시,토요일,충청남도 보령시 청라면,중상사고,0,1,2,0,차대차 - 측면직각충돌,안전운전불이행,건조,맑음,단일로 - 기타,승합,여,43세,경상,승용,남,64세,경상
2013020200100292,2013년 2월 2일 13시,토요일,충청남도 천안시 서북구 직산읍,중상사고,0,1,0,0,차대차 - 측면직각충돌,교차로운행방법위반,건조,맑음,교차로 - 교차로부근,승용,여,43세,상해없음,이륜,남,34세,중상
2013020200100321,2013년 2월 2일 14시,토요일,충청남도 청양군 청양읍,중상사고,0,1,0,0,차대차 - 측면직각충돌,안전운전불이행,건조,맑음,교차로 - 교차로부근,화물,남,44세,상해없음,이륜,남,61세,중상
2013020200100337,2013년 2월 2일 15시,토요일,충청남도 서산시 수석동,경상사고,0,0,1,0,차대차 - 추돌 - 진행중,안전운전불이행,건조,맑음,단일로 - 기타,화물,남,62세,상해없음,승용,남,40세,경상
2013020200100338,2013년 2월 2일 15시,토요일,충청남도 서산시 읍내동,경상사고,0,0,1,0,차대차 - 측면직각충돌,교차로운행방법위반,건조,맑음,교차로 - 교차로안,화물,남,43세,상해없음,승용,남,24세,경상
2013020200100339,2013년 2월 2일 15시,토요일,충청남도 보령시 웅천읍,경상사고,0,0,1,0,차량단독 - 공작물충돌,안전운전불이행,건조,맑음,단일로 - 기타,승용,남,39세,상해없음,,,,
2013020200100362,2013년 2월 2일 16시,토요일,충청남도 논산시 취암동,중상사고,0,1,0,0,차대차 - 측면직각충돌,교차로운행방법위반,건조,맑음,교차로 - 교차로안,승용,여,47세,상해없음,자전거,남,43세,중상
2013020200100385,2013년 2월 2일 17시,토요일,충청남도 논산시 취암동,중상사고,0,1,0,0,차대차 - 측면직각충돌,안전운전불이행,건조,맑음,단일로 - 기타,승용,남,24세,상해없음,이륜,남,16세,중상
2013020200100486,2013년 2월 2일 20시,토요일,충청남도 천안시 서북구 성정동,중상사고,0,1,0,0,차대차 - 측면직각충돌,중앙선침범,건조,맑음,단일로 - 기타,승용,남,40세,상해없음,원동기,남,44세,중상
2013020200100512,2013년 2월 2일 21시,토요일,충청남도 계룡시 엄사면,경상사고,0,0,1,0,차대차 - 추돌 - 주정차중,안전운전불이행,건조,맑음,교차로 - 교차로부근,화물,남,43세,상해없음,승용,남,35세,경상
2013020200100538,2013년 2월 2일 22시,토요일,충청남도 서산시 읍내동,중상사고,0,1,0,0,차대차 - 추돌 - 진행중,안전운전불이행,건조,맑음,교차로 - 교차로부근,승용,남,37세,상해없음,승용,남,22세,중상
2013020300100054,2013년 2월 3일 03시,일요일,충청남도 천안시 동남구 신부동,사망사고,1,1,0,0,차량단독 - 전도전복,안전운전불이행,건조,맑음,단일로 - 교량,승용,남,27세,중상,,,,
2013020300100081,2013년 2월 3일 05시,일요일,충청남도 당진시 합덕읍,경상사고,0,0,2,0,차대차 - 추돌 - 진행중,안전거리미확보,건조,맑음,단일로 - 기타,승합,남,23세,상해없음,승용,남,19세,경상
2013020300100129,2013년 2월 3일 09시,일요일,충청남도 홍성군 금마면,중상사고,0,1,0,0,차대차 - 측면직각충돌,신호위반,건조,맑음,교차로 - 교차로안,승용,남,69세,상해없음,화물,남,62세,중상
2013020300100148,2013년 2월 3일 10시,일요일,충청남도 천안시 동남구 원성동,경상사고,0,0,3,0,차대차 - 측면직각충돌,신호위반,건조,맑음,교차로 - 교차로안,승용,남,47세,상해없음,승용,남,34세,경상
2013020300100167,2013년 2월 3일 11시,일요일,충청남도 보령시 명천동,중상사고,0,2,1,0,차대차 - 측면직각충돌,직진우회전진행방해,건조,맑음,교차로 - 교차로안,승용,남,53세,경상,승용,남,65세,중상
2013020300100168,2013년 2월 3일 11시,일요일,충청남도 공주시 반포면,경상사고,0,0,5,0,차대차 - 측면직각충돌,안전운전불이행,건조,맑음,단일로 - 기타,승용,여,40세,경상,승용,남,63세,경상
2013020300100207,2013년 2월 3일 13시,일요일,충청남도 천안시 동남구 신부동,경상사고,0,0,1,0,차대차 - 측면직각충돌,차로위반,건조,맑음,교차로 - 교차로부근,승용,여,45세,상해없음,이륜,남,27세,경상
2013020300100225,2013년 2월 3일 14시,일요일,충청남도 천안시 서북구 두정동,경상사고,0,0,2,0,차대사람 - 횡단중,보행자보호의무위반,건조,맑음,단일로 - 횡단보도상,승용,여,41세,상해없음,보행자,여,29세,경상
2013020300100249,2013년 2월 3일 15시,일요일,충청남도 논산시 부창동,중상사고,0,1,1,0,차대차 - 측면직각충돌,안전운전불이행,건조,맑음,단일로 - 기타,승용,남,54세,상해없음,승용,남,56세,중상
2013020300100279,2013년 2월 3일 16시,일요일,충청남도 보령시 명천동,경상사고,0,0,1,0,차대차 - 측면직각충돌,불법유턴,건조,흐림,단일로 - 기타,승용,남,73세,상해없음,화물,여,47세,경상
2013020300100322,2013년 2월 3일 17시,일요일,충청남도 천안시 동남구 신방동,경상사고,0,0,2,0,차대차 - 측면직각충돌,중앙선침범,건조,맑음,교차로 - 교차로부근,승용,남,50세,상해없음,승합,남,49세,경상
2013020300100352,2013년 2월 3일 18시,일요일,충청남도 보령시 궁촌동,중상사고,0,2,0,0,차대차 - 측면직각충돌,신호위반,건조,맑음,교차로 - 교차로안,승용,남,22세,상해없음,승용,남,45세,중상
2013020300100387,2013년 2월 3일 19시,일요일,충청남도 공주시 우성면,중상사고,0,4,1,0,차대차 - 정면충돌,중앙선침범,건조,맑음,단일로 - 기타,화물,남,66세,기타불명,승용,남,38세,중상
2013020300100388,2013년 2월 3일 19시,일요일,충청남도 천안시 동남구 신부동,경상사고,0,0,5,0,차대차 - 측면직각충돌,안전운전불이행,건조,맑음,단일로 - 기타,승용,여,21세,경상,승용,여,25세,경상
2013020300100463,2013년 2월 3일 21시,일요일,충청남도 서산시 잠홍동,중상사고,0,1,0,0,차대차 - 측면직각충돌,안전운전불이행,적설,눈,교차로 - 교차로안,화물,남,36세,상해없음,승용,남,51세,중상
2013020300100464,2013년 2월 3일 21시,일요일,충청남도 천안시 서북구 입장면,경상사고,0,0,1,0,차대차 - 기타,안전운전불이행,결빙,눈,단일로 - 기타,기타불명,기타불명,기타불명,기타불명,승용,남,29세,경상
2013020300100500,2013년 2월 3일 22시,일요일,충청남도 공주시 반포면,경상사고,0,0,1,0,차대차 - 추돌 - 주정차중,안전운전불이행,결빙,눈,단일로 - 기타,승용,남,46세,상해없음,승용,남,29세,경상
2013020300100539,2013년 2월 3일 23시,일요일,충청남도 천안시 동남구 청당동,경상사고,0,0,2,0,차대차 - 측면직각충돌,안전운전불이행,결빙,눈,교차로 - 교차로부근,승용,여,46세,상해없음,승용,여,45세,경상
2013020400100014,2013년 2월 4일 00시,월요일,충청남도 부여군 구룡면,경상사고,0,0,1,0,차대차 - 추돌 - 진행중,안전운전불이행,적설,눈,단일로 - 기타,승용,남,47세,상해없음,화물,남,30세,경상
2013020400100038,2013년 2월 4일 01시,월요일,충청남도 예산군 예산읍,중상사고,0,2,0,0,차량단독 - 공작물충돌,안전운전불이행,적설,눈,교차로 - 교차로부근,승용,남,35세,중상,,,,
2013020400100051,2013년 2월 4일 02시,월요일,충청남도 공주시 월송동,경상사고,0,0,1,0,차량단독 - 기타,안전운전불이행,적설,눈,단일로 - 교량,승용,남,41세,상해없음,,,,
2013020400100101,2013년 2월 4일 06시,월요일,충청남도 논산시 연산면,중상사고,0,1,1,0,차대차 - 측면직각충돌,신호위반,습기,비,교차로 - 교차로안,화물,여,45세,중상,화물,남,44세,경상
2013020400100117,2013년 2월 4일 07시,월요일,충청남도 공주시 이인면,중상사고,0,1,0,0,차대차 - 추돌 - 진행중,안전운전불이행,결빙,맑음,단일로 - 기타,승용,남,42세,중상,승용,여,33세,기타불명
2013020400100145,2013년 2월 4일 08시,월요일,충청남도 서산시 음암면,경상사고,0,0,3,0,차대차 - 정면충돌,중앙선침범,적설,눈,단일로 - 기타,승용,남,28세,상해없음,승합,남,45세,경상
2013020400100146,2013년 2월 4일 08시,월요일,충청남도 보령시 천북면,중상사고,0,1,0,0,차량단독 - 공작물충돌,안전운전불이행,결빙,맑음,단일로 - 기타,화물,남,49세,중상,,,,
2013020400100147,2013년 2월 4일 08시,월요일,충청남도 공주시 이인면,경상사고,0,0,2,0,차량단독 - 공작물충돌,안전운전불이행,결빙,흐림,단일로 - 기타,승합,남,55세,상해없음,,,,
2013020400100175,2013년 2월 4일 09시,월요일,충청남도 논산시 취암동,경상사고,0,0,3,0,차대차 - 측면직각충돌,교차로운행방법위반,건조,맑음,교차로 - 교차로안,승용,남,52세,경상,승용,여,62세,경상
2013020400100215,2013년 2월 4일 11시,월요일,충청남도 태안군 태안읍,중상사고,0,1,0,0,차대사람 - 횡단중,안전운전불이행,건조,맑음,교차로 - 교차로안,승용,여,40세,상해없음,보행자,여,68세,중상
2013020400100233,2013년 2월 4일 12시,월요일,충청남도 금산군 추부면,경상사고,0,0,1,0,차대사람 - 횡단중,보행자보호의무위반,습기,흐림,단일로 - 횡단보도상,기타불명,기타불명,기타불명,기타불명,보행자,여,20세,경상
2013020400100291,2013년 2월 4일 14시,월요일,충청남도 서천군 한산면,경상사고,0,0,1,0,차대사람 - 기타,안전운전불이행,건조,맑음,단일로 - 기타,승용,여,59세,상해없음,보행자,여,48세,경상
2013020400100416,2013년 2월 4일 19시,월요일,충청남도 당진시 채운동,중상사고,0,1,0,0,차대차 - 추돌 - 주정차중,안전운전불이행,건조,맑음,단일로 - 기타,화물,남,41세,상해없음,승합,남,48세,상해없음
2013020500100024,2013년 2월 5일 01시,화요일,충청남도 천안시 서북구 성환읍,경상사고,0,0,1,0,차대사람 - 기타,안전운전불이행,건조,맑음,교차로 - 교차로부근,승용,남,55세,상해없음,보행자,남,45세,경상
2013020500100036,2013년 2월 5일 02시,화요일,충청남도 예산군 예산읍,중상사고,0,1,0,0,차대차 - 추돌 - 주정차중,안전운전불이행,건조,맑음,교차로 - 교차로부근,화물,남,65세,상해없음,화물,남,50세,중상
2013020500100063,2013년 2월 5일 05시,화요일,충청남도 천안시 동남구 원성동,중상사고,0,1,0,0,차대사람 - 횡단중,안전운전불이행,건조,맑음,단일로 - 횡단보도상,승용,여,47세,상해없음,보행자,여,74세,중상
2013020500100077,2013년 2월 5일 06시,화요일,충청남도 논산시 연무읍,경상사고,0,0,1,0,차대차 - 측면직각충돌,신호위반,건조,맑음,교차로 - 교차로안,화물,남,49세,상해없음,승용,여,43세,경상
2013020500100100,2013년 2월 5일 07시,화요일,충청남도 홍성군 홍성읍,경상사고,0,0,1,0,차대차 - 기타,교차로운행방법위반,건조,흐림,교차로 - 교차로안,승용,남,52세,상해없음,승용,남,49세,경상
2013020500100125,2013년 2월 5일 08시,화요일,충청남도 천안시 서북구 성환읍,경상사고,0,0,1,0,차대차 - 기타,안전운전불이행,결빙,맑음,단일로 - 기타,승용,남,55세,상해없음,승용,남,40세,경상
2013020500100216,2013년 2월 5일 12시,화요일,충청남도 보령시 신흑동,중상사고,0,1,0,0,차대차 - 기타,안전운전불이행,건조,흐림,단일로 - 기타,화물,남,31세,상해없음,이륜,여,53세,중상
2013020500100301,2013년 2월 5일 16시,화요일,충청남도 보령시 동대동,중상사고,0,1,0,0,차대차 - 측면직각충돌,직진우회전진행방해,건조,맑음,교차로 - 교차로안,화물,남,38세,상해없음,이륜,남,73세,중상
2013020500100330,2013년 2월 5일 17시,화요일,충청남도 당진시 신평면,중상사고,0,1,0,0,차대사람 - 횡단중,보행자보호의무위반,습기,비,단일로 - 기타,승합,남,38세,상해없음,보행자,남,10세,중상
2013020500100455,2013년 2월 5일 20시,화요일,충청남도 당진시 송산면,경상사고,0,0,1,0,차대차 - 정면충돌,안전운전불이행,적설,눈,단일로 - 기타,승용,남,47세,상해없음,승용,남,27세,경상
2013020500100456,2013년 2월 5일 20시,화요일,충청남도 당진시 채운동,경상사고,0,0,1,0,차대사람 - 길가장자리구역통행중,안전운전불이행,적설,눈,단일로 - 기타,승용,남,51세,상해없음,보행자,여,38세,경상
2013020500100457,2013년 2월 5일 20시,화요일,충청남도 천안시 동남구 성황동,경상사고,0,0,1,0,차대차 - 측면직각충돌,교차로운행방법위반,건조,맑음,교차로 - 교차로안,승용,남,52세,상해없음,승용,남,46세,경상
2013020500100485,2013년 2월 5일 21시,화요일,충청남도 아산시 풍기동,중상사고,0,1,3,0,차대차 - 측면직각충돌,교차로운행방법위반,습기,비,교차로 - 교차로부근,승용,남,46세,상해없음,승용,남,29세,경상
2013020500100486,2013년 2월 5일 21시,화요일,충청남도 천안시 동남구 목천읍,경상사고,0,0,2,0,차대차 - 측면직각충돌,중앙선침범,습기,비,단일로 - 기타,승용,남,49세,상해없음,승합,남,67세,경상
2013020500100561,2013년 2월 5일 23시,화요일,충청남도 태안군 남면,중상사고,0,1,0,0,차량단독 - 공작물충돌,안전운전불이행,적설,눈,단일로 - 기타,승용,남,47세,상해없음,,,,
2013020600100019,2013년 2월 6일 00시,수요일,충청남도 논산시 강산동,경상사고,0,0,1,0,차대차 - 측면직각충돌,교차로운행방법위반,습기,눈,교차로 - 교차로안,승용,남,33세,상해없음,이륜,남,19세,경상
2013020600100020,2013년 2월 6일 00시,수요일,충청남도 당진시 송산면,중상사고,0,1,0,0,차대차 - 정면충돌,안전운전불이행,적설,눈,단일로 - 기타,승용,남,47세,상해없음,승용,여,44세,중상
2013020600100021,2013년 2월 6일 00시,수요일,충청남도 당진시 읍내리,중상사고,0,1,0,0,차대차 - 정면충돌,안전운전불이행,적설,눈,단일로 - 기타,승용,남,42세,상해없음,승용,남,48세,중상
2013020600100146,2013년 2월 6일 08시,수요일,충청남도 천안시 서북구 성정동,중상사고,0,2,1,0,차대차 - 정면충돌,중앙선침범,결빙,맑음,단일로 - 교량,화물,남,27세,경상,승용,여,43세,중상
2013020600100180,2013년 2월 6일 09시,수요일,충청남도 공주시 계룡면,사망사고,1,0,0,0,차대차 - 정면충돌,안전운전불이행,습기,흐림,단일로 - 기타,원동기,남,49세,사망,승합,남,45세,상해없음
2013020600100199,2013년 2월 6일 10시,수요일,충청남도 천안시 서북구 두정동,경상사고,0,0,2,0,차대차 - 기타,안전운전불이행,건조,맑음,단일로 - 터널,승용,남,55세,상해없음,승용,여,46세,경상
2013020600100231,2013년 2월 6일 11시,수요일,충청남도 천안시 서북구 쌍용동,경상사고,0,0,1,0,차대차 - 기타,안전운전불이행,기타,맑음,단일로 - 기타,화물,남,58세,상해없음,승용,여,42세,경상
2013020600100309,2013년 2월 6일 14시,수요일,충청남도 서산시 대산읍,경상사고,0,0,1,0,차대차 - 기타,안전운전불이행,습기,흐림,교차로 - 교차로부근,건설기계,남,51세,상해없음,승용,남,53세,경상
2013020600100374,2013년 2월 6일 17시,수요일,충청남도 태안군 소원면,경상사고,0,0,1,0,차대차 - 추돌 - 주정차중,안전운전불이행,건조,맑음,단일로 - 기타,화물,남,31세,상해없음,승용,여,56세,경상
2013020600100400,2013년 2월 6일 18시,수요일,충청남도 홍성군 홍성읍,중상사고,0,1,0,0,차대사람 - 횡단중,안전운전불이행,건조,맑음,교차로 - 교차로안,승용,여,41세,상해없음,보행자,남,61세,중상
2013020600100401,2013년 2월 6일 18시,수요일,충청남도 공주시 정안면,사망사고,1,0,0,0,차대사람 - 횡단중,신호위반,건조,맑음,교차로 - 교차로안,화물,남,63세,상해없음,보행자,남,74세,사망
2013020600100439,2013년 2월 6일 19시,수요일,충청남도 천안시 동남구 청수동,경상사고,0,0,2,0,차대차 - 추돌 - 주정차중,안전거리미확보,건조,맑음,교차로 - 교차로부근,승용,남,43세,상해없음,승용,남,29세,경상
2013020600100499,2013년 2월 6일 21시,수요일,충청남도 천안시 서북구 쌍용동,중상사고,0,1,0,0,차대사람 - 기타,안전운전불이행,건조,기타,단일로 - 기타,승용,남,51세,상해없음,보행자,남,46세,중상
2013020600100500,2013년 2월 6일 21시,수요일,충청남도 아산시 배방읍,사망사고,1,1,0,0,차대차 - 정면충돌,신호위반,건조,맑음,교차로 - 교차로안,승용,남,53세,기타불명,승용,여,37세,사망