사고번호,사고일시,요일,시군구,사고내용,사망자수,중상자수,경상자수,부상신고자수,사고유형,법규위반,노면상태,기상상태,도로형태,가해운전자 차종,가해운전자 성별,가해운전자 연령,가해운전자 상해정도,피해운전자 차종,피해운전자 성별,피해운전자 연령,피해운전자 상해정도
2013020700100032,2013년 2월 7일 01시,목요일,충청남도 천안시 동남구 신방동,경상사고,0,0,1,0,차대차 - 추돌 - 주정차중,기타,건조,맑음,교차로 - 교차로부근,승용,남,36세,상해없음,승용,남,56세,경상
2013020700100082,2013년 2월 7일 06시,목요일,충청남도 천안시 서북구 성정동,중상사고,0,2,1,0,차대차 - 정면충돌,중앙선침범,결빙,맑음,교차로 - 교차로부근,승용,남,44세,상해없음,승합,남,31세,경상
2013020700100137,2013년 2월 7일 09시,목요일,충청남도 태안군 태안읍,중상사고,0,1,0,0,차대차 - 정면충돌,중앙선침범,건조,맑음,교차로 - 교차로부근,승용,남,49세,상해없음,원동기,남,72세,중상
2013020700100180,2013년 2월 7일 11시,목요일,충청남도 공주시 계룡면,중상사고,0,1,0,0,차대차 - 정면충돌,안전운전불이행,결빙,맑음,단일로 - 기타,승용,여,53세,상해없음,화물,남,65세,중상
2013020700100194,2013년 2월 7일 12시,목요일,충청남도 보령시 신흑동,경상사고,0,0,1,0,차대사람 - 기타,불법유턴,건조,맑음,교차로 - 교차로부근,화물,여,43세,상해없음,보행자,남,56세,경상
2013020700100223,2013년 2월 7일 13시,목요일,충청남도 천안시 서북구 성정동,경상사고,0,0,1,0,차대사람 - 기타,안전운전불이행,건조,맑음,기타 - 기타,승용,남,61세,상해없음,보행자,남,33세,경상
2013020700100336,2013년 2월 7일 17시,목요일,충청남도 천안시 서북구 쌍용동,경상사고,0,0,1,0,차대차 - 기타,신호위반,건조,맑음,기타 - 기타,승용,남,22세,상해없음,승용,남,63세,경상
2013020700100474,2013년 2월 7일 21시,목요일,충청남도 천안시 서북구 쌍용동,중상사고,0,2,0,0,차대차 - 기타,중앙선침범,건조,맑음,교차로 - 교차로부근,승용,남,35세,상해없음,승용,남,36세,중상
2013020700100512,2013년 2월 7일 22시,목요일,충청남도 천안시 서북구 두정동,중상사고,0,1,0,0,차대사람 - 기타,안전운전불이행,건조,맑음,단일로 - 기타,승용,여,22세,상해없음,보행자,남,37세,중상
2013020700100513,2013년 2월 7일 22시,목요일,충청남도 당진시 송악읍,경상사고,0,0,1,0,차대차 - 추돌 - 주정차중,안전운전불이행,적설,눈,단일로 - 기타,화물,남,52세,상해없음,승용,여,44세,경상
2013020700100514,2013년 2월 7일 22시,목요일,충청남도 천안시 동남구 목천읍,경상사고,0,0,1,0,차대차 - 추돌 - 진행중,안전운전불이행,건조,맑음,단일로 - 기타,화물,남,47세,상해없음,승용,여,42세,경상
2013020700100547,2013년 2월 7일 23시,목요일,충청남도 공주시 탄천면,사망사고,1,0,0,0,차량단독 - 도로외이탈 - 추락,안전운전불이행,기타,기타,교차로 - 교차로부근,승용,남,49세,사망,,,,
2013020800100031,2013년 2월 8일 01시,금요일,충청남도 당진시 신평면,경상사고,0,0,3,0,차대차 - 측면직각충돌,안전운전불이행,건조,맑음,단일로 - 기타,승용,남,27세,상해없음,승용,남,31세,경상
2013020800100032,2013년 2월 8일 01시,금요일,충청남도 천안시 동남구 구성동,중상사고,0,1,0,0,차대차 - 측면직각충돌,안전운전불이행,건조,맑음,단일로 - 기타,승용,남,47세,상해없음,특수,남,37세,중상
2013020800100188,2013년 2월 8일 11시,금요일,충청남도 천안시 서북구 백석동,중상사고,0,1,1,0,차대차 - 측면직각충돌,교차로운행방법위반,건조,맑음,교차로 - 교차로안,승용,여,25세,상해없음,승용,여,33세,경상
2013020800100189,2013년 2월 8일 11시,금요일,충청남도 천안시 서북구 성환읍,중상사고,0,1,0,0,차대사람 - 기타,안전운전불이행,건조,맑음,단일로 - 기타,승용,여,47세,상해없음,보행자,여,52세,중상
2013020800100190,2013년 2월 8일 11시,금요일,충청남도 보령시 내항동,중상사고,0,1,2,0,차대차 - 추돌 - 주정차중,안전거리미확보,건조,맑음,교차로 - 교차로부근,승용,여,46세,경상,승용,남,43세,중상
2013020800100210,2013년 2월 8일 12시,금요일,충청남도 공주시 반포면,중상사고,0,2,3,0,차대차 - 추돌 - 진행중,차로위반,건조,맑음,단일로 - 교량,승용,여,47세,상해없음,승용,남,63세,중상
2013020800100272,2013년 2월 8일 14시,금요일,충청남도 보령시 대천동,경상사고,0,0,1,0,차대사람 - 횡단중,신호위반,건조,맑음,단일로 - 횡단보도상,승용,여,40세,상해없음,보행자,남,10세,경상
2013020800100308,2013년 2월 8일 15시,금요일,충청남도 태안군 태안읍,중상사고,0,1,0,0,차대사람 - 횡단중,안전운전불이행,건조,맑음,단일로 - 기타,승용,남,59세,상해없음,보행자,여,71세,중상
2013020800100365,2013년 2월 8일 17시,금요일,충청남도 천안시 서북구 두정동,경상사고,0,0,1,0,차대차 - 기타,교차로운행방법위반,건조,맑음,교차로 - 교차로안,승용,남,53세,상해없음,원동기,남,29세,경상
2013020800100403,2013년 2월 8일 18시,금요일,충청남도 태안군 안면읍,중상사고,0,1,0,0,차대사람 - 차도통행중,안전운전불이행,건조,맑음,교차로 - 교차로부근,화물,남,43세,상해없음,보행자,남,45세,중상
2013020800100404,2013년 2월 8일 18시,금요일,충청남도 천안시 동남구 청수동,경상사고,0,0,1,0,차대차 - 기타,안전운전불이행,건조,맑음,단일로 - 기타,승용,남,58세,상해없음,승용,여,76세,경상
2013020800100455,2013년 2월 8일 19시,금요일,충청남도 예산군 예산읍,경상사고,0,0,2,0,차대차 - 측면직각충돌,신호위반,건조,맑음,교차로 - 교차로안,승용,여,25세,상해없음,승용,여,29세,경상
2013020800100495,2013년 2월 8일 20시,금요일,충청남도 보령시 웅천읍,경상사고,0,0,2,0,차대차 - 추돌 - 진행중,안전운전불이행,건조,맑음,단일로 - 기타,승용,남,25세,상해없음,화물,남,51세,경상
2013020800100535,2013년 2월 8일 21시,금요일,충청남도 논산시 취암동,경상사고,0,0,1,0,차대차 - 측면직각충돌,안전운전불이행,건조,맑음,교차로 - 교차로안,승용,남,45세,상해없음,화물,남,47세,경상
2013020800100592,2013년 2월 8일 23시,금요일,충청남도 서산시 읍내동,경상사고,0,0,1,0,차대차 - 측면직각충돌,안전운전불이행,건조,맑음,교차로 - 교차로부근,승용,남,31세,상해없음,승용,남,37세,경상
2013020800100593,2013년 2월 8일 23시,금요일,충청남도 당진시 신평면,중상사고,0,1,2,0,차대차 - 추돌 - 주정차중,안전운전불이행,건조,맑음,단일로 - 기타,승용,남,36세,상해없음,승용,남,26세,중상
2013020900100061,2013년 2월 9일 02시,토요일,충청남도 아산시 온천동,경상사고,0,0,1,0,차대차 - 측면직각충돌,신호위반,건조,맑음,교차로 - 교차로안,원동기,남,17세,경상,승합,남,38세,상해없음
2013020900100062,2013년 2월 9일 02시,토요일,충청남도 천안시 동남구 신부동,경상사고,0,0,1,0,차대차 - 추돌 - 주정차중,안전운전불이행,건조,맑음,교차로 - 교차로부근,화물,남,45세,상해없음,승용,남,37세,경상
2013020900100090,2013년 2월 9일 04시,토요일,충청남도 논산시 채운면,경상사고,0,0,5,0,차대차 - 기타,안전운전불이행,건조,맑음,단일로 - 기타,승용,남,38세,경상,승용,남,28세,경상
2013020900100148,2013년 2월 9일 09시,토요일,충청남도 논산시 채운면,경상사고,0,0,1,0,차대사람 - 횡단중,교차로운행방법위반,건조,맑음,교차로 - 교차로안,승용,남,48세,상해없음,보행자,남,58세,경상
2013020900100162,2013년 2월 9일 10시,토요일,충청남도 천안시 서북구 성정동,중상사고,0,1,0,0,차대차 - 측면직각충돌,안전운전불이행,건조,맑음,교차로 - 교차로안,승용,남,28세,상해없음,자전거,남,66세,중상
2013020900100163,2013년 2월 9일 10시,토요일,충청남도 예산군 예산읍,중상사고,0,1,0,0,차대차 - 측면직각충돌,직진우회전진행방해,건조,맑음,교차로 - 교차로안,승용,남,79세,상해없음,승용,남,31세,중상
2013020900100173,2013년 2월 9일 11시,토요일,충청남도 보령시 명천동,사망사고,1,3,0,0,차대차 - 정면충돌,직진우회전진행방해,건조,맑음,교차로 - 교차로안,화물,남,58세,중상,승용,여,63세,중상
2013020900100174,2013년 2월 9일 11시,토요일,충청남도 공주시 유구읍,중상사고,0,2,0,0,차대차 - 추돌 - 주정차중,안전운전불이행,건조,맑음,단일로 - 기타,승용,남,50세,기타불명,승용,남,43세,상해없음
2013020900100193,2013년 2월 9일 12시,토요일,충청남도 논산시 취암동,경상사고,0,0,1,0,차대차 - 측면직각충돌,교차로운행방법위반,건조,맑음,교차로 - 교차로안,승용,여,29세,상해없음,이륜,남,38세,경상
2013020900100227,2013년 2월 9일 14시,토요일,충청남도 천안시 서북구 불당동,경상사고,0,0,2,0,차대차 - 기타,안전운전불이행,건조,맑음,교차로 - 교차로안,승합,남,37세,상해없음,승용,여,43세,경상
2013020900100263,2013년 2월 9일 16시,토요일,충청남도 아산시 배방읍,경상사고,0,0,2,0,차대차 - 추돌 - 주정차중,안전운전불이행,건조,맑음,교차로 - 교차로부근,승용,남,51세,상해없음,승용,남,42세,경상
2013020900100264,2013년 2월 9일 16시,토요일,충청남도 청양군 정산면,경상사고,0,0,3,0,차대차 - 측면직각충돌,신호위반,건조,맑음,교차로 - 교차로안,승용,남,70세,상해없음,승용,남,51세,경상
2013020900100318,2013년 2월 9일 19시,토요일,충청남도 보령시 대천동,중상사고,0,1,0,0,차대차 - 측면직각충돌,신호위반,건조,맑음,교차로 - 교차로안,승용,남,35세,상해없음,이륜,남,24세,중상
2013020900100340,2013년 2월 9일 20시,토요일,충청남도 태안군 태안읍,중상사고,0,1,1,0,차대차 - 측면직각충돌,신호위반,건조,맑음,교차로 - 교차로안,화물,남,28세,상해없음,승용,남,39세,경상
2013020900100341,2013년 2월 9일 20시,토요일,충청남도 논산시 강산동,중상사고,0,1,0,0,차대사람 - 횡단중,보행자보호의무위반,건조,맑음,교차로 - 교차로안,승용,남,44세,상해없음,보행자,남,22세,중상
2013020900100368,2013년 2월 9일 22시,토요일,충청남도 천안시 서북구 성정동,경상사고,0,0,3,0,차대차 - 추돌 - 주정차중,안전운전불이행,건조,맑음,교차로 - 교차로부근,승용,남,45세,상해없음,승용,남,31세,경상
2013020900100392,2013년 2월 9일 23시,토요일,충청남도 홍성군 서부면,경상사고,0,0,2,0,차대차 - 정면충돌,중앙선침범,건조,맑음,단일로 - 기타,승용,남,54세,기타불명,승용,남,49세,경상
2013020900100393,2013년 2월 9일 23시,토요일,충청남도 홍성군 홍성읍,경상사고,0,0,1,0,차대차 - 기타,안전운전불이행,건조,맑음,단일로 - 기타,화물,남,38세,기타불명,승용,남,34세,경상
2013020900100394,2013년 2월 9일 23시,토요일,충청남도 보령시 내항동,경상사고,0,0,2,0,차대차 - 측면직각충돌,차로위반,건조,맑음,단일로 - 기타,화물,남,40세,상해없음,승용,남,28세,경상
2013021000100042,2013년 2월 10일 05시,일요일,충청남도 홍성군 홍성읍,경상사고,0,0,1,0,차대차 - 측면직각충돌,교차로운행방법위반,건조,맑음,교차로 - 교차로안,승용,여,54세,상해없음,화물,남,48세,경상
2013021000100043,2013년 2월 10일 05시,일요일,충청남도 논산시 연무읍,중상사고,0,1,0,0,차대차 - 추돌 - 주정차중,안전운전불이행,건조,맑음,단일로 - 기타,화물,남,39세,상해없음,화물,남,40세,중상
2013021000100061,2013년 2월 10일 07시,일요일,충청남도 태안군 태안읍,경상사고,0,0,1,0,차대차 - 측면직각충돌,신호위반,습기,눈,교차로 - 교차로안,승용,남,35세,상해없음,승용,여,55세,경상
2013021000100115,2013년 2월 10일 10시,일요일,충청남도 공주시 우성면,중상사고,0,3,5,0,차대차 - 추돌 - 주정차중,안전운전불이행,건조,맑음,단일로 - 기타,승용,남,40세,경상,승용,남,52세,경상
2013021000100131,2013년 2월 10일 11시,일요일,충청남도 논산시 강경읍,중상사고,0,2,0,0,차대차 - 측면직각충돌,안전운전불이행,건조,맑음,교차로 - 교차로부근,이륜,남,63세,중상,화물,남,50세,상해없음
2013021000100148,2013년 2월 10일 12시,일요일,충청남도 서천군 서천읍,경상사고,0,0,3,0,차대차 - 기타,안전운전불이행,건조,맑음,기타 - 기타,승용,여,43세,상해없음,승용,여,31세,경상
2013021000100213,2013년 2월 10일 15시,일요일,충청남도 금산군 금산읍,중상사고,0,1,5,0,차대차 - 추돌 - 진행중,안전운전불이행,건조,맑음,교차로 - 교차로부근,승용,남,54세,경상,승용,남,52세,경상
2013021000100233,2013년 2월 10일 16시,일요일,충청남도 아산시 도고면,경상사고,0,0,2,0,차대차 - 기타,안전운전불이행,건조,맑음,기타 - 기타,승용,여,34세,상해없음,승용,남,47세,경상
2013021000100246,2013년 2월 10일 17시,일요일,충청남도 태안군 태안읍,중상사고,0,3,0,0,차대차 - 측면직각충돌,교차로운행방법위반,건조,맑음,교차로 - 교차로안,승용,남,43세,상해없음,승용,여,54세,중상
2013021000100247,2013년 2월 10일 17시,일요일,충청남도 보령시 궁촌동,중상사고,0,2,1,0,차대차 - 추돌 - 진행중,직진우회전진행방해,건조,맑음,교차로 - 교차로안,승용,여,26세,상해없음,승용,남,51세,경상
2013021000100286,2013년 2월 10일 19시,일요일,충청남도 논산시 양촌면,사망사고,1,0,0,0,차대사람 - 길가장자리구역통행중,안전운전불이행,건조,맑음,교차로 - 교차로안,승용,남,25세,상해없음,보행자,여,65세,사망
2013021000100287,2013년 2월 10일 19시,일요일,충청남도 논산시 연산면,경상사고,0,0,3,0,차대차 - 추돌 - 주정차중,안전운전불이행,건조,맑음,단일로 - 기타,승용,남,57세,상해없음,승용,남,35세,경상
2013021000100288,2013년 2월 10일 19시,일요일,충청남도 보령시 요암동,중상사고,0,1,2,0,차대차 - 추돌 - 진행중,안전운전불이행,건조,맑음,교차로 - 교차로안,승용,남,56세,상해없음,승용,남,41세,경상
2013021000100307,2013년 2월 10일 20시,일요일,충청남도 천안시 동남구 구성동,중상사고,0,1,3,0,차대차 - 측면직각충돌,안전운전불이행,건조,맑음,단일로 - 기타,승용,남,53세,상해없음,승용,남,46세,경상
2013021000100345,2013년 2월 10일 22시,일요일,충청남도 천안시 서북구 성환읍,경상사고,0,0,1,0,차대차 - 추돌 - 주정차중,안전운전불이행,건조,맑음,교차로 - 교차로부근,승용,여,50세,상해없음,승용,여,49세,경상
2013021000100346,2013년 2월 10일 22시,일요일,충청남도 보령시 대천동,경상사고,0,0,4,0,차대차 - 정면충돌,중앙선침범,건조,맑음,단일로 - 기타,승용,남,47세,상해없음,승용,여,62세,경상
2013021000100365,2013년 2월 10일 23시,일요일,충청남도 천안시 서북구 성정동,경상사고,0,0,2,0,차대차 - 측면직각충돌,교차로운행방법위반,건조,맑음,교차로 - 교차로안,승용,여,52세,경상,승용,남,32세,경상
2013021000100366,2013년 2월 10일 23시,일요일,충청남도 논산시 노성면,경상사고,0,0,1,0,차대차 - 측면직각충돌,중앙선침범,건조,맑음,단일로 - 기타,기타불명,기타불명,기타불명,기타불명,승용,남,18세,경상
2013021100100037,2013년 2월 11일 04시,월요일,충청남도 서산시 동문동,중상사고,0,1,1,0,차대차 - 추돌 - 주정차중,안전운전불이행,건조,맑음,단일로 - 기타,승용,남,41세,상해없음,승용,남,56세,경상
2013021100100038,2013년 2월 11일 04시,월요일,충청남도 아산시 권곡동,경상사고,0,0,1,0,차대차 - 측면직각충돌,신호위반,건조,맑음,교차로 - 교차로안,승용,남,31세,상해없음,승용,남,41세,경상
2013021100100121,2013년 2월 11일 13시,월요일,충청남도 청양군 정산면,경상사고,0,0,3,0,차대차 - 추돌 - 주정차중,안전운전불이행,건조,맑음,교차로 - 교차로부근,승용,남,19세,상해없음,승용,남,34세,경상
2013021100100135,2013년 2월 11일 14시,월요일,충청남도 보령시 대천동,중상사고,0,1,1,0,차대차 - 추돌 - 주정차중,안전운전불이행,건조,맑음,교차로 - 교차로부근,승용,여,33세,상해없음,승용,남,58세,경상
2013021100100150,2013년 2월 11일 15시,월요일,충청남도 천안시 서북구 입장면,경상사고,0,0,3,0,차대차 - 기타,안전운전불이행,건조,맑음,단일로 - 기타,승용,남,51세,상해없음,화물,여,49세,경상
2013021100100198,2013년 2월 11일 18시,월요일,충청남도 논산시 강경읍,경상사고,0,0,1,0,차대차 - 기타,중앙선침범,건조,맑음,단일로 - 기타,승용,남,64세,상해없음,화물,남,42세,경상
2013021100100225,2013년 2월 11일 19시,월요일,충청남도 보령시 오천면,사망사고,1,0,0,0,차대사람 - 횡단중,안전운전불이행,건조,맑음,단일로 - 기타,승용,여,58세,상해없음,보행자,남,45세,사망
2013021100100257,2013년 2월 11일 21시,월요일,충청남도 보령시 동대동,경상사고,0,0,2,0,차대차 - 측면직각충돌,교차로운행방법위반,건조,맑음,교차로 - 교차로부근,승용,남,20세,상해없음,승용,여,38세,경상
2013021100100258,2013년 2월 11일 21시,월요일,충청남도 부여군 부여읍,중상사고,0,1,0,0,차대차 - 측면직각충돌,신호위반,건조,맑음,교차로 - 교차로안,승용,여,40세,상해없음,이륜,남,17세,중상
2013021100100259,2013년 2월 11일 21시,월요일,충청남도 천안시 동남구 안서동,경상사고,0,0,3,0,차대차 - 추돌 - 주정차중,안전운전불이행,건조,맑음,단일로 - 기타,승용,남,69세,상해없음,승용,남,32세,경상
2013021100100288,2013년 2월 11일 23시,월요일,충청남도 금산군 금산읍,중상사고,0,1,1,0,차대차 - 기타,안전운전불이행,건조,맑음,단일로 - 기타,승용,남,49세,경상,화물,남,65세,기타불명
2013021200100130,2013년 2월 12일 11시,화요일,충청남도 보령시 대천동,중상사고,0,1,0,0,차대사람 - 보도통행중,보행자보호의무위반,건조,맑음,단일로 - 횡단보도상,승용,남,51세,상해없음,보행자,여,58세,중상
2013021200100152,2013년 2월 12일 12시,화요일,충청남도 천안시 동남구 성황동,경상사고,0,0,1,0,차대차 - 측면직각충돌,안전운전불이행,건조,맑음,교차로 - 교차로안,자전거,남,44세,경상,승용,남,50세,상해없음
2013021200100272,2013년 2월 12일 16시,화요일,충청남도 공주시 신관동,중상사고,0,1,4,1,차대차 - 측면직각충돌,신호위반,건조,맑음,교차로 - 교차로안,승용,여,38세,중상,승용,남,42세,경상
2013021200100329,2013년 2월 12일 18시,화요일,충청남도 서산시 온석동,중상사고,0,1,0,0,차대차 - 측면직각충돌,안전운전불이행,건조,맑음,단일로 - 기타,승용,남,31세,상해없음,원동기,남,28세,중상
2013021200100330,2013년 2월 12일 18시,화요일,충청남도 홍성군 홍성읍,경상사고,0,0,1,0,차대차 - 기타,중앙선침범,건조,맑음,단일로 - 기타,승용,남,59세,상해없음,화물,남,33세,경상
2013021200100398,2013년 2월 12일 20시,화요일,충청남도 서산시 예천동,중상사고,0,1,0,0,차대차 - 측면직각충돌,중앙선침범,건조,맑음,기타 - 기타,화물,여,51세,상해없음,승용,남,27세,중상
2013021200100419,2013년 2월 12일 21시,화요일,충청남도 천안시 서북구 성환읍,경상사고,0,0,2,0,차대차 - 측면직각충돌,신호위반,건조,맑음,교차로 - 교차로부근,승용,여,32세,상해없음,승용,여,51세,경상
2013021200100420,2013년 2월 12일 21시,화요일,충청남도 당진시 송산면,중상사고,0,1,0,0,차대차 - 측면직각충돌,안전운전불이행,건조,맑음,단일로 - 기타,승합,남,53세,상해없음,승용,남,32세,중상
2013021200100444,2013년 2월 12일 22시,화요일,충청남도 홍성군 홍성읍,중상사고,0,1,0,0,차대차 - 추돌 - 진행중,안전거리미확보,건조,맑음,교차로 - 교차로안,승용,남,51세,상해없음,이륜,남,18세,중상
2013021200100445,2013년 2월 12일 22시,화요일,충청남도 아산시 온천동,중상사고,0,1,0,0,차대사람 - 횡단중,안전운전불이행,건조,흐림,단일로 - 기타,승용,남,28세,상해없음,보행자,남,36세,중상
2013021200100468,2013년 2월 12일 23시,화요일,충청남도 천안시 서북구 쌍용동,경상사고,0,0,1,0,차대차 - 측면직각충돌,안전운전불이행,건조,맑음,교차로 - 교차로안,승용,남,26세,상해없음,승합,남,51세,경상
2013021200100469,2013년 2월 12일 23시,화요일,충청남도 천안시 서북구 두정동,경상사고,0,0,1,0,차대차 - 측면직각충돌,신호위반,건조,맑음,교차로 - 교차로안,승용,남,20세,상해없음,원동기,남,25세,경상
2013021200100470,2013년 2월 12일 23시,화요일,충청남도 천안시 서북구 성정동,경상사고,0,0,1,0,차대차 - 추돌 - 주정차중,안전운전불이행,건조,맑음,기타 - 기타,승용,남,57세,상해없음,승용,남,26세,상해없음
2013021300100025,2013년 2월 13일 01시,수요일,충청남도 서산시 읍내동,경상사고,0,0,1,0,차대차 - 측면직각충돌,교차로운행방법위반,건조,맑음,교차로 - 교차로안,승용,남,45세,경상,승용,남,50세,상해없음
2013021300100026,2013년 2월 13일 01시,수요일,충청남도 천안시 서북구 백석동,경상사고,0,0,3,0,차대차 - 기타,안전운전불이행,건조,맑음,단일로 - 기타,승용,남,30세,상해없음,승용,남,42세,경상
2013021300100034,2013년 2월 13일 02시,수요일,충청남도 당진시 송악읍,사망사고,1,0,0,0,차대차 - 추돌 - 주정차중,안전운전불이행,건조,맑음,교차로 - 교차로부근,승용,남,34세,사망,건설기계,남,33세,기타불명
2013021300100254,2013년 2월 13일 14시,수요일,충청남도 당진시 신평면,경상사고,0,0,3,0,차대차 - 기타,안전운전불이행,건조,맑음,교차로 - 교차로부근,화물,남,33세,상해없음,승용,남,40세,경상
2013021300100314,2013년 2월 13일 16시,수요일,충청남도 천안시 동남구 삼룡동,부상신고사고,0,0,0,1,차대사람 - 횡단중,신호위반,건조,맑음,단일로 - 횡단보도상,승용,여,39세,상해없음,보행자,여,7세,부상신고
2013021300100334,2013년 2월 13일 17시,수요일,충청남도 천안시 서북구 성정동,경상사고,0,0,1,0,차대차 - 추돌 - 진행중,안전운전불이행,건조,맑음,교차로 - 교차로부근,원동기,남,18세,상해없음,화물,남,44세,경상
2013021300100364,2013년 2월 13일 18시,수요일,충청남도 서산시 대산읍,경상사고,0,0,1,0,차대차 - 측면직각충돌,중앙선침범,건조,맑음,단일로 - 기타,승용,남,30세,상해없음,승용,남,41세,경상
2013021300100365,2013년 2월 13일 18시,수요일,충청남도 천안시 서북구 성환읍,경상사고,0,0,1,1,차대사람 - 기타,안전운전불이행,건조,맑음,단일로 - 기타,승용,여,53세,상해없음,보행자,여,30세,경상
2013021300100366,2013년 2월 13일 18시,수요일,충청남도 논산시 내동,경상사고,0,0,1,0,차대사람 - 횡단중,보행자보호의무위반,건조,맑음,교차로 - 교차로부근,승용,여,28세,상해없음,보행자,여,16세,경상
2013021300100367,2013년 2월 13일 18시,수요일,충청남도 예산군 고덕면,사망사고,1,0,0,0,차대차 - 추돌 - 진행중,안전운전불이행,건조,맑음,단일로 - 기타,승용,남,45세,상해없음,자전거,남,49세,사망
2013021300100368,2013년 2월 13일 18시,수요일,충청남도 부여군 부여읍,경상사고,0,0,1,0,차대차 - 기타,안전운전불이행,건조,맑음,단일로 - 기타,승용,여,50세,상해없음,승합,남,53세,상해없음
2013021300100405,2013년 2월 13일 19시,수요일,충청남도 서산시 읍내동,중상사고,0,2,0,0,차대사람 - 횡단중,안전운전불이행,건조,맑음,단일로 - 기타,원동기,남,48세,중상,보행자,남,31세,중상
2013021300100406,2013년 2월 13일 19시,수요일,충청남도 천안시 서북구 직산읍,경상사고,0,0,1,0,차대차 - 기타,안전운전불이행,건조,맑음,교차로 - 교차로부근,승용,여,44세,상해없음,승용,남,35세,경상
2013021300100407,2013년 2월 13일 19시,수요일,충청남도 보령시 대천동,경상사고,0,0,1,0,차대차 - 측면직각충돌,직진우회전진행방해,건조,맑음,교차로 - 교차로안,승용,여,55세,상해없음,이륜,남,17세,경상
2013021300100408,2013년 2월 13일 19시,수요일,충청남도 청양군 정산면,중상사고,0,1,0,0,차대사람 - 횡단중,안전운전불이행,건조,맑음,교차로 - 교차로안,승용,남,40세,상해없음,보행자,남,53세,중상
2013021300100496,2013년 2월 13일 22시,수요일,충청남도 서산시 읍내동,경상사고,0,0,2,0,차대차 - 측면직각충돌,교차로운행방법위반,건조,맑음,교차로 - 교차로안,승용,여,47세,상해없음,승용,여,31세,경상
2013021300100497,2013년 2월 13일 22시,수요일,충청남도 계룡시 신도안면,중상사고,0,1,0,0,차대사람 - 횡단중,과속,건조,맑음,교차로 - 교차로부근,승용,남,48세,상해없음,보행자,남,18세,중상
2013021300100513,2013년 2월 13일 23시,수요일,충청남도 당진시 송악읍,경상사고,0,0,3,0,차대차 - 측면직각충돌,중앙선침범,건조,맑음,단일로 - 기타,화물,남,44세,상해없음,승용,남,23세,경상
2013021400100008,2013년 2월 14일 00시,목요일,충청남도 보령시 대천동,부상신고사고,0,0,0,1,차대차 - 추돌 - 주정차중,안전운전불이행,건조,맑음,교차로 - 교차로안,화물,남,40세,부상신고,화물,남,48세,기타불명
2013021400100025,2013년 2월 14일 01시,목요일,충청남도 천안시 서북구 직산읍,경상사고,0,0,2,0,차대차 - 정면충돌,중앙선침범,건조,맑음,교차로 - 교차로부근,승용,남,29세,상해없음,승용,남,31세,경상
2013021400100120,2013년 2월 14일 09시,목요일,충청남도 천안시 서북구 두정동,경상사고,0,0,2,0,차대차 - 추돌 - 주정차중,안전운전불이행,건조,맑음,교차로 - 교차로부근,승용,남,75세,상해없음,승용,남,48세,경상
2013021400100162,2013년 2월 14일 11시,목요일,충청남도 당진시 채운동,경상사고,0,0,1,0,차대차 - 측면직각충돌,안전거리미확보,건조,맑음,교차로 - 교차로부근,화물,남,66세,상해없음,승용,남,70세,경상
2013021400100179,2013년 2월 14일 12시,목요일,충청남도 당진시 합덕읍,부상신고사고,0,0,0,1,차대차 - 측면직각충돌,직진우회전진행방해,건조,맑음,교차로 - 교차로안,화물,남,80세,상해없음,화물,남,37세,부상신고
2013021400100210,2013년 2월 14일 13시,목요일,충청남도 금산군 군북면,경상사고,0,0,2,0,차대차 - 추돌 - 주정차중,안전거리미확보,건조,맑음,교차로 - 교차로부근,건설기계,남,74세,상해없음,승용,여,37세,경상
2013021400100261,2013년 2월 14일 15시,목요일,충청남도 서천군 비인면,중상사고,0,1,0,0,차량단독 - 전도전복,안전운전불이행,건조,맑음,기타 - 기타,이륜,남,74세,중상,,,,
2013021400100306,2013년 2월 14일 17시,목요일,충청남도 보령시 남곡동,경상사고,0,0,1,0,차량단독 - 도로외이탈 - 기타,안전운전불이행,건조,맑음,단일로 - 기타,화물,남,57세,경상,,,,
2013021400100307,2013년 2월 14일 17시,목요일,충청남도 당진시 송악읍,경상사고,0,0,1,0,차대차 - 추돌 - 진행중,안전운전불이행,건조,맑음,기타 - 기타,승용,남,47세,상해없음,승용,남,44세,경상
2013021400100331,2013년 2월 14일 18시,목요일,충청남도 논산시 관촉동,사망사고,1,0,0,0,차대사람 - 기타,안전운전불이행,건조,맑음,단일로 - 기타,승합,남,58세,상해없음,보행자,여,49세,사망
2013021400100369,2013년 2월 14일 19시,목요일,충청남도 서산시 예천동,경상사고,0,0,1,0,차대차 - 측면직각충돌,안전운전불이행,건조,맑음,교차로 - 교차로부근,승용,남,35세,상해없음,화물,남,48세,상해없음
2013021400100423,2013년 2월 14일 21시,목요일,충청남도 아산시 염치읍,경상사고,0,0,3,0,차대차 - 추돌 - 주정차중,안전거리미확보,건조,맑음,교차로 - 교차로부근,승용,남,36세,상해없음,승용,여,36세,경상
2013021400100424,2013년 2월 14일 21시,목요일,충청남도 천안시 동남구 신방동,중상사고,0,1,0,0,차대사람 - 횡단중,안전운전불이행,건조,맑음,교차로 - 교차로부근,승용,여,46세,상해없음,보행자,남,45세,중상
2013021400100486,2013년 2월 14일 23시,목요일,충청남도 천안시 동남구 봉명동,경상사고,0,0,1,0,차대차 - 추돌 - 진행중,안전운전불이행,건조,맑음,교차로 - 교차로부근,승용,남,39세,상해없음,승용,남,38세,경상