사고번호,사고일시,요일,시군구,사고내용,사망자수,중상자수,경상자수,부상신고자수,사고유형,법규위반,노면상태,기상상태,도로형태,가해운전자 차종,가해운전자 성별,가해운전자 연령,가해운전자 상해정도,피해운전자 차종,피해운전자 성별,피해운전자 연령,피해운전자 상해정도
2013021500100013,2013년 2월 15일 00시,금요일,충청남도 홍성군 홍성읍,중상사고,0,1,1,0,차대차 - 측면직각충돌,교차로운행방법위반,건조,맑음,교차로 - 교차로안,승용,여,45세,상해없음,승용,남,28세,경상
2013021500100036,2013년 2월 15일 01시,금요일,충청남도 논산시 등화동,사망사고,1,0,0,0,차량단독 - 공작물충돌,안전운전불이행,건조,맑음,교차로 - 교차로안,승용,남,58세,사망,,,,
2013021500100037,2013년 2월 15일 01시,금요일,충청남도 천안시 동남구 삼룡동,경상사고,0,0,1,0,차대차 - 측면직각충돌,중앙선침범,건조,맑음,단일로 - 기타,승용,남,29세,상해없음,화물,남,43세,경상
2013021500100068,2013년 2월 15일 04시,금요일,충청남도 논산시 양촌면,중상사고,0,1,1,0,차대차 - 기타,안전운전불이행,건조,맑음,단일로 - 기타,승용,여,21세,상해없음,화물,남,33세,상해없음
2013021500100098,2013년 2월 15일 07시,금요일,충청남도 천안시 서북구 성정동,중상사고,0,1,0,0,차대차 - 정면충돌,중앙선침범,기타,맑음,교차로 - 교차로부근,승용,여,28세,상해없음,승용,남,54세,중상
2013021500100099,2013년 2월 15일 07시,금요일,충청남도 아산시 실옥동,경상사고,0,0,1,0,차대차 - 추돌 - 진행중,안전운전불이행,건조,맑음,교차로 - 교차로안,승용,남,55세,상해없음,승용,남,51세,경상
2013021500100119,2013년 2월 15일 08시,금요일,충청남도 천안시 서북구 성정동,중상사고,0,1,0,0,차대사람 - 횡단중,보행자보호의무위반,건조,맑음,교차로 - 교차로안,승용,남,66세,상해없음,보행자,여,45세,중상
2013021500100120,2013년 2월 15일 08시,금요일,충청남도 천안시 동남구 쌍용동,경상사고,0,0,3,0,차대차 - 기타,안전거리미확보,건조,맑음,단일로 - 기타,승용,남,66세,상해없음,승용,남,41세,경상
2013021500100121,2013년 2월 15일 08시,금요일,충청남도 서천군 서천읍,경상사고,0,0,1,0,차대사람 - 기타,보행자보호의무위반,건조,맑음,교차로 - 교차로부근,승용,남,76세,상해없음,보행자,여,68세,경상
2013021500100159,2013년 2월 15일 09시,금요일,충청남도 태안군 태안읍,중상사고,0,1,0,0,차대사람 - 기타,안전운전불이행,건조,맑음,교차로 - 교차로안,승용,남,69세,기타불명,보행자,여,78세,중상
2013021500100160,2013년 2월 15일 09시,금요일,충청남도 당진시 송악읍,중상사고,0,1,0,0,차대차 - 정면충돌,교차로운행방법위반,건조,맑음,교차로 - 교차로안,이륜,남,76세,중상,승용,여,52세,상해없음
2013021500100183,2013년 2월 15일 10시,금요일,충청남도 보령시 오천면,중상사고,0,1,0,0,차량단독 - 공작물충돌,안전운전불이행,건조,맑음,단일로 - 기타,승용,남,23세,중상,,,,
2013021500100327,2013년 2월 15일 16시,금요일,충청남도 아산시 용화동,경상사고,0,0,1,0,차대사람 - 기타,안전운전불이행,건조,맑음,단일로 - 기타,기타불명,기타불명,기타불명,기타불명,보행자,여,41세,경상
2013021500100328,2013년 2월 15일 16시,금요일,충청남도 청양군 청양읍,중상사고,0,2,0,0,차대차 - 측면직각충돌,직진우회전진행방해,건조,맑음,교차로 - 교차로안,화물,남,46세,상해없음,승용,남,71세,중상
2013021500100434,2013년 2월 15일 20시,금요일,충청남도 당진시 송악읍,중상사고,0,1,0,0,차대차 - 추돌 - 주정차중,안전운전불이행,건조,맑음,단일로 - 기타,승용,남,52세,상해없음,승용,여,25세,중상
2013021500100464,2013년 2월 15일 21시,금요일,충청남도 서산시 석남동,중상사고,0,1,2,0,차대차 - 추돌 - 주정차중,안전운전불이행,건조,맑음,교차로 - 교차로부근,승용,남,49세,중상,승용,남,56세,경상
2013021500100465,2013년 2월 15일 21시,금요일,충청남도 당진시 석문면,중상사고,0,1,0,0,차대차 - 추돌 - 주정차중,안전운전불이행,건조,맑음,단일로 - 기타,승용,남,67세,상해없음,승용,남,43세,중상
2013021600100015,2013년 2월 16일 00시,토요일,충청남도 계룡시 금암동,중상사고,0,1,1,0,차대차 - 추돌 - 주정차중,안전운전불이행,건조,맑음,교차로 - 교차로부근,승용,남,30세,경상,승용,남,40세,중상
2013021600100016,2013년 2월 16일 00시,토요일,충청남도 공주시 옥룡동,중상사고,0,1,0,0,차대차 - 기타,차로위반,건조,맑음,교차로 - 교차로부근,승용,남,28세,상해없음,승용,남,53세,중상
2013021600100038,2013년 2월 16일 01시,토요일,충청남도 천안시 서북구 직산읍,중상사고,0,1,0,0,차대차 - 추돌 - 진행중,안전운전불이행,건조,맑음,교차로 - 교차로안,승용,남,34세,상해없음,화물,남,36세,상해없음
2013021600100090,2013년 2월 16일 05시,토요일,충청남도 금산군 금성면,경상사고,0,0,1,0,차량단독 - 공작물충돌,안전운전불이행,습기,흐림,단일로 - 기타,승용,남,31세,경상,,,,
2013021600100106,2013년 2월 16일 06시,토요일,충청남도 아산시 권곡동,경상사고,0,0,1,0,차대차 - 기타,안전운전불이행,건조,맑음,기타 - 기타,승합,남,38세,상해없음,자전거,남,55세,경상
2013021600100126,2013년 2월 16일 07시,토요일,충청남도 당진시 송악읍,중상사고,0,1,0,0,차대차 - 측면직각충돌,안전운전불이행,건조,맑음,단일로 - 기타,승용,남,50세,상해없음,화물,남,51세,중상
2013021600100127,2013년 2월 16일 07시,토요일,충청남도 천안시 동남구 수신면,중상사고,0,1,1,0,차대차 - 정면충돌,중앙선침범,결빙,맑음,단일로 - 기타,승용,남,37세,중상,화물,남,30세,경상
2013021600100147,2013년 2월 16일 08시,토요일,충청남도 서산시 읍내동,중상사고,0,1,0,0,차대차 - 측면직각충돌,직진우회전진행방해,건조,맑음,교차로 - 교차로안,승합,남,35세,상해없음,승용,여,43세,중상
2013021600100148,2013년 2월 16일 08시,토요일,충청남도 예산군 예산읍,경상사고,0,0,1,0,차대차 - 측면직각충돌,직진우회전진행방해,건조,맑음,교차로 - 교차로안,화물,남,61세,상해없음,화물,남,41세,경상
2013021600100169,2013년 2월 16일 09시,토요일,충청남도 홍성군 홍성읍,경상사고,0,0,1,0,차대차 - 기타,교차로운행방법위반,건조,맑음,교차로 - 교차로안,화물,남,59세,상해없음,승용,남,31세,경상
2013021600100187,2013년 2월 16일 10시,토요일,충청남도 계룡시 두마면,경상사고,0,0,1,0,차대차 - 기타,안전운전불이행,건조,맑음,단일로 - 기타,승용,남,21세,상해없음,승용,남,45세,상해없음
2013021600100188,2013년 2월 16일 10시,토요일,충청남도 논산시 벌곡면,사망사고,1,0,0,0,차량단독 - 기타,안전운전불이행,건조,맑음,단일로 - 기타,승용,남,24세,사망,,,,
2013021600100237,2013년 2월 16일 12시,토요일,충청남도 예산군 삽교읍,중상사고,0,1,4,1,차대차 - 측면직각충돌,직진우회전진행방해,건조,맑음,교차로 - 교차로안,승합,남,57세,상해없음,승합,남,44세,경상
2013021600100258,2013년 2월 16일 13시,토요일,충청남도 천안시 서북구 두정동,중상사고,0,1,0,0,차대차 - 기타,안전운전불이행,건조,맑음,단일로 - 횡단보도부근,화물,남,28세,상해없음,승용,남,45세,상해없음
2013021600100260,2013년 2월 16일 13시,토요일,충청남도 당진시 합덕읍,중상사고,0,1,0,0,차대차 - 측면직각충돌,교차로운행방법위반,건조,맑음,교차로 - 교차로안,승용,남,36세,상해없음,승용,남,58세,중상
2013021600100283,2013년 2월 16일 14시,토요일,충청남도 서산시 장동,부상신고사고,0,0,0,1,차량단독 - 기타,안전운전불이행,건조,맑음,단일로 - 기타,원동기,남,78세,부상신고,,,,
2013021600100306,2013년 2월 16일 15시,토요일,충청남도 서산시 운산면,경상사고,0,0,10,0,차대차 - 측면직각충돌,안전운전불이행,건조,맑음,기타 - 기타,승용,여,49세,경상,승합,남,56세,경상
2013021600100335,2013년 2월 16일 16시,토요일,충청남도 논산시 화지동,경상사고,0,0,1,0,차대차 - 기타,안전운전불이행,건조,맑음,교차로 - 교차로부근,승용,남,53세,상해없음,승용,남,20세,경상
2013021600100400,2013년 2월 16일 19시,토요일,충청남도 태안군 태안읍,중상사고,0,1,1,0,차대차 - 측면직각충돌,중앙선침범,건조,맑음,단일로 - 기타,승용,남,50세,상해없음,화물,남,44세,중상
2013021600100450,2013년 2월 16일 21시,토요일,충청남도 서산시 동문동,중상사고,0,1,0,0,차대차 - 측면직각충돌,중앙선침범,건조,맑음,단일로 - 기타,승용,남,50세,상해없음,이륜,남,16세,중상
2013021600100451,2013년 2월 16일 21시,토요일,충청남도 천안시 서북구 쌍용동,경상사고,0,0,1,0,차대사람 - 기타,안전운전불이행,건조,맑음,단일로 - 기타,승용,남,43세,상해없음,보행자,여,48세,경상
2013021700100033,2013년 2월 17일 02시,일요일,충청남도 천안시 서북구 두정동,경상사고,0,0,1,0,차대사람 - 기타,안전운전불이행,건조,맑음,단일로 - 기타,승용,남,33세,상해없음,보행자,남,22세,경상
2013021700100052,2013년 2월 17일 04시,일요일,충청남도 천안시 동남구 대흥동,경상사고,0,0,2,0,차대차 - 기타,차로위반,건조,맑음,단일로 - 기타,승합,남,21세,상해없음,승용,남,48세,경상
2013021700100115,2013년 2월 17일 10시,일요일,충청남도 예산군 예산읍,중상사고,0,1,1,0,차대차 - 측면직각충돌,직진우회전진행방해,건조,맑음,교차로 - 교차로안,승용,여,36세,상해없음,승용,남,36세,경상
2013021700100142,2013년 2월 17일 12시,일요일,충청남도 당진시 면천면,중상사고,0,1,0,0,차대차 - 기타,안전운전불이행,건조,맑음,단일로 - 기타,화물,남,70세,상해없음,이륜,남,66세,중상
2013021700100180,2013년 2월 17일 14시,일요일,충청남도 아산시 풍기동,경상사고,0,0,3,0,차대차 - 측면직각충돌,중앙선침범,건조,흐림,교차로 - 교차로부근,승용,남,42세,상해없음,승용,남,44세,경상
2013021700100228,2013년 2월 17일 16시,일요일,충청남도 천안시 서북구 성환읍,경상사고,0,0,1,0,차대차 - 기타,안전운전불이행,건조,맑음,기타 - 기타,승용,남,48세,상해없음,화물,남,50세,경상
2013021700100256,2013년 2월 17일 18시,일요일,충청남도 서천군 서천읍,중상사고,0,1,0,0,차대차 - 기타,직진우회전진행방해,습기,비,교차로 - 교차로안,승합,남,66세,상해없음,화물,여,44세,중상
2013021700100257,2013년 2월 17일 18시,일요일,충청남도 당진시 신평면,중상사고,0,1,0,0,차대차 - 추돌 - 진행중,안전운전불이행,건조,맑음,단일로 - 기타,승용,남,32세,상해없음,농기계,남,52세,중상
2013021700100258,2013년 2월 17일 18시,일요일,충청남도 천안시 동남구 삼룡동,중상사고,0,2,0,0,차대차 - 기타,안전운전불이행,건조,맑음,단일로 - 기타,승용,남,56세,상해없음,승용,남,27세,상해없음
2013021700100282,2013년 2월 17일 19시,일요일,충청남도 서산시 예천동,중상사고,0,1,0,0,차대차 - 측면직각충돌,불법유턴,건조,맑음,교차로 - 교차로안,화물,남,64세,상해없음,이륜,남,40세,중상
2013021700100283,2013년 2월 17일 19시,일요일,충청남도 태안군 근흥면,중상사고,0,1,0,0,차대차 - 측면직각충돌,중앙선침범,건조,맑음,단일로 - 기타,승용,남,55세,상해없음,농기계,남,62세,중상
2013021700100284,2013년 2월 17일 19시,일요일,충청남도 계룡시 금암동,중상사고,0,1,0,0,차대사람 - 횡단중,보행자보호의무위반,습기,비,단일로 - 횡단보도상,이륜,남,43세,상해없음,보행자,남,63세,중상
2013021800100086,2013년 2월 18일 08시,월요일,충청남도 홍성군 광천읍,중상사고,0,1,3,0,차대차 - 추돌 - 주정차중,안전운전불이행,건조,맑음,교차로 - 교차로부근,화물,남,46세,경상,승용,남,39세,중상
2013021800100110,2013년 2월 18일 09시,월요일,충청남도 서산시 해미면,중상사고,0,1,0,0,차대사람 - 횡단중,안전운전불이행,건조,맑음,단일로 - 기타,승용,남,69세,상해없음,보행자,여,70세,중상
2013021800100111,2013년 2월 18일 09시,월요일,충청남도 천안시 서북구 입장면,경상사고,0,0,5,0,차대차 - 측면직각충돌,교차로운행방법위반,습기,맑음,교차로 - 교차로안,화물,여,47세,기타불명,승합,남,34세,상해없음
2013021800100112,2013년 2월 18일 09시,월요일,충청남도 천안시 서북구 두정동,경상사고,0,0,2,0,차대차 - 측면직각충돌,교차로운행방법위반,건조,맑음,교차로 - 교차로안,승용,남,25세,경상,승용,남,25세,경상
2013021800100137,2013년 2월 18일 10시,월요일,충청남도 천안시 동남구 신방동,중상사고,0,1,1,0,차대차 - 추돌 - 주정차중,안전운전불이행,건조,맑음,교차로 - 교차로안,화물,남,52세,상해없음,승용,남,38세,중상
2013021800100167,2013년 2월 18일 11시,월요일,충청남도 보령시 명천동,중상사고,0,1,0,0,차대사람 - 기타,안전운전불이행,건조,맑음,단일로 - 기타,승용,여,37세,상해없음,보행자,여,74세,중상
2013021800100168,2013년 2월 18일 11시,월요일,충청남도 부여군 부여읍,경상사고,0,0,1,0,차대차 - 기타,교차로운행방법위반,건조,맑음,교차로 - 교차로부근,승용,남,59세,상해없음,자전거,여,67세,경상
2013021800100192,2013년 2월 18일 12시,월요일,충청남도 보령시 죽정동,중상사고,0,16,3,0,차대차 - 정면충돌,중앙선침범,건조,맑음,단일로 - 기타,승용,남,31세,중상,승합,남,41세,중상
2013021800100211,2013년 2월 18일 13시,월요일,충청남도 홍성군 홍북면,중상사고,0,1,0,0,차대차 - 측면직각충돌,중앙선침범,건조,맑음,교차로 - 교차로안,이륜,남,43세,중상,화물,남,61세,상해없음
2013021800100212,2013년 2월 18일 13시,월요일,충청남도 서천군 장항읍,경상사고,0,0,4,0,차대차 - 기타,교차로운행방법위반,건조,맑음,교차로 - 교차로안,승용,여,38세,경상,화물,남,55세,경상
2013021800100253,2013년 2월 18일 15시,월요일,충청남도 금산군 금산읍,경상사고,0,0,1,0,차대차 - 기타,안전운전불이행,건조,맑음,교차로 - 교차로안,자전거,여,68세,경상,이륜,남,71세,상해없음
2013021800100274,2013년 2월 18일 16시,월요일,충청남도 천안시 동남구 원성동,경상사고,0,0,1,0,차대차 - 기타,안전운전불이행,건조,맑음,단일로 - 기타,승용,남,63세,상해없음,자전거,여,68세,경상
2013021800100302,2013년 2월 18일 17시,월요일,충청남도 서천군 시초면,경상사고,0,0,1,0,차대차 - 기타,중앙선침범,건조,맑음,교차로 - 교차로안,이륜,남,81세,경상,승용,남,62세,상해없음
2013021800100324,2013년 2월 18일 18시,월요일,충청남도 공주시 금성동,경상사고,0,0,1,0,차대사람 - 횡단중,보행자보호의무위반,건조,맑음,단일로 - 횡단보도상,승용,남,27세,상해없음,보행자,남,25세,경상
2013021800100382,2013년 2월 18일 20시,월요일,충청남도 천안시 서북구 쌍용동,경상사고,0,0,1,0,차대사람 - 기타,안전운전불이행,건조,맑음,단일로 - 기타,기타불명,기타불명,기타불명,기타불명,보행자,남,36세,경상
2013021800100383,2013년 2월 18일 20시,월요일,충청남도 공주시 계룡면,사망사고,1,2,0,0,차대차 - 추돌 - 주정차중,안전운전불이행,건조,맑음,단일로 - 기타,화물,남,51세,중상,화물,남,37세,사망
2013021800100414,2013년 2월 18일 21시,월요일,충청남도 천안시 동남구 쌍용동,경상사고,0,0,1,0,차대사람 - 기타,보행자보호의무위반,건조,맑음,단일로 - 횡단보도상,승용,남,35세,상해없음,보행자,남,36세,경상
2013021800100488,2013년 2월 18일 23시,월요일,충청남도 천안시 서북구 두정동,중상사고,0,1,0,0,차대사람 - 횡단중,안전운전불이행,건조,맑음,단일로 - 기타,이륜,남,16세,상해없음,보행자,여,32세,중상
2013021900100009,2013년 2월 19일 00시,화요일,충청남도 천안시 동남구 대흥동,경상사고,0,0,1,0,차대차 - 추돌 - 진행중,안전거리미확보,건조,맑음,단일로 - 기타,승용,남,55세,상해없음,승용,남,52세,기타불명
2013021900100179,2013년 2월 19일 12시,화요일,충청남도 논산시 양촌면,부상신고사고,0,0,0,1,차량단독 - 도로외이탈 - 추락,안전운전불이행,건조,맑음,교차로 - 교차로부근,원동기,남,43세,부상신고,,,,
2013021900100180,2013년 2월 19일 12시,화요일,충청남도 서천군 비인면,중상사고,0,1,0,0,차대사람 - 길가장자리구역통행중,안전운전불이행,건조,맑음,단일로 - 기타,승용,남,41세,상해없음,보행자,여,56세,중상
2013021900100182,2013년 2월 19일 12시,화요일,충청남도 예산군 예산읍,중상사고,0,3,1,0,차대차 - 측면직각충돌,직진우회전진행방해,건조,맑음,교차로 - 교차로안,승용,남,84세,상해없음,승합,남,72세,경상
2013021900100287,2013년 2월 19일 16시,화요일,충청남도 서산시 해미면,중상사고,0,7,0,0,차량단독 - 공작물충돌,안전운전불이행,건조,맑음,단일로 - 기타,화물,남,16세,중상,,,,
2013021900100288,2013년 2월 19일 16시,화요일,충청남도 천안시 동남구 원성동,중상사고,0,1,1,0,차대차 - 기타,신호위반,건조,맑음,교차로 - 교차로안,승용,여,55세,상해없음,화물,남,48세,경상
2013021900100349,2013년 2월 19일 18시,화요일,충청남도 당진시 읍내리,부상신고사고,0,0,0,1,차대차 - 기타,안전운전불이행,건조,맑음,단일로 - 기타,원동기,남,25세,부상신고,승용,남,49세,상해없음
2013021900100409,2013년 2월 19일 20시,화요일,충청남도 예산군 예산읍,중상사고,0,1,0,0,차대사람 - 횡단중,안전운전불이행,건조,맑음,단일로 - 횡단보도부근,승용,여,48세,상해없음,보행자,여,47세,중상
2013021900100440,2013년 2월 19일 21시,화요일,충청남도 천안시 서북구 쌍용동,경상사고,0,0,1,0,차대사람 - 기타,안전운전불이행,건조,맑음,교차로 - 교차로부근,승합,남,59세,상해없음,보행자,남,47세,경상
2013021900100471,2013년 2월 19일 22시,화요일,충청남도 보령시 죽정동,부상신고사고,0,0,0,1,차대차 - 기타,직진우회전진행방해,건조,맑음,교차로 - 교차로부근,이륜,남,15세,부상신고,승용,남,44세,상해없음
2013022000100031,2013년 2월 20일 01시,수요일,충청남도 논산시 취암동,경상사고,0,0,1,0,차대사람 - 기타,안전운전불이행,건조,맑음,단일로 - 기타,승용,여,44세,상해없음,보행자,남,40세,경상
2013022000100033,2013년 2월 20일 01시,수요일,충청남도 당진시 송악읍,사망사고,1,0,0,0,차대사람 - 차도통행중,기타,건조,맑음,단일로 - 기타,승용,남,39세,상해없음,보행자,남,35세,사망
2013022000100085,2013년 2월 20일 07시,수요일,충청남도 서산시 운산면,중상사고,0,1,0,0,차대차 - 정면충돌,직진우회전진행방해,건조,맑음,교차로 - 교차로안,건설기계,남,51세,상해없음,화물,남,22세,중상
2013022000100086,2013년 2월 20일 07시,수요일,충청남도 논산시 가야곡면,중상사고,0,1,1,0,차대차 - 측면직각충돌,신호위반,건조,맑음,교차로 - 교차로안,건설기계,남,43세,중상,건설기계,남,52세,경상
2013022000100141,2013년 2월 20일 09시,수요일,충청남도 서산시 지곡면,경상사고,0,0,1,0,차대차 - 측면직각충돌,안전운전불이행,건조,맑음,단일로 - 기타,승용,여,47세,상해없음,승용,여,25세,경상
2013022000100164,2013년 2월 20일 10시,수요일,충청남도 금산군 남이면,경상사고,0,0,1,0,차대차 - 기타,안전운전불이행,건조,맑음,단일로 - 기타,화물,남,38세,상해없음,승용,남,52세,경상
2013022000100290,2013년 2월 20일 16시,수요일,충청남도 아산시 탕정면,경상사고,0,0,1,0,차대차 - 추돌 - 주정차중,안전운전불이행,건조,맑음,단일로 - 기타,화물,남,31세,상해없음,승용,남,39세,경상
2013022000100313,2013년 2월 20일 17시,수요일,충청남도 보령시 대천동,중상사고,0,2,0,0,차대차 - 측면직각충돌,신호위반,건조,맑음,교차로 - 교차로안,화물,여,55세,상해없음,승합,남,65세,중상
2013022000100337,2013년 2월 20일 18시,수요일,충청남도 태안군 태안읍,중상사고,0,1,0,0,차대사람 - 횡단중,안전운전불이행,건조,맑음,단일로 - 기타,승용,남,58세,상해없음,보행자,남,75세,중상
2013022000100338,2013년 2월 20일 18시,수요일,충청남도 서천군 장항읍,중상사고,0,1,2,0,차대차 - 추돌 - 진행중,안전거리미확보,건조,맑음,교차로 - 교차로부근,승합,남,80세,상해없음,승용,여,31세,중상
2013022000100358,2013년 2월 20일 19시,수요일,충청남도 보령시 궁촌동,중상사고,0,1,1,0,차대차 - 측면직각충돌,신호위반,건조,맑음,교차로 - 교차로안,승용,남,50세,경상,승용,여,47세,중상
2013022000100389,2013년 2월 20일 20시,수요일,충청남도 홍성군 홍성읍,중상사고,0,1,0,0,차대사람 - 보도통행중,보행자보호의무위반,건조,맑음,교차로 - 교차로안,화물,남,44세,상해없음,보행자,남,41세,중상
2013022000100410,2013년 2월 20일 21시,수요일,충청남도 홍성군 금마면,중상사고,0,1,0,0,차대차 - 기타,안전거리미확보,건조,맑음,단일로 - 기타,승용,여,46세,상해없음,승용,남,49세,상해없음
2013022000100411,2013년 2월 20일 21시,수요일,충청남도 당진시 신평면,중상사고,0,1,0,0,차대차 - 추돌 - 주정차중,안전운전불이행,건조,맑음,교차로 - 교차로부근,승용,여,34세,상해없음,승용,남,39세,중상
2013022000100457,2013년 2월 20일 23시,수요일,충청남도 천안시 서북구 성정동,중상사고,0,1,0,0,차대차 - 측면직각충돌,신호위반,건조,맑음,교차로 - 교차로안,이륜,남,22세,상해없음,이륜,남,38세,중상
2013022100100017,2013년 2월 21일 00시,목요일,충청남도 아산시 선장면,경상사고,0,0,1,0,차대사람 - 기타,안전운전불이행,건조,맑음,기타 - 기타,승용,남,54세,상해없음,보행자,남,40세,경상
2013022100100018,2013년 2월 21일 00시,목요일,충청남도 아산시 온천동,경상사고,0,0,1,0,차대차 - 추돌 - 주정차중,안전운전불이행,건조,맑음,단일로 - 기타,승용,남,47세,상해없음,승용,남,51세,경상
2013022100100050,2013년 2월 21일 03시,목요일,충청남도 아산시 도고면,중상사고,0,2,2,0,차량단독 - 공작물충돌,안전운전불이행,건조,맑음,단일로 - 기타,승용,남,24세,중상,,,,
2013022100100171,2013년 2월 21일 10시,목요일,충청남도 서산시 해미면,중상사고,0,1,1,0,차대차 - 측면직각충돌,교차로운행방법위반,건조,맑음,교차로 - 교차로안,승용,여,30세,상해없음,승합,남,41세,경상
2013022100100218,2013년 2월 21일 12시,목요일,충청남도 당진시 합덕읍,중상사고,0,1,0,0,차대사람 - 기타,안전운전불이행,건조,맑음,단일로 - 기타,승용,남,70세,상해없음,보행자,여,57세,중상
2013022100100277,2013년 2월 21일 15시,목요일,충청남도 서산시 동문동,중상사고,0,1,0,0,차대사람 - 횡단중,보행자보호의무위반,건조,맑음,단일로 - 횡단보도상,승용,남,41세,상해없음,보행자,여,15세,중상
2013022100100278,2013년 2월 21일 15시,목요일,충청남도 청양군 청양읍,경상사고,0,0,3,0,차대차 - 측면직각충돌,직진우회전진행방해,건조,맑음,교차로 - 교차로안,승용,남,65세,경상,승용,남,68세,상해없음
2013022100100306,2013년 2월 21일 16시,목요일,충청남도 부여군 장암면,경상사고,0,0,1,0,차대차 - 기타,안전운전불이행,건조,맑음,단일로 - 기타,이륜,남,70세,경상,승용,남,36세,상해없음
2013022100100339,2013년 2월 21일 17시,목요일,충청남도 아산시 남동,중상사고,0,1,0,0,차대차 - 측면직각충돌,안전운전불이행,건조,맑음,교차로 - 교차로안,승용,남,50세,상해없음,승용,여,48세,중상
2013022100100364,2013년 2월 21일 18시,목요일,충청남도 당진시 석문면,경상사고,0,0,4,0,차대차 - 정면충돌,중앙선침범,건조,맑음,단일로 - 기타,화물,남,50세,상해없음,승용,남,30세,경상
2013022100100396,2013년 2월 21일 19시,목요일,충청남도 천안시 동남구 광덕면,중상사고,0,1,0,0,차대사람 - 횡단중,안전운전불이행,건조,맑음,교차로 - 교차로안,화물,여,58세,상해없음,보행자,남,77세,중상
2013022100100432,2013년 2월 21일 20시,목요일,충청남도 천안시 서북구 성정동,경상사고,0,0,1,0,차대차 - 기타,안전운전불이행,건조,맑음,단일로 - 기타,승용,남,36세,상해없음,승용,여,50세,경상
2013022100100433,2013년 2월 21일 20시,목요일,충청남도 논산시 강경읍,경상사고,0,0,1,0,차대사람 - 보도통행중,안전운전불이행,건조,맑음,단일로 - 기타,승용,남,28세,상해없음,보행자,여,37세,경상
2013022100100459,2013년 2월 21일 21시,목요일,충청남도 천안시 서북구 쌍용동,중상사고,0,2,0,0,차대차 - 정면충돌,안전운전불이행,건조,맑음,교차로 - 교차로안,승용,남,29세,상해없음,원동기,남,15세,중상
2013022100100473,2013년 2월 21일 22시,목요일,충청남도 논산시 부적면,사망사고,2,0,0,0,차대차 - 정면충돌,중앙선침범,건조,맑음,교차로 - 교차로부근,승용,남,49세,사망,승용,여,50세,사망
2013022100100507,2013년 2월 21일 23시,목요일,충청남도 천안시 서북구 성정동,경상사고,0,0,2,0,차대차 - 기타,중앙선침범,건조,맑음,단일로 - 기타,승용,남,30세,상해없음,승용,남,31세,경상
2013022200100048,2013년 2월 22일 02시,금요일,충청남도 천안시 서북구 두정동,중상사고,0,1,3,0,차대차 - 기타,교차로운행방법위반,건조,맑음,교차로 - 교차로안,승용,남,26세,상해없음,승용,남,37세,경상
2013022200100170,2013년 2월 22일 09시,금요일,충청남도 천안시 서북구 두정동,경상사고,0,0,1,0,차대차 - 측면직각충돌,교차로운행방법위반,건조,맑음,교차로 - 교차로안,화물,기타불명,기타불명,기타불명,승용,남,59세,경상
2013022200100203,2013년 2월 22일 10시,금요일,충청남도 청양군 운곡면,중상사고,0,1,0,0,차량단독 - 공작물충돌,안전운전불이행,결빙,맑음,단일로 - 기타,화물,남,53세,상해없음,,,,
2013022200100229,2013년 2월 22일 11시,금요일,충청남도 서산시 해미면,중상사고,0,2,1,0,차대차 - 측면직각충돌,신호위반,건조,맑음,교차로 - 교차로안,화물,남,58세,경상,화물,남,70세,중상
2013022200100230,2013년 2월 22일 11시,금요일,충청남도 계룡시 엄사면,경상사고,0,0,2,0,차대차 - 추돌 - 진행중,안전운전불이행,습기,눈,단일로 - 기타,승용,남,44세,상해없음,승용,남,43세,경상
2013022200100254,2013년 2월 22일 12시,금요일,충청남도 서산시 예천동,경상사고,0,0,2,0,차대차 - 기타,안전운전불이행,건조,맑음,교차로 - 교차로부근,승합,남,63세,상해없음,승용,남,67세,경상
2013022200100274,2013년 2월 22일 13시,금요일,충청남도 홍성군 홍성읍,경상사고,0,0,5,0,차대차 - 추돌 - 주정차중,안전운전불이행,습기,비,교차로 - 교차로부근,화물,남,22세,상해없음,승용,남,45세,경상
2013022200100303,2013년 2월 22일 14시,금요일,충청남도 서천군 장항읍,중상사고,0,1,2,0,차대차 - 측면직각충돌,안전운전불이행,습기,비,기타 - 기타,승용,여,61세,경상,승용,여,60세,중상
2013022200100331,2013년 2월 22일 15시,금요일,충청남도 태안군 안면읍,중상사고,0,1,0,0,차대사람 - 차도통행중,안전운전불이행,건조,맑음,단일로 - 기타,화물,남,62세,기타불명,보행자,여,74세,중상
2013022200100361,2013년 2월 22일 16시,금요일,충청남도 천안시 서북구 쌍용동,경상사고,0,0,1,0,차대사람 - 횡단중,보행자보호의무위반,건조,맑음,단일로 - 기타,승용,남,50세,상해없음,보행자,여,9세,경상
2013022200100452,2013년 2월 22일 19시,금요일,충청남도 천안시 서북구 입장면,경상사고,0,0,1,0,차대차 - 기타,기타,건조,맑음,기타 - 기타,승용,남,76세,상해없음,승용,남,48세,기타불명
2013022200100453,2013년 2월 22일 19시,금요일,충청남도 논산시 연산면,중상사고,0,1,1,0,차대차 - 정면충돌,중앙선침범,결빙,흐림,단일로 - 기타,승합,남,36세,경상,승용,남,52세,중상