사고번호,사고일시,요일,시군구,사고내용,사망자수,중상자수,경상자수,부상신고자수,사고유형,법규위반,노면상태,기상상태,도로형태,가해운전자 차종,가해운전자 성별,가해운전자 연령,가해운전자 상해정도,피해운전자 차종,피해운전자 성별,피해운전자 연령,피해운전자 상해정도
2013022200100493,2013년 2월 22일 20시,금요일,충청남도 부여군 초촌면,사망사고,1,0,0,0,차대차 - 기타,안전운전불이행,결빙,눈,단일로 - 기타,화물,남,44세,상해없음,승용,남,44세,상해없음
2013022200100494,2013년 2월 22일 20시,금요일,충청남도 천안시 동남구 원성동,경상사고,0,0,1,0,차대차 - 추돌 - 진행중,신호위반,건조,맑음,교차로 - 교차로안,승용,여,31세,상해없음,이륜,남,18세,경상
2013022200100524,2013년 2월 22일 21시,금요일,충청남도 천안시 서북구 쌍용동,중상사고,0,1,0,0,차대사람 - 횡단중,신호위반,건조,맑음,단일로 - 횡단보도상,승용,남,53세,상해없음,보행자,여,27세,중상
2013022200100525,2013년 2월 22일 21시,금요일,충청남도 논산시 연무읍,경상사고,0,0,1,0,차대사람 - 기타,안전운전불이행,건조,맑음,단일로 - 기타,화물,남,44세,상해없음,보행자,남,49세,경상
2013022200100526,2013년 2월 22일 21시,금요일,충청남도 아산시 읍내동,경상사고,0,0,1,0,차대차 - 측면직각충돌,안전운전불이행,건조,맑음,교차로 - 교차로안,승용,기타불명,기타불명,기타불명,화물,남,38세,경상
2013022200100527,2013년 2월 22일 21시,금요일,충청남도 보령시 내항동,중상사고,0,1,0,0,차대사람 - 횡단중,안전운전불이행,건조,맑음,교차로 - 교차로부근,승용,남,38세,상해없음,보행자,남,58세,중상
2013022200100528,2013년 2월 22일 21시,금요일,충청남도 보령시 대천동,경상사고,0,0,2,0,차대차 - 측면직각충돌,교차로운행방법위반,건조,맑음,교차로 - 교차로안,승용,남,59세,상해없음,승용,남,56세,경상
2013022200100529,2013년 2월 22일 21시,금요일,충청남도 예산군 예산읍,중상사고,0,1,0,0,차대차 - 추돌 - 주정차중,안전운전불이행,건조,맑음,단일로 - 기타,승용,남,54세,상해없음,원동기,남,48세,중상
2013022200100568,2013년 2월 22일 22시,금요일,충청남도 서산시 동문동,경상사고,0,0,1,0,차대차 - 기타,교차로운행방법위반,건조,맑음,교차로 - 교차로안,승용,여,40세,상해없음,원동기,남,17세,경상
2013022200100595,2013년 2월 22일 23시,금요일,충청남도 천안시 서북구 쌍용동,경상사고,0,0,1,0,차대사람 - 차도통행중,안전운전불이행,건조,맑음,기타 - 기타,승용,여,44세,상해없음,보행자,남,31세,경상
2013022300100044,2013년 2월 23일 01시,토요일,충청남도 홍성군 은하면,중상사고,0,1,0,0,차대사람 - 기타,안전운전불이행,건조,맑음,단일로 - 기타,화물,남,52세,상해없음,보행자,여,67세,중상
2013022300100110,2013년 2월 23일 05시,토요일,충청남도 공주시 의당면,중상사고,0,4,1,0,차대차 - 추돌 - 진행중,안전운전불이행,건조,맑음,단일로 - 기타,화물,남,41세,중상,화물,남,52세,경상
2013022300100124,2013년 2월 23일 06시,토요일,충청남도 보령시 신흑동,중상사고,0,1,3,0,차대차 - 정면충돌,중앙선침범,건조,맑음,단일로 - 기타,승용,남,18세,상해없음,승용,남,49세,중상
2013022300100221,2013년 2월 23일 10시,토요일,충청남도 서천군 서천읍,경상사고,0,0,1,0,차대차 - 기타,안전운전불이행,건조,맑음,단일로 - 기타,승용,여,37세,상해없음,이륜,남,49세,경상
2013022300100287,2013년 2월 23일 12시,토요일,충청남도 서산시 동문동,경상사고,0,0,1,0,차대사람 - 길가장자리구역통행중,안전운전불이행,건조,맑음,단일로 - 기타,화물,남,28세,상해없음,보행자,남,70세,경상
2013022300100335,2013년 2월 23일 14시,토요일,충청남도 천안시 서북구 쌍용동,중상사고,0,1,0,0,차대사람 - 기타,안전운전불이행,건조,맑음,기타 - 기타,승합,남,49세,기타불명,보행자,여,77세,중상
2013022300100397,2013년 2월 23일 16시,토요일,충청남도 홍성군 구항면,경상사고,0,0,1,0,차대차 - 추돌 - 진행중,안전운전불이행,건조,맑음,단일로 - 기타,승용,남,46세,상해없음,화물,남,37세,경상
2013022300100398,2013년 2월 23일 16시,토요일,충청남도 서천군 마산면,경상사고,0,0,1,0,차대차 - 측면직각충돌,안전운전불이행,건조,맑음,교차로 - 교차로안,이륜,남,68세,경상,화물,여,46세,상해없음
2013022300100449,2013년 2월 23일 18시,토요일,충청남도 당진시 원당리,중상사고,0,1,1,0,차대차 - 측면직각충돌,차로위반,건조,맑음,단일로 - 기타,승용,여,43세,상해없음,승용,남,28세,상해없음
2013022300100450,2013년 2월 23일 18시,토요일,충청남도 당진시 채운동,경상사고,0,0,2,0,차대차 - 기타,중앙선침범,건조,맑음,단일로 - 기타,승용,여,31세,상해없음,승용,남,56세,경상
2013022300100451,2013년 2월 23일 18시,토요일,충청남도 천안시 동남구 청수동,경상사고,0,0,1,0,차대사람 - 기타,안전운전불이행,건조,흐림,교차로 - 교차로안,기타불명,기타불명,기타불명,기타불명,보행자,남,51세,경상
2013022300100483,2013년 2월 23일 19시,토요일,충청남도 천안시 동남구 목천읍,중상사고,0,1,0,0,차대차 - 기타,안전운전불이행,건조,맑음,교차로 - 교차로부근,승용,남,58세,상해없음,승용,남,36세,중상
2013022300100554,2013년 2월 23일 21시,토요일,충청남도 서산시 석림동,경상사고,0,0,1,0,차대차 - 측면직각충돌,중앙선침범,건조,맑음,단일로 - 기타,승용,남,47세,상해없음,이륜,남,16세,경상
2013022300100555,2013년 2월 23일 21시,토요일,충청남도 태안군 태안읍,중상사고,0,1,0,0,차량단독 - 공작물충돌,안전운전불이행,건조,흐림,단일로 - 기타,승용,남,28세,상해없음,,,,
2013022300100556,2013년 2월 23일 21시,토요일,충청남도 천안시 동남구 신부동,경상사고,0,0,1,0,차대사람 - 기타,보행자보호의무위반,건조,맑음,교차로 - 교차로부근,승용,남,40세,상해없음,보행자,남,54세,경상
2013022300100581,2013년 2월 23일 22시,토요일,충청남도 천안시 서북구 백석동,경상사고,0,0,1,0,차대차 - 측면직각충돌,신호위반,건조,맑음,교차로 - 교차로안,승용,남,58세,상해없음,이륜,남,32세,경상
2013022400100026,2013년 2월 24일 00시,일요일,충청남도 부여군 규암면,경상사고,0,0,2,0,차량단독 - 전도전복,안전운전불이행,건조,맑음,단일로 - 기타,승용,남,30세,경상,,,,
2013022400100027,2013년 2월 24일 00시,일요일,충청남도 당진시 송산면,중상사고,0,2,0,0,차대사람 - 기타,안전운전불이행,건조,맑음,단일로 - 기타,승용,남,43세,상해없음,보행자,남,27세,중상
2013022400100069,2013년 2월 24일 02시,일요일,충청남도 보령시 화산동,경상사고,0,0,3,0,차량단독 - 전도전복,안전운전불이행,건조,맑음,단일로 - 기타,승용,여,37세,경상,,,,
2013022400100084,2013년 2월 24일 03시,일요일,충청남도 아산시 영인면,경상사고,0,0,1,0,차대차 - 추돌 - 진행중,안전운전불이행,건조,맑음,단일로 - 기타,화물,남,41세,상해없음,승용,여,52세,경상
2013022400100108,2013년 2월 24일 05시,일요일,충청남도 서산시 동문동,중상사고,0,2,1,0,차대차 - 측면직각충돌,신호위반,건조,맑음,교차로 - 교차로안,승용,여,56세,경상,화물,여,42세,중상
2013022400100109,2013년 2월 24일 05시,일요일,충청남도 아산시 음봉면,중상사고,0,1,0,0,차량단독 - 공작물충돌,안전운전불이행,건조,맑음,교차로 - 교차로안,화물,남,22세,상해없음,,,,
2013022400100148,2013년 2월 24일 08시,일요일,충청남도 천안시 서북구 성거읍,중상사고,0,1,0,0,차대차 - 추돌 - 진행중,안전운전불이행,건조,맑음,교차로 - 교차로부근,화물,남,48세,상해없음,승용,여,57세,중상
2013022400100183,2013년 2월 24일 10시,일요일,충청남도 금산군 남일면,중상사고,0,3,2,0,차대차 - 측면직각충돌,직진우회전진행방해,건조,맑음,교차로 - 교차로안,승용,남,35세,중상,화물,남,52세,중상
2013022400100184,2013년 2월 24일 10시,일요일,충청남도 천안시 서북구 성거읍,중상사고,0,1,0,0,차대차 - 기타,안전거리미확보,건조,맑음,단일로 - 기타,승용,여,48세,상해없음,승용,남,26세,중상
2013022400100209,2013년 2월 24일 11시,일요일,충청남도 천안시 동남구 신부동,경상사고,0,0,1,0,차대차 - 측면직각충돌,안전운전불이행,건조,맑음,교차로 - 교차로부근,승용,남,49세,상해없음,이륜,남,35세,경상
2013022400100226,2013년 2월 24일 12시,일요일,충청남도 예산군 예산읍,경상사고,0,0,6,0,차대차 - 측면직각충돌,교차로운행방법위반,건조,맑음,교차로 - 교차로안,승용,여,26세,경상,승용,남,77세,경상
2013022400100303,2013년 2월 24일 16시,일요일,충청남도 태안군 태안읍,경상사고,0,0,2,0,차대차 - 기타,안전운전불이행,건조,맑음,기타 - 기타,화물,남,71세,상해없음,승용,남,24세,경상
2013022400100304,2013년 2월 24일 16시,일요일,충청남도 예산군 응봉면,중상사고,0,1,5,0,차대차 - 측면직각충돌,안전운전불이행,건조,맑음,기타 - 기타,승용,여,50세,경상,승용,남,23세,경상
2013022400100305,2013년 2월 24일 16시,일요일,충청남도 예산군 오가면,경상사고,0,0,3,0,차대차 - 측면직각충돌,안전운전불이행,건조,맑음,단일로 - 기타,승용,남,65세,상해없음,승용,남,44세,경상
2013022400100333,2013년 2월 24일 17시,일요일,충청남도 서산시 고북면,경상사고,0,0,1,0,차대차 - 측면직각충돌,교차로운행방법위반,건조,맑음,교차로 - 교차로안,승용,남,57세,상해없음,승합,남,62세,경상
2013022400100334,2013년 2월 24일 17시,일요일,충청남도 부여군 부여읍,경상사고,0,0,2,0,차대차 - 측면직각충돌,직진우회전진행방해,건조,맑음,교차로 - 교차로안,승용,남,59세,상해없음,화물,남,75세,경상
2013022400100335,2013년 2월 24일 17시,일요일,충청남도 당진시 면천면,사망사고,1,0,0,0,차량단독 - 공작물충돌,안전운전불이행,건조,맑음,단일로 - 기타,승용,남,72세,사망,,,,
2013022400100367,2013년 2월 24일 18시,일요일,충청남도 천안시 서북구 성환읍,사망사고,1,0,0,0,차대사람 - 기타,안전운전불이행,건조,맑음,단일로 - 기타,승용,남,51세,상해없음,보행자,남,66세,사망
2013022400100402,2013년 2월 24일 19시,일요일,충청남도 서산시 동문동,경상사고,0,0,1,0,차대차 - 추돌 - 주정차중,안전운전불이행,건조,맑음,교차로 - 교차로부근,화물,남,39세,상해없음,승용,여,46세,경상
2013022400100438,2013년 2월 24일 20시,일요일,충청남도 서천군 장항읍,경상사고,0,0,1,0,차대차 - 추돌 - 진행중,안전거리미확보,건조,맑음,교차로 - 교차로부근,이륜,남,64세,경상,승합,남,41세,상해없음
2013022400100487,2013년 2월 24일 22시,일요일,충청남도 당진시 송악읍,중상사고,0,1,4,0,차대차 - 추돌 - 주정차중,안전운전불이행,건조,맑음,교차로 - 교차로부근,승용,남,51세,상해없음,승용,남,51세,중상
2013022400100488,2013년 2월 24일 22시,일요일,충청남도 당진시 읍내리,중상사고,0,1,0,0,차대사람 - 횡단중,신호위반,건조,맑음,교차로 - 교차로안,승용,남,27세,상해없음,보행자,남,26세,중상
2013022400100489,2013년 2월 24일 22시,일요일,충청남도 금산군 금산읍,중상사고,0,2,0,0,차대차 - 정면충돌,중앙선침범,건조,맑음,단일로 - 기타,승용,남,59세,상해없음,승용,남,68세,중상
2013022400100490,2013년 2월 24일 22시,일요일,충청남도 천안시 동남구 성남면,경상사고,0,0,1,0,차대차 - 추돌 - 진행중,안전운전불이행,건조,맑음,단일로 - 기타,승용,남,63세,상해없음,화물,남,40세,경상
2013022500100103,2013년 2월 25일 10시,월요일,충청남도 논산시 대교동,중상사고,0,1,0,0,차대사람 - 횡단중,안전운전불이행,건조,맑음,교차로 - 교차로부근,승용,남,63세,상해없음,보행자,여,54세,중상
2013022500100104,2013년 2월 25일 10시,월요일,충청남도 공주시 정안면,중상사고,0,1,0,0,차대사람 - 횡단중,안전운전불이행,건조,맑음,단일로 - 기타,화물,남,35세,상해없음,보행자,여,66세,중상
2013022500100125,2013년 2월 25일 11시,월요일,충청남도 홍성군 홍성읍,경상사고,0,0,1,0,차대사람 - 횡단중,안전운전불이행,건조,맑음,교차로 - 교차로안,화물,남,65세,상해없음,보행자,남,77세,경상
2013022500100137,2013년 2월 25일 12시,월요일,충청남도 당진시 읍내리,중상사고,0,1,0,0,차대차 - 기타,안전운전불이행,건조,맑음,단일로 - 기타,승용,남,41세,상해없음,승합,여,54세,중상
2013022500100138,2013년 2월 25일 12시,월요일,충청남도 청양군 청양읍,중상사고,0,1,0,0,차대차 - 측면직각충돌,직진우회전진행방해,건조,맑음,교차로 - 교차로안,이륜,남,73세,중상,승용,남,46세,상해없음
2013022500100157,2013년 2월 25일 13시,월요일,충청남도 논산시 강경읍,경상사고,0,0,1,0,차대사람 - 횡단중,기타,건조,맑음,단일로 - 기타,승용,남,23세,상해없음,보행자,남,9세,경상
2013022500100158,2013년 2월 25일 13시,월요일,충청남도 아산시 배방읍,중상사고,0,1,0,0,차대사람 - 횡단중,보행자보호의무위반,건조,맑음,단일로 - 횡단보도상,승용,남,31세,상해없음,보행자,여,56세,중상
2013022500100159,2013년 2월 25일 13시,월요일,충청남도 예산군 고덕면,중상사고,0,1,0,0,차대차 - 측면직각충돌,안전거리미확보,건조,맑음,단일로 - 기타,원동기,남,77세,중상,화물,여,49세,상해없음
2013022500100182,2013년 2월 25일 14시,월요일,충청남도 예산군 광시면,경상사고,0,0,1,0,차대차 - 기타,안전운전불이행,건조,맑음,단일로 - 기타,화물,남,52세,상해없음,이륜,남,74세,경상
2013022500100206,2013년 2월 25일 15시,월요일,충청남도 청양군 대치면,경상사고,0,0,2,0,차대차 - 측면직각충돌,중앙선침범,건조,맑음,단일로 - 기타,승용,남,67세,상해없음,승용,남,64세,경상
2013022500100238,2013년 2월 25일 16시,월요일,충청남도 천안시 서북구 직산읍,부상신고사고,0,0,0,1,차대사람 - 기타,안전운전불이행,건조,맑음,교차로 - 교차로안,승용,기타불명,기타불명,기타불명,보행자,여,14세,부상신고
2013022500100263,2013년 2월 25일 17시,월요일,충청남도 아산시 배방읍,중상사고,0,1,1,0,차대차 - 측면직각충돌,중앙선침범,건조,맑음,기타 - 기타,승용,남,34세,상해없음,승용,남,52세,경상
2013022500100292,2013년 2월 25일 18시,월요일,충청남도 서천군 한산면,부상신고사고,0,0,0,1,차대차 - 기타,직진우회전진행방해,건조,맑음,교차로 - 교차로안,이륜,남,77세,부상신고,승용,여,61세,상해없음
2013022500100293,2013년 2월 25일 18시,월요일,충청남도 보령시 주교면,부상신고사고,0,0,0,1,차대차 - 정면충돌,중앙선침범,건조,맑음,단일로 - 기타,승용,남,59세,부상신고,화물,남,62세,상해없음
2013022500100294,2013년 2월 25일 18시,월요일,충청남도 당진시 송악읍,중상사고,0,1,0,0,차대차 - 추돌 - 진행중,안전거리미확보,건조,맑음,단일로 - 횡단보도부근,건설기계,남,57세,상해없음,승용,남,37세,중상
2013022500100330,2013년 2월 25일 19시,월요일,충청남도 공주시 소학동,경상사고,0,0,1,0,차대차 - 측면직각충돌,신호위반,건조,맑음,교차로 - 교차로안,승용,남,43세,기타불명,화물,남,48세,경상
2013022500100375,2013년 2월 25일 21시,월요일,충청남도 홍성군 홍성읍,경상사고,0,0,2,0,차대차 - 측면직각충돌,신호위반,건조,맑음,교차로 - 교차로안,승용,남,41세,상해없음,승용,남,40세,경상
2013022500100376,2013년 2월 25일 21시,월요일,충청남도 예산군 덕산면,중상사고,0,1,0,0,차량단독 - 전도전복,안전운전불이행,건조,맑음,교차로 - 교차로부근,화물,남,44세,중상,,,,
2013022600100167,2013년 2월 26일 10시,화요일,충청남도 보령시 청소면,경상사고,0,0,2,0,차대차 - 측면직각충돌,신호위반,건조,흐림,교차로 - 교차로안,승용,남,72세,경상,승용,남,36세,경상
2013022600100184,2013년 2월 26일 11시,화요일,충청남도 공주시 의당면,중상사고,0,1,0,0,차대사람 - 기타,안전운전불이행,건조,맑음,기타 - 기타,특수,남,40세,상해없음,보행자,남,41세,중상
2013022600100218,2013년 2월 26일 13시,화요일,충청남도 논산시 강경읍,경상사고,0,0,1,0,차대차 - 측면직각충돌,교차로운행방법위반,건조,맑음,교차로 - 교차로안,승용,남,35세,상해없음,이륜,남,60세,경상
2013022600100219,2013년 2월 26일 13시,화요일,충청남도 논산시 부적면,중상사고,0,1,4,0,차대차 - 추돌 - 진행중,안전거리미확보,건조,맑음,기타 - 기타,화물,남,31세,상해없음,승용,남,80세,경상
2013022600100220,2013년 2월 26일 13시,화요일,충청남도 서천군 기산면,경상사고,0,0,1,0,차대차 - 기타,직진우회전진행방해,건조,맑음,교차로 - 교차로안,화물,남,65세,상해없음,승용,여,33세,경상
2013022600100221,2013년 2월 26일 13시,화요일,충청남도 부여군 규암면,중상사고,0,1,1,0,차대차 - 정면충돌,안전운전불이행,건조,흐림,기타 - 기타,승용,남,27세,상해없음,승용,남,39세,경상
2013022600100222,2013년 2월 26일 13시,화요일,충청남도 부여군 부여읍,부상신고사고,0,0,0,1,차대사람 - 기타,안전운전불이행,건조,흐림,단일로 - 기타,승용,남,48세,상해없음,보행자,여,39세,부상신고
2013022600100223,2013년 2월 26일 13시,화요일,충청남도 금산군 남일면,중상사고,0,1,0,0,차대차 - 측면직각충돌,안전운전불이행,건조,맑음,단일로 - 기타,승용,남,65세,상해없음,이륜,여,77세,중상
2013022600100264,2013년 2월 26일 15시,화요일,충청남도 청양군 청양읍,중상사고,0,1,1,0,차대차 - 측면직각충돌,직진우회전진행방해,건조,맑음,교차로 - 교차로안,승용,여,48세,경상,승용,여,38세,중상
2013022600100328,2013년 2월 26일 18시,화요일,충청남도 천안시 동남구 구성동,경상사고,0,0,1,0,차대차 - 추돌 - 주정차중,안전운전불이행,건조,맑음,교차로 - 교차로부근,승용,남,68세,상해없음,승용,남,46세,경상
2013022600100361,2013년 2월 26일 19시,화요일,충청남도 논산시 부창동,경상사고,0,0,1,0,차대사람 - 기타,안전운전불이행,건조,맑음,교차로 - 교차로안,승용,남,68세,상해없음,보행자,여,74세,경상
2013022600100391,2013년 2월 26일 20시,화요일,충청남도 서천군 장항읍,중상사고,0,1,0,0,차대차 - 기타,안전거리미확보,건조,맑음,교차로 - 교차로안,화물,남,34세,상해없음,승용,남,24세,중상
2013022600100413,2013년 2월 26일 21시,화요일,충청남도 천안시 서북구 성환읍,중상사고,0,1,1,0,차대차 - 추돌 - 주정차중,안전운전불이행,건조,맑음,단일로 - 기타,승용,남,37세,상해없음,승용,남,44세,경상
2013022600100414,2013년 2월 26일 21시,화요일,충청남도 논산시 대교동,중상사고,0,1,4,0,차대차 - 측면직각충돌,교차로운행방법위반,건조,맑음,교차로 - 교차로안,승용,남,43세,상해없음,승용,여,31세,중상
2013022600100451,2013년 2월 26일 22시,화요일,충청남도 보령시 대천동,경상사고,0,0,2,0,차대사람 - 횡단중,안전운전불이행,건조,맑음,단일로 - 기타,승용,남,49세,상해없음,보행자,남,19세,경상
2013022600100479,2013년 2월 26일 23시,화요일,충청남도 서산시 동문동,경상사고,0,0,1,0,차대사람 - 기타,기타,건조,맑음,교차로 - 교차로안,승용,남,38세,상해없음,보행자,남,55세,경상
2013022700100015,2013년 2월 27일 00시,수요일,충청남도 천안시 동남구 삼룡동,중상사고,0,3,0,0,차대차 - 기타,안전거리미확보,건조,맑음,단일로 - 기타,특수,남,36세,상해없음,승용,남,24세,중상
2013022700100092,2013년 2월 27일 06시,수요일,충청남도 공주시 신관동,중상사고,0,1,0,0,차대차 - 기타,신호위반,건조,맑음,교차로 - 교차로안,승용,남,41세,기타불명,승용,남,42세,중상
2013022700100159,2013년 2월 27일 09시,수요일,충청남도 아산시 배방읍,경상사고,0,0,1,0,차대차 - 추돌 - 주정차중,안전운전불이행,건조,맑음,단일로 - 기타,승용,남,32세,경상,승용,남,54세,상해없음
2013022700100160,2013년 2월 27일 09시,수요일,충청남도 서천군 장항읍,경상사고,0,0,1,0,차대차 - 기타,직진우회전진행방해,건조,맑음,교차로 - 교차로안,승용,남,40세,상해없음,승합,여,50세,경상
2013022700100213,2013년 2월 27일 11시,수요일,충청남도 서천군 장항읍,중상사고,0,2,0,0,차대차 - 기타,신호위반,건조,맑음,교차로 - 교차로안,건설기계,남,45세,상해없음,화물,남,43세,중상
2013022700100270,2013년 2월 27일 13시,수요일,충청남도 부여군 세도면,사망사고,1,2,0,0,차대차 - 기타,안전운전불이행,건조,맑음,교차로 - 교차로부근,이륜,남,66세,중상,이륜,남,73세,사망
2013022700100289,2013년 2월 27일 14시,수요일,충청남도 논산시 강산동,경상사고,0,0,1,0,차대차 - 추돌 - 주정차중,안전운전불이행,건조,맑음,교차로 - 교차로부근,화물,남,36세,상해없음,승용,남,41세,경상
2013022700100290,2013년 2월 27일 14시,수요일,충청남도 서천군 서천읍,중상사고,0,1,0,0,차대사람 - 횡단중,보행자보호의무위반,건조,맑음,교차로 - 교차로안,승용,여,39세,상해없음,보행자,여,61세,중상
2013022700100291,2013년 2월 27일 14시,수요일,충청남도 청양군 청남면,중상사고,0,1,0,0,차대사람 - 기타,안전운전불이행,건조,맑음,기타 - 기타,화물,남,42세,상해없음,보행자,여,80세,중상
2013022700100350,2013년 2월 27일 16시,수요일,충청남도 당진시 석문면,중상사고,0,1,0,0,차대차 - 측면직각충돌,신호위반,건조,맑음,단일로 - 기타,화물,남,52세,상해없음,승용,남,72세,중상
2013022700100351,2013년 2월 27일 16시,수요일,충청남도 청양군 청양읍,중상사고,0,1,1,0,차대차 - 기타,직진우회전진행방해,건조,맑음,교차로 - 교차로안,승용,여,42세,상해없음,승용,남,38세,경상
2013022700100352,2013년 2월 27일 16시,수요일,충청남도 천안시 동남구 신방동,경상사고,0,0,1,0,차대차 - 추돌 - 주정차중,안전운전불이행,건조,맑음,교차로 - 교차로부근,승용,남,48세,상해없음,승용,여,50세,경상
2013022700100385,2013년 2월 27일 17시,수요일,충청남도 서산시 동문동,중상사고,0,1,0,0,차대사람 - 횡단중,안전운전불이행,건조,맑음,단일로 - 기타,화물,남,36세,상해없음,보행자,남,39세,중상
2013022700100386,2013년 2월 27일 17시,수요일,충청남도 금산군 금산읍,경상사고,0,0,3,0,차대차 - 추돌 - 진행중,안전운전불이행,건조,맑음,단일로 - 기타,승용,남,72세,상해없음,승합,남,41세,경상
2013022700100410,2013년 2월 27일 18시,수요일,충청남도 부여군 남면,경상사고,0,0,1,0,차대사람 - 기타,안전운전불이행,건조,맑음,단일로 - 기타,자전거,남,21세,상해없음,보행자,여,70세,경상
2013022700100502,2013년 2월 27일 21시,수요일,충청남도 천안시 서북구 쌍용동,중상사고,0,2,0,0,차대차 - 추돌 - 진행중,안전운전불이행,건조,맑음,단일로 - 기타,승용,남,26세,상해없음,승용,여,54세,중상
2013022800100016,2013년 2월 28일 00시,목요일,충청남도 부여군 은산면,경상사고,0,0,1,0,차량단독 - 전도전복,안전운전불이행,건조,맑음,단일로 - 기타,이륜,남,44세,경상,,,,
2013022800100033,2013년 2월 28일 01시,목요일,충청남도 당진시 수청리,경상사고,0,0,1,0,차대차 - 기타,안전운전불이행,건조,맑음,교차로 - 교차로부근,승용,여,44세,상해없음,승용,남,30세,경상
2013022800100054,2013년 2월 28일 03시,목요일,충청남도 천안시 서북구 성정동,중상사고,0,1,2,0,차대차 - 기타,신호위반,건조,맑음,교차로 - 교차로안,승용,남,27세,상해없음,승용,남,25세,중상
2013022800100101,2013년 2월 28일 07시,목요일,충청남도 천안시 서북구 쌍용동,중상사고,0,1,1,0,차대차 - 기타,신호위반,건조,맑음,교차로 - 교차로안,승합,남,61세,상해없음,승용,남,66세,경상
2013022800100130,2013년 2월 28일 08시,목요일,충청남도 논산시 부적면,중상사고,0,2,4,0,차대차 - 추돌 - 주정차중,안전운전불이행,건조,맑음,단일로 - 기타,화물,남,38세,상해없음,화물,남,51세,중상
2013022800100164,2013년 2월 28일 09시,목요일,충청남도 보령시 웅천읍,경상사고,0,0,1,0,차대사람 - 기타,안전운전불이행,건조,맑음,단일로 - 기타,기타불명,기타불명,기타불명,기타불명,보행자,여,81세,경상
2013022800100181,2013년 2월 28일 10시,목요일,충청남도 보령시 동대동,중상사고,0,1,0,0,차대차 - 측면직각충돌,교차로운행방법위반,건조,맑음,교차로 - 교차로부근,승용,남,67세,상해없음,승용,남,60세,중상
2013022800100182,2013년 2월 28일 10시,목요일,충청남도 공주시 산성동,경상사고,0,0,1,0,차대차 - 기타,차로위반,건조,맑음,단일로 - 기타,승용,남,81세,상해없음,승용,여,57세,경상
2013022800100239,2013년 2월 28일 12시,목요일,충청남도 공주시 의당면,중상사고,0,1,0,0,차량단독 - 전도전복,안전운전불이행,습기,맑음,단일로 - 기타,화물,남,47세,상해없음,,,,
2013022800100240,2013년 2월 28일 12시,목요일,충청남도 예산군 예산읍,경상사고,0,0,1,0,차대차 - 추돌 - 진행중,안전운전불이행,건조,맑음,단일로 - 기타,화물,남,68세,상해없음,원동기,남,41세,경상
2013022800100261,2013년 2월 28일 13시,목요일,충청남도 천안시 서북구 불당동,경상사고,0,0,2,0,차대차 - 측면직각충돌,신호위반,건조,맑음,교차로 - 교차로안,승용,남,73세,상해없음,승용,여,41세,경상
2013022800100262,2013년 2월 28일 13시,목요일,충청남도 당진시 송산면,경상사고,0,0,1,0,차대사람 - 기타,안전운전불이행,건조,맑음,단일로 - 기타,화물,남,44세,상해없음,보행자,남,50세,경상
2013022800100293,2013년 2월 28일 14시,목요일,충청남도 서산시 동문동,경상사고,0,0,1,0,차대사람 - 횡단중,신호위반,건조,맑음,단일로 - 기타,원동기,여,43세,상해없음,보행자,남,78세,경상
2013022800100348,2013년 2월 28일 16시,목요일,충청남도 서산시 인지면,경상사고,0,0,1,0,차대차 - 추돌 - 진행중,안전운전불이행,건조,맑음,기타 - 기타,승용,남,47세,상해없음,승합,남,62세,경상
2013022800100349,2013년 2월 28일 16시,목요일,충청남도 당진시 원당리,중상사고,0,3,1,0,차대차 - 측면직각충돌,차로위반,건조,맑음,단일로 - 기타,승합,남,65세,중상,승용,여,48세,중상
2013022800100446,2013년 2월 28일 19시,목요일,충청남도 부여군 부여읍,중상사고,0,1,0,0,차량단독 - 기타,안전운전불이행,건조,맑음,단일로 - 기타,이륜,남,74세,상해없음,,,,
2013022800100447,2013년 2월 28일 19시,목요일,충청남도 공주시 이인면,중상사고,0,1,0,0,차대차 - 기타,안전거리미확보,건조,맑음,단일로 - 기타,기타불명,기타불명,기타불명,기타불명,승용,여,26세,중상
2013022800100509,2013년 2월 28일 21시,목요일,충청남도 예산군 예산읍,중상사고,0,1,0,0,차대사람 - 기타,안전운전불이행,건조,맑음,단일로 - 기타,승용,남,31세,상해없음,보행자,여,59세,중상
2013022800100536,2013년 2월 28일 22시,목요일,충청남도 천안시 서북구 두정동,경상사고,0,0,1,0,차대차 - 측면직각충돌,안전운전불이행,건조,맑음,교차로 - 교차로안,기타불명,기타불명,기타불명,기타불명,승용,남,21세,경상
2013022800100537,2013년 2월 28일 22시,목요일,충청남도 천안시 동남구 쌍용동,경상사고,0,0,1,0,차대차 - 추돌 - 주정차중,안전운전불이행,건조,맑음,교차로 - 교차로부근,승용,남,31세,기타불명,화물,남,33세,경상
2013022800100578,2013년 2월 28일 23시,목요일,충청남도 공주시 중학동,경상사고,0,0,1,0,차대차 - 추돌 - 주정차중,안전운전불이행,건조,맑음,단일로 - 기타,승용,여,40세,상해없음,화물,남,55세,경상
2013022800100579,2013년 2월 28일 23시,목요일,충청남도 천안시 동남구 삼룡동,경상사고,0,0,1,0,차대차 - 기타,중앙선침범,건조,맑음,단일로 - 기타,승용,남,30세,상해없음,승합,남,44세,경상