사고번호,사고일시,요일,시군구,사고내용,사망자수,중상자수,경상자수,부상신고자수,사고유형,법규위반,노면상태,기상상태,도로형태,가해운전자 차종,가해운전자 성별,가해운전자 연령,가해운전자 상해정도,피해운전자 차종,피해운전자 성별,피해운전자 연령,피해운전자 상해정도
2013030100100064,2013년 3월 1일 01시,금요일,충청남도 천안시 서북구 백석동,경상사고,0,0,3,0,차대차 - 정면충돌,신호위반,습기,비,교차로 - 교차로안,승용,남,32세,상해없음,승용,남,58세,경상
2013030100100065,2013년 3월 1일 01시,금요일,충청남도 아산시 음봉면,경상사고,0,0,1,0,차대차 - 추돌 - 주정차중,안전운전불이행,습기,비,교차로 - 교차로부근,승용,남,50세,상해없음,승용,남,35세,경상
2013030100100082,2013년 3월 1일 02시,금요일,충청남도 아산시 음봉면,부상신고사고,0,0,0,1,차대차 - 추돌 - 주정차중,안전운전불이행,습기,비,단일로 - 기타,승용,남,35세,기타불명,승용,남,61세,부상신고
2013030100100145,2013년 3월 1일 05시,금요일,충청남도 천안시 서북구 성정동,경상사고,0,0,1,0,차대차 - 추돌 - 주정차중,안전운전불이행,건조,흐림,단일로 - 기타,승용,남,23세,상해없음,승용,여,28세,경상
2013030100100203,2013년 3월 1일 08시,금요일,충청남도 서산시 성연면,경상사고,0,0,1,0,차대차 - 정면충돌,중앙선침범,건조,맑음,교차로 - 교차로부근,특수,남,44세,상해없음,승용,여,25세,경상
2013030100100250,2013년 3월 1일 11시,금요일,충청남도 논산시 취암동,중상사고,0,1,3,0,차대차 - 측면직각충돌,직진우회전진행방해,건조,맑음,교차로 - 교차로안,화물,남,73세,경상,승용,남,59세,경상
2013030100100290,2013년 3월 1일 13시,금요일,충청남도 천안시 서북구 성정동,중상사고,0,1,1,0,차대차 - 기타,안전운전불이행,건조,맑음,단일로 - 기타,승합,남,38세,상해없음,승용,여,57세,중상
2013030100100291,2013년 3월 1일 13시,금요일,충청남도 아산시 신창면,중상사고,0,1,0,0,차대차 - 추돌 - 주정차중,안전운전불이행,건조,맑음,기타 - 기타,원동기,남,70세,상해없음,원동기,남,28세,중상
2013030100100311,2013년 3월 1일 14시,금요일,충청남도 천안시 서북구 직산읍,경상사고,0,0,1,0,차대차 - 기타,안전운전불이행,건조,맑음,단일로 - 기타,기타불명,기타불명,기타불명,기타불명,자전거,남,11세,경상
2013030100100333,2013년 3월 1일 15시,금요일,충청남도 천안시 동남구 대흥동,중상사고,0,1,0,0,차대사람 - 횡단중,안전운전불이행,건조,맑음,단일로 - 기타,승용,남,62세,상해없음,보행자,남,55세,중상
2013030100100416,2013년 3월 1일 18시,금요일,충청남도 천안시 서북구 성정동,경상사고,0,0,1,0,차대차 - 기타,기타,건조,맑음,교차로 - 교차로부근,승용,여,43세,상해없음,원동기,남,30세,경상
2013030100100449,2013년 3월 1일 19시,금요일,충청남도 아산시 도고면,경상사고,0,0,2,0,차대차 - 기타,안전운전불이행,건조,맑음,단일로 - 기타,승용,남,62세,상해없음,승용,남,28세,경상
2013030100100488,2013년 3월 1일 21시,금요일,충청남도 천안시 서북구 쌍용동,경상사고,0,0,1,0,차대차 - 기타,신호위반,건조,맑음,교차로 - 교차로안,화물,남,36세,상해없음,승용,남,39세,경상
2013030100100534,2013년 3월 1일 23시,금요일,충청남도 천안시 서북구 입장면,중상사고,0,1,0,0,차대차 - 기타,안전운전불이행,건조,맑음,단일로 - 기타,승용,남,26세,상해없음,승용,남,53세,중상
2013030100100535,2013년 3월 1일 23시,금요일,충청남도 논산시 채운면,중상사고,0,1,2,0,차대차 - 추돌 - 주정차중,과속,건조,맑음,단일로 - 기타,승용,남,62세,중상,화물,남,32세,경상
2013030200100015,2013년 3월 2일 00시,토요일,충청남도 논산시 채운면,중상사고,0,1,0,0,차대차 - 추돌 - 주정차중,안전운전불이행,건조,맑음,단일로 - 기타,승용,남,29세,상해없음,승용,남,59세,중상
2013030200100077,2013년 3월 2일 05시,토요일,충청남도 천안시 서북구 직산읍,경상사고,0,0,1,0,차대차 - 측면직각충돌,안전운전불이행,건조,맑음,교차로 - 교차로안,승용,여,40세,상해없음,화물,남,69세,상해없음
2013030200100091,2013년 3월 2일 06시,토요일,충청남도 서산시 동문동,중상사고,0,1,0,0,차대사람 - 차도통행중,안전운전불이행,건조,맑음,단일로 - 기타,화물,남,55세,상해없음,보행자,여,43세,중상
2013030200100111,2013년 3월 2일 08시,토요일,충청남도 아산시 음봉면,경상사고,0,0,2,0,차대차 - 측면직각충돌,중앙선침범,건조,맑음,기타 - 기타,승용,남,29세,상해없음,승용,남,42세,경상
2013030200100112,2013년 3월 2일 08시,토요일,충청남도 청양군 청양읍,중상사고,0,1,1,0,차대차 - 측면직각충돌,중앙선침범,건조,맑음,단일로 - 기타,화물,남,36세,중상,건설기계,남,55세,경상
2013030200100131,2013년 3월 2일 09시,토요일,충청남도 당진시 합덕읍,경상사고,0,0,1,0,차대차 - 측면직각충돌,교차로운행방법위반,건조,맑음,교차로 - 교차로안,승용,남,21세,상해없음,승용,여,77세,경상
2013030200100239,2013년 3월 2일 14시,토요일,충청남도 서천군 마서면,중상사고,0,1,2,0,차대차 - 추돌 - 진행중,안전거리미확보,건조,맑음,기타 - 기타,승용,남,68세,경상,승용,여,58세,경상
2013030200100258,2013년 3월 2일 15시,토요일,충청남도 부여군 세도면,중상사고,0,1,0,0,차대차 - 정면충돌,중앙선침범,건조,맑음,단일로 - 기타,이륜,남,74세,중상,승용,여,49세,상해없음
2013030200100259,2013년 3월 2일 15시,토요일,충청남도 당진시 송악읍,경상사고,0,0,3,0,차대차 - 측면직각충돌,교차로운행방법위반,건조,맑음,교차로 - 교차로안,화물,남,48세,상해없음,승용,남,44세,경상
2013030200100313,2013년 3월 2일 17시,토요일,충청남도 홍성군 갈산면,사망사고,1,1,0,0,차대사람 - 기타,안전운전불이행,건조,맑음,단일로 - 기타,승용,남,37세,상해없음,보행자,남,60세,사망
2013030200100314,2013년 3월 2일 17시,토요일,충청남도 예산군 예산읍,경상사고,0,0,1,0,차대사람 - 횡단중,보행자보호의무위반,건조,맑음,단일로 - 횡단보도상,기타불명,기타불명,기타불명,기타불명,보행자,남,8세,경상
2013030200100373,2013년 3월 2일 19시,토요일,충청남도 예산군 덕산면,경상사고,0,0,2,0,차대차 - 추돌 - 진행중,안전운전불이행,건조,맑음,교차로 - 교차로부근,승용,남,49세,상해없음,승용,남,26세,경상
2013030200100400,2013년 3월 2일 20시,토요일,충청남도 논산시 내동,경상사고,0,0,1,0,차대차 - 측면직각충돌,교차로운행방법위반,건조,맑음,교차로 - 교차로안,승용,남,39세,상해없음,이륜,남,17세,경상
2013030200100429,2013년 3월 2일 21시,토요일,충청남도 천안시 서북구 성정동,경상사고,0,0,2,0,차대차 - 추돌 - 진행중,안전거리미확보,건조,맑음,교차로 - 교차로부근,승용,여,49세,상해없음,승용,남,37세,경상
2013030200100475,2013년 3월 2일 23시,토요일,충청남도 천안시 동남구 신방동,중상사고,0,3,1,0,차대차 - 측면직각충돌,신호위반,건조,맑음,교차로 - 교차로안,승용,여,54세,상해없음,승용,남,53세,중상
2013030300100049,2013년 3월 3일 02시,일요일,충청남도 아산시 모종동,중상사고,0,2,0,0,차대차 - 측면직각충돌,안전운전불이행,건조,맑음,교차로 - 교차로안,승용,남,36세,상해없음,원동기,남,16세,중상
2013030300100097,2013년 3월 3일 06시,일요일,충청남도 홍성군 홍성읍,중상사고,0,1,0,0,차대사람 - 보도통행중,안전운전불이행,건조,맑음,교차로 - 교차로부근,승용,남,47세,상해없음,보행자,남,23세,중상
2013030300100114,2013년 3월 3일 08시,일요일,충청남도 당진시 읍내리,중상사고,0,1,0,0,차대차 - 측면직각충돌,교차로운행방법위반,건조,맑음,교차로 - 교차로안,승용,여,58세,상해없음,승용,남,64세,중상
2013030300100158,2013년 3월 3일 12시,일요일,충청남도 예산군 응봉면,중상사고,0,1,2,0,차대차 - 측면직각충돌,직진우회전진행방해,건조,맑음,교차로 - 교차로안,승용,남,29세,중상,화물,남,34세,경상
2013030300100159,2013년 3월 3일 12시,일요일,충청남도 당진시 합덕읍,경상사고,0,0,3,0,차대차 - 측면직각충돌,직진우회전진행방해,건조,맑음,교차로 - 교차로안,승용,남,39세,상해없음,승용,남,34세,경상
2013030300100196,2013년 3월 3일 14시,일요일,충청남도 서산시 읍내동,경상사고,0,0,1,0,차대차 - 측면직각충돌,직진우회전진행방해,건조,맑음,교차로 - 교차로안,자전거,남,59세,경상,승용,남,43세,상해없음
2013030300100197,2013년 3월 3일 14시,일요일,충청남도 보령시 신흑동,경상사고,0,0,1,0,차대사람 - 차도통행중,안전운전불이행,건조,맑음,단일로 - 기타,승용,남,61세,상해없음,보행자,여,71세,경상
2013030300100220,2013년 3월 3일 15시,일요일,충청남도 태안군 근흥면,사망사고,1,3,0,0,차량단독 - 도로외이탈 - 기타,안전운전불이행,건조,맑음,단일로 - 기타,승용,남,22세,사망,,,,
2013030300100245,2013년 3월 3일 16시,일요일,충청남도 보령시 주교면,경상사고,0,0,1,0,차대차 - 측면직각충돌,안전운전불이행,건조,맑음,단일로 - 기타,자전거,남,67세,경상,화물,남,60세,상해없음
2013030300100246,2013년 3월 3일 16시,일요일,충청남도 당진시 읍내리,경상사고,0,0,2,0,차대차 - 측면직각충돌,신호위반,건조,맑음,교차로 - 교차로안,승용,남,48세,상해없음,승용,남,50세,경상
2013030300100251,2013년 3월 3일 16시,일요일,충청남도 보령시 천북면,경상사고,0,0,1,0,차대차 - 기타,차로위반,건조,맑음,단일로 - 기타,기타불명,기타불명,기타불명,기타불명,승용,여,46세,경상
2013030300100272,2013년 3월 3일 17시,일요일,충청남도 서산시 석림동,경상사고,0,0,1,0,차대차 - 측면직각충돌,중앙선침범,건조,맑음,단일로 - 기타,승용,남,42세,상해없음,승용,여,54세,경상
2013030300100273,2013년 3월 3일 17시,일요일,충청남도 청양군 남양면,사망사고,1,0,1,0,차대차 - 정면충돌,중앙선침범,건조,맑음,단일로 - 기타,승용,남,43세,경상,승용,남,42세,사망
2013030300100331,2013년 3월 3일 19시,일요일,충청남도 당진시 시곡리,중상사고,0,1,1,0,차대차 - 추돌 - 진행중,안전거리미확보,건조,맑음,단일로 - 기타,승용,남,43세,상해없음,승용,남,27세,중상
2013030300100353,2013년 3월 3일 20시,일요일,충청남도 홍성군 금마면,경상사고,0,0,4,0,차대차 - 추돌 - 주정차중,안전운전불이행,건조,맑음,교차로 - 교차로부근,승합,남,59세,상해없음,승용,남,56세,경상
2013030300100409,2013년 3월 3일 23시,일요일,충청남도 아산시 방축동,중상사고,0,1,0,0,차량단독 - 기타,기타,건조,맑음,단일로 - 기타,이륜,남,41세,중상,,,,
2013030400100064,2013년 3월 4일 07시,월요일,충청남도 부여군 홍산면,경상사고,0,0,1,0,차대차 - 기타,안전운전불이행,건조,맑음,단일로 - 기타,승합,여,46세,상해없음,자전거,남,49세,경상
2013030400100087,2013년 3월 4일 08시,월요일,충청남도 부여군 세도면,사망사고,1,0,0,0,차대차 - 기타,직진우회전진행방해,건조,맑음,교차로 - 교차로안,이륜,남,66세,사망,승용,여,40세,상해없음
2013030400100088,2013년 3월 4일 08시,월요일,충청남도 천안시 동남구 청당동,중상사고,0,1,1,0,차대차 - 기타,안전운전불이행,건조,맑음,교차로 - 교차로부근,승용,남,23세,상해없음,승용,남,27세,경상
2013030400100108,2013년 3월 4일 09시,월요일,충청남도 서산시 인지면,중상사고,0,1,0,0,차대사람 - 길가장자리구역통행중,안전운전불이행,건조,맑음,단일로 - 기타,화물,남,60세,상해없음,보행자,남,70세,중상
2013030400100110,2013년 3월 4일 09시,월요일,충청남도 공주시 우성면,사망사고,1,2,0,0,차대차 - 추돌 - 진행중,안전운전불이행,건조,맑음,단일로 - 기타,승용,여,33세,상해없음,화물,남,40세,중상
2013030400100140,2013년 3월 4일 10시,월요일,충청남도 논산시 성동면,경상사고,0,0,1,0,차대차 - 측면직각충돌,중앙선침범,건조,맑음,단일로 - 기타,이륜,남,78세,경상,승합,여,50세,상해없음
2013030400100201,2013년 3월 4일 12시,월요일,충청남도 논산시 연무읍,중상사고,0,2,0,0,차대차 - 추돌 - 진행중,안전운전불이행,건조,맑음,교차로 - 교차로부근,승용,남,54세,상해없음,승용,여,53세,중상
2013030400100202,2013년 3월 4일 12시,월요일,충청남도 아산시 온천동,중상사고,0,1,0,0,차대사람 - 보도통행중,보행자보호의무위반,건조,맑음,교차로 - 교차로안,승합,남,54세,상해없음,보행자,남,76세,중상
2013030400100203,2013년 3월 4일 12시,월요일,충청남도 천안시 동남구 동면,중상사고,0,1,0,0,차대차 - 기타,안전운전불이행,건조,맑음,교차로 - 교차로안,화물,남,42세,상해없음,화물,남,56세,중상
2013030400100281,2013년 3월 4일 15시,월요일,충청남도 서천군 서천읍,중상사고,0,1,0,0,차대차 - 기타,신호위반,건조,맑음,교차로 - 교차로안,건설기계,남,49세,상해없음,이륜,남,79세,중상
2013030400100305,2013년 3월 4일 16시,월요일,충청남도 천안시 동남구 봉명동,경상사고,0,0,1,0,차대차 - 추돌 - 주정차중,안전운전불이행,건조,맑음,교차로 - 교차로부근,승용,남,44세,상해없음,승용,여,56세,경상
2013030400100326,2013년 3월 4일 17시,월요일,충청남도 천안시 서북구 쌍용동,부상신고사고,0,0,0,1,차대차 - 측면직각충돌,안전운전불이행,건조,맑음,교차로 - 교차로부근,승용,남,58세,상해없음,화물,남,30세,부상신고
2013030400100327,2013년 3월 4일 17시,월요일,충청남도 보령시 궁촌동,중상사고,0,2,0,0,차대차 - 측면직각충돌,신호위반,건조,맑음,교차로 - 교차로안,화물,남,55세,상해없음,승용,여,39세,중상
2013030400100372,2013년 3월 4일 18시,월요일,충청남도 아산시 인주면,중상사고,0,1,0,0,차대차 - 측면직각충돌,중앙선침범,건조,맑음,단일로 - 기타,승용,여,40세,상해없음,이륜,남,21세,중상
2013030400100373,2013년 3월 4일 18시,월요일,충청남도 보령시 남곡동,중상사고,0,2,0,0,차대차 - 측면직각충돌,안전운전불이행,건조,맑음,단일로 - 기타,화물,남,47세,중상,승용,남,44세,중상
2013030400100404,2013년 3월 4일 19시,월요일,충청남도 홍성군 홍성읍,경상사고,0,0,1,0,차대차 - 기타,안전운전불이행,건조,맑음,교차로 - 교차로안,화물,여,51세,상해없음,승용,남,73세,상해없음
2013030400100436,2013년 3월 4일 20시,월요일,충청남도 당진시 송산면,경상사고,0,0,2,0,차대차 - 측면직각충돌,중앙선침범,건조,맑음,단일로 - 기타,승용,여,52세,상해없음,승용,여,34세,경상
2013030500100011,2013년 3월 5일 00시,화요일,충청남도 천안시 서북구 성거읍,경상사고,0,0,2,0,차대차 - 추돌 - 진행중,안전운전불이행,건조,맑음,기타 - 기타,승용,남,19세,상해없음,승용,여,22세,경상
2013030500100029,2013년 3월 5일 02시,화요일,충청남도 천안시 서북구 쌍용동,사망사고,1,0,0,0,차량단독 - 공작물충돌,안전운전불이행,건조,맑음,단일로 - 기타,승용,남,26세,사망,,,,
2013030500100088,2013년 3월 5일 07시,화요일,충청남도 천안시 동남구 봉명동,중상사고,0,1,0,0,차대사람 - 횡단중,신호위반,기타,맑음,교차로 - 교차로부근,이륜,남,54세,상해없음,보행자,여,15세,중상
2013030500100138,2013년 3월 5일 09시,화요일,충청남도 보령시 대천동,중상사고,0,2,0,0,차대차 - 측면직각충돌,직진우회전진행방해,건조,맑음,교차로 - 교차로안,화물,남,57세,상해없음,승용,남,68세,중상
2013030500100198,2013년 3월 5일 11시,화요일,충청남도 아산시 온천동,중상사고,0,2,1,0,차대차 - 기타,중앙선침범,건조,맑음,기타 - 기타,승용,여,29세,상해없음,승용,남,24세,중상
2013030500100199,2013년 3월 5일 11시,화요일,충청남도 금산군 제원면,경상사고,0,0,2,0,차대차 - 측면직각충돌,안전운전불이행,건조,맑음,단일로 - 기타,승용,남,73세,상해없음,화물,남,51세,경상
2013030500100226,2013년 3월 5일 12시,화요일,충청남도 논산시 성동면,경상사고,0,0,1,0,차대차 - 측면직각충돌,안전운전불이행,건조,맑음,교차로 - 교차로부근,승용,남,60세,상해없음,자전거,남,78세,경상
2013030500100275,2013년 3월 5일 14시,화요일,충청남도 천안시 서북구 쌍용동,중상사고,0,1,0,0,차대사람 - 기타,보행자보호의무위반,건조,흐림,단일로 - 횡단보도상,승용,여,33세,상해없음,보행자,여,42세,중상
2013030500100276,2013년 3월 5일 14시,화요일,충청남도 예산군 오가면,경상사고,0,0,3,0,차대차 - 추돌 - 진행중,안전거리미확보,건조,맑음,교차로 - 교차로안,승합,남,42세,상해없음,화물,남,45세,경상
2013030500100277,2013년 3월 5일 14시,화요일,충청남도 천안시 동남구 삼룡동,경상사고,0,0,1,0,차대차 - 추돌 - 주정차중,안전운전불이행,건조,맑음,기타 - 기타,승용,여,48세,상해없음,승용,남,31세,기타불명
2013030500100329,2013년 3월 5일 16시,화요일,충청남도 예산군 오가면,경상사고,0,0,1,0,차량단독 - 기타,안전운전불이행,건조,맑음,교차로 - 교차로안,이륜,남,61세,경상,,,,
2013030500100361,2013년 3월 5일 17시,화요일,충청남도 예산군 고덕면,경상사고,0,0,2,0,차대차 - 추돌 - 주정차중,중앙선침범,건조,맑음,교차로 - 교차로안,승용,남,33세,경상,승합,남,59세,경상
2013030500100420,2013년 3월 5일 19시,화요일,충청남도 홍성군 금마면,중상사고,0,1,0,0,차대사람 - 횡단중,안전운전불이행,건조,맑음,단일로 - 기타,승용,남,52세,상해없음,보행자,여,72세,중상
2013030500100421,2013년 3월 5일 19시,화요일,충청남도 홍성군 홍성읍,경상사고,0,0,1,0,차대차 - 추돌 - 주정차중,안전운전불이행,건조,맑음,교차로 - 교차로안,승용,남,47세,상해없음,승용,남,47세,경상
2013030500100422,2013년 3월 5일 19시,화요일,충청남도 보령시 궁촌동,경상사고,0,0,1,0,차대차 - 측면직각충돌,직진우회전진행방해,건조,맑음,교차로 - 교차로안,승용,여,46세,상해없음,화물,남,48세,경상
2013030500100425,2013년 3월 5일 19시,화요일,충청남도 서천군 서천읍,중상사고,0,1,1,0,차대차 - 측면직각충돌,안전운전불이행,건조,맑음,단일로 - 기타,화물,남,54세,중상,화물,남,32세,경상
2013030500100479,2013년 3월 5일 21시,화요일,충청남도 천안시 서북구 두정동,경상사고,0,0,1,0,차대차 - 기타,안전운전불이행,건조,맑음,기타 - 기타,승용,남,47세,상해없음,이륜,남,47세,경상
2013030500100480,2013년 3월 5일 21시,화요일,충청남도 공주시 신관동,경상사고,0,0,1,0,차대사람 - 횡단중,보행자보호의무위반,건조,맑음,단일로 - 횡단보도상,승합,남,58세,상해없음,보행자,남,51세,경상
2013030500100481,2013년 3월 5일 21시,화요일,충청남도 천안시 동남구 광덕면,경상사고,0,0,2,0,차대차 - 추돌 - 진행중,안전거리미확보,건조,맑음,단일로 - 기타,승용,남,41세,상해없음,승용,여,35세,경상
2013030500100506,2013년 3월 5일 22시,화요일,충청남도 아산시 득산동,경상사고,0,0,1,0,차대차 - 추돌 - 진행중,안전운전불이행,건조,맑음,교차로 - 교차로부근,승용,남,28세,상해없음,승용,여,31세,경상
2013030500100507,2013년 3월 5일 22시,화요일,충청남도 천안시 동남구 신방동,경상사고,0,0,3,0,차대차 - 추돌 - 주정차중,안전거리미확보,건조,맑음,교차로 - 교차로부근,승용,남,30세,상해없음,승용,여,33세,경상
2013030500100508,2013년 3월 5일 22시,화요일,충청남도 천안시 동남구 신부동,중상사고,0,1,0,0,차대차 - 측면직각충돌,안전거리미확보,건조,맑음,단일로 - 기타,승용,남,50세,상해없음,승용,남,38세,중상
2013030500100533,2013년 3월 5일 23시,화요일,충청남도 천안시 동남구 목천읍,중상사고,0,3,0,0,차대차 - 추돌 - 진행중,안전거리미확보,건조,맑음,단일로 - 기타,승용,남,25세,상해없음,화물,남,50세,중상
2013030600100012,2013년 3월 6일 00시,수요일,충청남도 천안시 서북구 성정동,경상사고,0,0,2,0,차대차 - 기타,신호위반,건조,맑음,교차로 - 교차로안,승용,여,57세,상해없음,승용,남,41세,경상
2013030600100096,2013년 3월 6일 08시,수요일,충청남도 서천군 한산면,경상사고,0,0,1,0,차대차 - 기타,안전운전불이행,건조,맑음,교차로 - 교차로안,승용,남,54세,상해없음,승용,남,45세,경상
2013030600100097,2013년 3월 6일 08시,수요일,충청남도 예산군 덕산면,경상사고,0,0,1,0,차량단독 - 기타,안전운전불이행,건조,맑음,단일로 - 기타,이륜,남,18세,경상,,,,
2013030600100135,2013년 3월 6일 09시,수요일,충청남도 천안시 동남구 원성동,중상사고,0,1,0,0,차대차 - 측면직각충돌,교차로운행방법위반,건조,맑음,교차로 - 교차로안,승용,여,44세,상해없음,이륜,남,53세,중상
2013030600100189,2013년 3월 6일 12시,수요일,충청남도 보령시 동대동,경상사고,0,0,2,0,차대차 - 기타,안전운전불이행,건조,맑음,교차로 - 교차로안,승용,남,56세,상해없음,승용,남,44세,경상
2013030600100213,2013년 3월 6일 13시,수요일,충청남도 서산시 대산읍,경상사고,0,0,1,0,차량단독 - 공작물충돌,안전운전불이행,건조,맑음,단일로 - 기타,승용,여,39세,경상,,,,
2013030600100214,2013년 3월 6일 13시,수요일,충청남도 천안시 동남구 봉명동,경상사고,0,0,1,0,차대차 - 추돌 - 주정차중,안전운전불이행,건조,맑음,단일로 - 기타,승용,남,47세,기타불명,승용,여,41세,경상
2013030600100244,2013년 3월 6일 14시,수요일,충청남도 당진시 시곡리,중상사고,0,1,2,0,차대차 - 측면직각충돌,안전운전불이행,건조,맑음,단일로 - 기타,승용,남,69세,경상,승용,남,55세,중상
2013030600100313,2013년 3월 6일 17시,수요일,충청남도 태안군 이원면,중상사고,0,1,0,0,차대차 - 정면충돌,안전운전불이행,건조,맑음,단일로 - 기타,화물,남,37세,상해없음,원동기,여,69세,중상
2013030600100314,2013년 3월 6일 17시,수요일,충청남도 홍성군 갈산면,중상사고,0,1,0,0,차대차 - 기타,교차로운행방법위반,건조,맑음,교차로 - 교차로안,화물,남,56세,상해없음,승용,남,45세,중상
2013030600100378,2013년 3월 6일 19시,수요일,충청남도 보령시 동대동,중상사고,0,1,0,0,차대사람 - 횡단중,보행자보호의무위반,건조,맑음,교차로 - 교차로안,이륜,남,48세,상해없음,보행자,여,71세,중상
2013030600100415,2013년 3월 6일 20시,수요일,충청남도 당진시 합덕읍,부상신고사고,0,0,0,1,차대차 - 측면직각충돌,교차로운행방법위반,건조,맑음,교차로 - 교차로안,화물,남,62세,부상신고,승용,남,40세,상해없음
2013030600100441,2013년 3월 6일 21시,수요일,충청남도 당진시 송악읍,중상사고,0,2,0,0,차대사람 - 횡단중,안전운전불이행,건조,맑음,단일로 - 기타,승용,남,46세,상해없음,보행자,남,47세,중상
2013030600100464,2013년 3월 6일 22시,수요일,충청남도 부여군 부여읍,중상사고,0,1,0,0,차대차 - 기타,교차로운행방법위반,건조,맑음,교차로 - 교차로안,승용,여,44세,상해없음,승용,남,18세,중상
2013030600100465,2013년 3월 6일 22시,수요일,충청남도 당진시 송산면,경상사고,0,0,1,0,차대차 - 측면직각충돌,차로위반,건조,맑음,단일로 - 기타,승용,남,25세,상해없음,승용,남,28세,경상
2013030700100065,2013년 3월 7일 05시,목요일,충청남도 태안군 남면,중상사고,0,2,1,0,차량단독 - 기타,안전운전불이행,건조,맑음,교차로 - 교차로부근,승용,남,35세,경상,,,,
2013030700100091,2013년 3월 7일 07시,목요일,충청남도 서산시 대산읍,경상사고,0,0,1,0,차대차 - 기타,안전운전불이행,습기,흐림,단일로 - 기타,건설기계,남,32세,상해없음,승용,남,42세,경상
2013030700100092,2013년 3월 7일 07시,목요일,충청남도 홍성군 홍성읍,중상사고,0,2,0,0,차대차 - 측면직각충돌,신호위반,습기,비,교차로 - 교차로안,승용,남,25세,상해없음,승용,여,60세,중상
2013030700100116,2013년 3월 7일 08시,목요일,충청남도 논산시 연무읍,중상사고,0,1,0,0,차대차 - 추돌 - 진행중,안전운전불이행,습기,비,단일로 - 기타,화물,남,41세,상해없음,승용,남,48세,중상
2013030700100156,2013년 3월 7일 10시,목요일,충청남도 논산시 상월면,중상사고,0,1,0,0,차량단독 - 전도전복,안전운전불이행,습기,흐림,단일로 - 기타,이륜,남,73세,중상,,,,
2013030700100157,2013년 3월 7일 10시,목요일,충청남도 금산군 추부면,경상사고,0,0,2,0,차대차 - 측면직각충돌,안전운전불이행,습기,비,단일로 - 기타,승용,남,44세,기타불명,화물,남,53세,경상
2013030700100158,2013년 3월 7일 10시,목요일,충청남도 청양군 대치면,중상사고,0,1,2,0,차대차 - 기타,중앙선침범,습기,비,단일로 - 기타,화물,남,43세,상해없음,승합,남,54세,경상
2013030700100213,2013년 3월 7일 12시,목요일,충청남도 예산군 예산읍,경상사고,0,0,2,0,차대차 - 측면직각충돌,직진우회전진행방해,건조,맑음,교차로 - 교차로안,승용,남,32세,상해없음,승합,남,34세,경상
2013030700100237,2013년 3월 7일 13시,목요일,충청남도 서산시 동문동,중상사고,0,1,0,0,차대사람 - 횡단중,보행자보호의무위반,건조,맑음,교차로 - 교차로안,승용,남,65세,상해없음,보행자,남,74세,중상
2013030700100300,2013년 3월 7일 16시,목요일,충청남도 당진시 석문면,부상신고사고,0,0,0,1,차대사람 - 기타,불법유턴,건조,맑음,교차로 - 교차로안,승용,여,13세,기타불명,보행자,남,13세,부상신고
2013030700100390,2013년 3월 7일 19시,목요일,충청남도 천안시 서북구 성정동,중상사고,0,1,0,0,차대사람 - 기타,안전운전불이행,건조,맑음,교차로 - 교차로부근,승용,남,41세,상해없음,보행자,남,55세,중상
2013030700100416,2013년 3월 7일 20시,목요일,충청남도 공주시 옥룡동,경상사고,0,0,3,0,차대차 - 추돌 - 주정차중,안전운전불이행,건조,맑음,교차로 - 교차로부근,승용,여,33세,상해없음,승용,남,46세,경상
2013030700100448,2013년 3월 7일 21시,목요일,충청남도 태안군 태안읍,부상신고사고,0,0,0,1,차량단독 - 공작물충돌,기타,건조,맑음,교차로 - 교차로부근,승용,남,28세,부상신고,,,,
2013030700100449,2013년 3월 7일 21시,목요일,충청남도 논산시 상월면,경상사고,0,0,1,0,차대차 - 정면충돌,신호위반,기타,안개,단일로 - 기타,화물,남,43세,상해없음,화물,남,47세,경상
2013030700100503,2013년 3월 7일 23시,목요일,충청남도 계룡시 엄사면,경상사고,0,0,2,0,차대차 - 추돌 - 주정차중,안전운전불이행,건조,맑음,단일로 - 기타,승용,남,46세,상해없음,승용,여,43세,경상
2013030700100504,2013년 3월 7일 23시,목요일,충청남도 부여군 장암면,중상사고,0,1,0,0,차대차 - 기타,안전운전불이행,습기,안개,단일로 - 기타,특수,남,36세,상해없음,화물,남,51세,중상
2013030700100505,2013년 3월 7일 23시,목요일,충청남도 천안시 동남구 원성동,경상사고,0,0,1,0,차대차 - 추돌 - 주정차중,안전운전불이행,습기,안개,교차로 - 교차로부근,승용,남,38세,상해없음,승용,남,58세,경상
2013030800100042,2013년 3월 8일 02시,금요일,충청남도 공주시 신관동,경상사고,0,0,1,0,차대차 - 측면직각충돌,안전운전불이행,건조,맑음,단일로 - 기타,승용,남,45세,상해없음,승용,남,72세,경상
2013030800100043,2013년 3월 8일 02시,금요일,충청남도 당진시 정미면,부상신고사고,0,0,0,1,차량단독 - 공작물충돌,안전운전불이행,건조,맑음,단일로 - 기타,승용,남,31세,부상신고,,,,
2013030800100101,2013년 3월 8일 07시,금요일,충청남도 예산군 오가면,중상사고,0,3,0,0,차대차 - 정면충돌,중앙선침범,건조,맑음,교차로 - 교차로부근,승용,남,48세,상해없음,승용,남,63세,상해없음
2013030800100102,2013년 3월 8일 07시,금요일,충청남도 논산시 연무읍,중상사고,0,2,10,0,차대차 - 추돌 - 진행중,안전운전불이행,기타,안개,단일로 - 기타,승합,남,38세,상해없음,승합,남,50세,상해없음