사고번호,사고일시,요일,시군구,사고내용,사망자수,중상자수,경상자수,부상신고자수,사고유형,법규위반,노면상태,기상상태,도로형태,가해운전자 차종,가해운전자 성별,가해운전자 연령,가해운전자 상해정도,피해운전자 차종,피해운전자 성별,피해운전자 연령,피해운전자 상해정도
2013031500100362,2013년 3월 15일 16시,금요일,충청남도 논산시 강산동,중상사고,0,1,0,0,차대사람 - 기타,안전운전불이행,건조,맑음,기타 - 기타,승용,남,31세,상해없음,보행자,여,82세,중상
2013031500100383,2013년 3월 15일 17시,금요일,충청남도 홍성군 은하면,중상사고,0,1,0,0,차대차 - 기타,중앙선침범,건조,맑음,교차로 - 교차로안,건설기계,남,50세,상해없음,승용,여,38세,중상
2013031500100384,2013년 3월 15일 17시,금요일,충청남도 예산군 봉산면,중상사고,0,1,0,0,차대사람 - 기타,안전운전불이행,건조,맑음,단일로 - 기타,특수,남,33세,상해없음,보행자,여,16세,중상
2013031500100444,2013년 3월 15일 19시,금요일,충청남도 서산시 석남동,경상사고,0,0,1,0,차대차 - 측면직각충돌,중앙선침범,건조,맑음,단일로 - 기타,승용,남,28세,상해없음,승용,여,42세,경상
2013031500100445,2013년 3월 15일 19시,금요일,충청남도 공주시 신관동,경상사고,0,0,1,0,차대사람 - 기타,안전운전불이행,건조,맑음,단일로 - 기타,승용,남,21세,상해없음,보행자,남,18세,경상
2013031500100487,2013년 3월 15일 20시,금요일,충청남도 홍성군 홍성읍,경상사고,0,0,4,0,차대차 - 추돌 - 주정차중,안전운전불이행,건조,맑음,단일로 - 기타,화물,남,69세,상해없음,승용,여,31세,경상
2013031500100488,2013년 3월 15일 20시,금요일,충청남도 예산군 광시면,중상사고,0,2,0,0,차대차 - 정면충돌,직진우회전진행방해,건조,맑음,교차로 - 교차로안,승용,남,50세,중상,승용,남,31세,중상
2013031500100489,2013년 3월 15일 20시,금요일,충청남도 천안시 동남구 풍세면,경상사고,0,0,2,0,차대차 - 측면직각충돌,신호위반,건조,맑음,교차로 - 교차로안,승용,남,53세,상해없음,승용,여,32세,경상
2013031500100557,2013년 3월 15일 22시,금요일,충청남도 보령시 대천동,경상사고,0,0,1,0,차대사람 - 횡단중,안전운전불이행,건조,맑음,교차로 - 교차로부근,화물,남,50세,상해없음,보행자,여,24세,경상
2013031500100588,2013년 3월 15일 23시,금요일,충청남도 아산시 배방읍,중상사고,0,1,1,0,차대차 - 정면충돌,중앙선침범,건조,맑음,단일로 - 기타,승용,남,46세,중상,승합,남,33세,경상
2013031500100589,2013년 3월 15일 23시,금요일,충청남도 공주시 우성면,중상사고,0,1,0,0,차대차 - 추돌 - 진행중,안전거리미확보,건조,맑음,단일로 - 기타,승용,남,56세,기타불명,승용,남,46세,중상
2013031600100017,2013년 3월 16일 00시,토요일,충청남도 당진시 신평면,중상사고,0,1,0,0,차대차 - 정면충돌,중앙선침범,건조,맑음,단일로 - 기타,승용,남,69세,상해없음,승용,남,39세,중상
2013031600100060,2013년 3월 16일 02시,토요일,충청남도 천안시 서북구 두정동,중상사고,0,1,0,0,차대사람 - 기타,안전운전불이행,건조,맑음,교차로 - 교차로안,승용,남,22세,상해없음,보행자,여,20세,중상
2013031600100151,2013년 3월 16일 09시,토요일,충청남도 천안시 서북구 백석동,경상사고,0,0,1,0,차대차 - 기타,신호위반,건조,맑음,교차로 - 교차로안,승용,남,77세,상해없음,승용,여,44세,경상
2013031600100166,2013년 3월 16일 10시,토요일,충청남도 예산군 예산읍,중상사고,0,2,0,0,차대차 - 기타,안전거리미확보,건조,맑음,교차로 - 교차로부근,화물,남,70세,상해없음,승용,남,58세,중상
2013031600100167,2013년 3월 16일 10시,토요일,충청남도 천안시 동남구 광덕면,경상사고,0,0,1,0,차대차 - 기타,중앙선침범,건조,맑음,단일로 - 기타,승용,남,47세,상해없음,승용,남,56세,경상
2013031600100254,2013년 3월 16일 14시,토요일,충청남도 서천군 서천읍,중상사고,0,1,1,0,차대차 - 기타,과속,건조,맑음,교차로 - 교차로안,승용,남,24세,중상,승용,여,39세,상해없음
2013031600100255,2013년 3월 16일 14시,토요일,충청남도 금산군 군북면,중상사고,0,1,0,0,차대차 - 추돌 - 진행중,안전운전불이행,건조,맑음,단일로 - 기타,건설기계,남,59세,상해없음,화물,남,40세,중상
2013031600100282,2013년 3월 16일 15시,토요일,충청남도 예산군 삽교읍,경상사고,0,0,3,0,차대차 - 정면충돌,중앙선침범,건조,맑음,단일로 - 기타,화물,남,41세,경상,화물,남,68세,경상
2013031600100350,2013년 3월 16일 17시,토요일,충청남도 서산시 지곡면,중상사고,0,1,0,0,차대차 - 측면직각충돌,교차로운행방법위반,건조,맑음,교차로 - 교차로안,승용,남,41세,중상,건설기계,남,51세,상해없음
2013031600100351,2013년 3월 16일 17시,토요일,충청남도 부여군 부여읍,중상사고,0,1,2,0,차대차 - 측면직각충돌,안전운전불이행,건조,맑음,단일로 - 교량,승용,남,28세,상해없음,승용,남,29세,중상
2013031600100352,2013년 3월 16일 17시,토요일,충청남도 천안시 동남구 신부동,경상사고,0,0,1,0,차대사람 - 기타,안전운전불이행,건조,맑음,단일로 - 기타,승용,남,28세,상해없음,보행자,남,32세,경상
2013031600100421,2013년 3월 16일 19시,토요일,충청남도 아산시 모종동,경상사고,0,0,2,0,차대차 - 추돌 - 주정차중,안전운전불이행,건조,맑음,교차로 - 교차로부근,승용,남,55세,상해없음,승합,남,38세,경상
2013031600100464,2013년 3월 16일 20시,토요일,충청남도 보령시 내항동,중상사고,0,2,1,0,차량단독 - 전도전복,안전운전불이행,건조,맑음,단일로 - 기타,승용,남,26세,경상,,,,
2013031600100495,2013년 3월 16일 21시,토요일,충청남도 부여군 부여읍,중상사고,0,1,0,0,차대사람 - 기타,안전운전불이행,건조,기타,기타 - 기타,승용,남,47세,상해없음,보행자,남,64세,중상
2013031600100532,2013년 3월 16일 22시,토요일,충청남도 논산시 지산동,경상사고,0,0,1,0,차대차 - 추돌 - 주정차중,안전운전불이행,건조,맑음,단일로 - 기타,화물,남,55세,상해없음,승용,남,23세,경상
2013031700100041,2013년 3월 17일 01시,일요일,충청남도 천안시 서북구 두정동,경상사고,0,0,1,0,차대사람 - 기타,안전운전불이행,건조,맑음,교차로 - 교차로안,승용,기타불명,기타불명,기타불명,보행자,남,33세,경상
2013031700100042,2013년 3월 17일 01시,일요일,충청남도 서천군 서천읍,경상사고,0,0,1,0,차량단독 - 기타,안전운전불이행,습기,비,교차로 - 교차로안,승용,남,37세,경상,,,,
2013031700100077,2013년 3월 17일 03시,일요일,충청남도 아산시 온천동,경상사고,0,0,1,0,차대차 - 추돌 - 주정차중,안전운전불이행,건조,맑음,단일로 - 기타,승용,남,26세,상해없음,승용,남,33세,경상
2013031700100093,2013년 3월 17일 04시,일요일,충청남도 천안시 서북구 쌍용동,경상사고,0,0,2,0,차대차 - 추돌 - 주정차중,안전운전불이행,건조,맑음,기타 - 기타,승용,남,42세,상해없음,승용,남,27세,경상
2013031700100113,2013년 3월 17일 06시,일요일,충청남도 논산시 강경읍,경상사고,0,0,7,0,차대차 - 측면직각충돌,신호위반,습기,안개,교차로 - 교차로안,승합,남,58세,상해없음,화물,남,46세,경상
2013031700100133,2013년 3월 17일 08시,일요일,충청남도 천안시 서북구 두정동,경상사고,0,0,1,0,차대차 - 기타,안전운전불이행,건조,맑음,단일로 - 기타,승용,남,29세,상해없음,승용,남,25세,기타불명
2013031700100158,2013년 3월 17일 10시,일요일,충청남도 서산시 동문동,중상사고,0,1,2,0,차대차 - 측면직각충돌,신호위반,건조,맑음,교차로 - 교차로안,승용,여,40세,상해없음,승용,여,46세,경상
2013031700100159,2013년 3월 17일 10시,일요일,충청남도 부여군 규암면,경상사고,0,0,1,0,차대차 - 기타,직진우회전진행방해,건조,맑음,교차로 - 교차로안,승용,기타불명,기타불명,기타불명,건설기계,남,55세,경상
2013031700100260,2013년 3월 17일 15시,일요일,충청남도 서천군 시초면,사망사고,1,0,0,0,차량단독 - 전도전복,안전운전불이행,건조,맑음,교차로 - 교차로부근,농기계,남,73세,사망,,,,
2013031700100282,2013년 3월 17일 16시,일요일,충청남도 부여군 부여읍,경상사고,0,0,1,0,차대사람 - 기타,안전운전불이행,건조,맑음,기타 - 기타,승용,남,47세,상해없음,보행자,여,2세,경상
2013031700100387,2013년 3월 17일 19시,일요일,충청남도 보령시 남포면,중상사고,0,1,1,0,차대차 - 측면직각충돌,중앙선침범,습기,비,교차로 - 교차로부근,승용,남,64세,상해없음,승용,남,32세,경상
2013031700100443,2013년 3월 17일 20시,일요일,충청남도 천안시 서북구 불당동,경상사고,0,0,1,0,차대차 - 추돌 - 주정차중,안전운전불이행,습기,비,교차로 - 교차로부근,승용,남,46세,상해없음,승용,남,47세,상해없음
2013031700100444,2013년 3월 17일 20시,일요일,충청남도 예산군 오가면,중상사고,0,2,1,0,차대차 - 정면충돌,안전운전불이행,습기,비,단일로 - 기타,승용,여,37세,경상,승용,남,41세,중상
2013031800100015,2013년 3월 18일 00시,월요일,충청남도 천안시 서북구 직산읍,경상사고,0,0,2,0,차대차 - 기타,안전운전불이행,습기,비,교차로 - 교차로안,승용,남,49세,상해없음,승용,여,57세,경상
2013031800100089,2013년 3월 18일 06시,월요일,충청남도 보령시 죽정동,경상사고,0,0,1,0,차대차 - 측면직각충돌,신호위반,습기,맑음,교차로 - 교차로안,승용,여,47세,상해없음,승용,남,64세,경상
2013031800100090,2013년 3월 18일 06시,월요일,충청남도 청양군 목면,사망사고,1,0,0,0,차량단독 - 기타,안전운전불이행,건조,흐림,단일로 - 기타,농기계,남,84세,사망,,,,
2013031800100119,2013년 3월 18일 07시,월요일,충청남도 천안시 서북구 불당동,중상사고,0,1,2,0,차대차 - 측면직각충돌,안전운전불이행,건조,맑음,교차로 - 교차로안,승용,남,31세,중상,승합,남,33세,경상
2013031800100201,2013년 3월 18일 10시,월요일,충청남도 태안군 근흥면,중상사고,0,1,0,0,차대차 - 측면직각충돌,직진우회전진행방해,건조,맑음,교차로 - 교차로안,승용,남,31세,중상,건설기계,남,56세,상해없음
2013031800100202,2013년 3월 18일 10시,월요일,충청남도 천안시 서북구 두정동,경상사고,0,0,1,0,차대사람 - 기타,안전운전불이행,건조,맑음,단일로 - 기타,승용,여,25세,상해없음,보행자,남,19세,경상
2013031800100229,2013년 3월 18일 11시,월요일,충청남도 부여군 임천면,경상사고,0,0,1,0,차대차 - 기타,안전운전불이행,건조,맑음,단일로 - 기타,화물,남,58세,상해없음,자전거,여,67세,경상
2013031800100230,2013년 3월 18일 11시,월요일,충청남도 천안시 동남구 청수동,중상사고,0,1,0,0,차대사람 - 기타,안전운전불이행,건조,맑음,단일로 - 기타,승용,남,64세,상해없음,보행자,남,72세,중상
2013031800100256,2013년 3월 18일 12시,월요일,충청남도 태안군 태안읍,중상사고,0,1,0,0,차대사람 - 차도통행중,안전운전불이행,건조,맑음,단일로 - 기타,승용,남,72세,상해없음,보행자,남,77세,중상
2013031800100257,2013년 3월 18일 12시,월요일,충청남도 서천군 서천읍,중상사고,0,1,0,0,차대차 - 기타,안전운전불이행,건조,맑음,교차로 - 교차로안,승용,남,82세,상해없음,승합,남,42세,상해없음
2013031800100258,2013년 3월 18일 12시,월요일,충청남도 예산군 고덕면,중상사고,0,1,0,0,차대차 - 추돌 - 진행중,안전운전불이행,건조,맑음,단일로 - 기타,화물,남,45세,상해없음,원동기,남,78세,중상
2013031800100316,2013년 3월 18일 14시,월요일,충청남도 천안시 서북구 성정동,경상사고,0,0,1,0,차대차 - 기타,안전거리미확보,건조,맑음,기타 - 기타,이륜,남,61세,경상,승용,여,37세,상해없음
2013031800100349,2013년 3월 18일 15시,월요일,충청남도 당진시 읍내리,중상사고,0,1,0,0,차대사람 - 횡단중,보행자보호의무위반,건조,맑음,교차로 - 교차로안,화물,남,42세,상해없음,보행자,여,42세,중상
2013031800100420,2013년 3월 18일 17시,월요일,충청남도 천안시 서북구 두정동,중상사고,0,1,0,0,차대사람 - 횡단중,안전운전불이행,건조,맑음,교차로 - 교차로안,승용,남,23세,상해없음,보행자,남,12세,중상
2013031800100421,2013년 3월 18일 17시,월요일,충청남도 금산군 금산읍,중상사고,0,1,0,0,차대차 - 기타,직진우회전진행방해,건조,맑음,교차로 - 교차로안,승용,여,30세,상해없음,자전거,남,15세,중상
2013031800100422,2013년 3월 18일 17시,월요일,충청남도 천안시 동남구 신부동,중상사고,0,1,1,0,차대차 - 기타,안전거리미확보,건조,맑음,단일로 - 기타,승용,남,35세,상해없음,이륜,남,17세,경상
2013031800100460,2013년 3월 18일 18시,월요일,충청남도 홍성군 홍성읍,경상사고,0,0,1,0,차대차 - 측면직각충돌,안전거리미확보,건조,맑음,교차로 - 교차로안,승용,남,52세,상해없음,화물,여,53세,경상
2013031800100494,2013년 3월 18일 19시,월요일,충청남도 서산시 대산읍,경상사고,0,0,1,0,차대사람 - 길가장자리구역통행중,안전운전불이행,건조,맑음,단일로 - 기타,승용,남,51세,상해없음,보행자,남,21세,경상
2013031800100529,2013년 3월 18일 20시,월요일,충청남도 천안시 서북구 성거읍,경상사고,0,0,1,0,차대차 - 추돌 - 주정차중,안전운전불이행,건조,맑음,단일로 - 기타,승용,여,56세,상해없음,화물,남,45세,경상
2013031800100530,2013년 3월 18일 20시,월요일,충청남도 홍성군 홍성읍,중상사고,0,1,0,0,차대사람 - 보도통행중,안전운전불이행,습기,비,기타 - 기타,승합,남,35세,상해없음,보행자,여,47세,중상
2013031800100562,2013년 3월 18일 21시,월요일,충청남도 태안군 소원면,중상사고,0,1,0,0,차량단독 - 공작물충돌,안전운전불이행,건조,맑음,단일로 - 기타,승용,남,50세,중상,,,,
2013031800100563,2013년 3월 18일 21시,월요일,충청남도 논산시 채운면,사망사고,1,0,0,0,차대사람 - 횡단중,안전운전불이행,건조,흐림,단일로 - 기타,화물,남,50세,상해없음,보행자,여,58세,사망
2013031800100564,2013년 3월 18일 21시,월요일,충청남도 당진시 송악읍,사망사고,1,0,0,0,차량단독 - 도로외이탈 - 추락,안전운전불이행,습기,비,단일로 - 기타,승용,남,47세,상해없음,,,,
2013031800100592,2013년 3월 18일 22시,월요일,충청남도 아산시 풍기동,경상사고,0,0,1,0,차대사람 - 기타,기타,건조,맑음,기타 - 기타,승용,남,45세,상해없음,보행자,남,41세,경상
2013031800100616,2013년 3월 18일 23시,월요일,충청남도 서산시 음암면,중상사고,0,1,0,0,차대차 - 추돌 - 진행중,안전운전불이행,습기,흐림,단일로 - 기타,화물,남,38세,중상,건설기계,남,55세,상해없음
2013031900100011,2013년 3월 19일 00시,화요일,충청남도 보령시 주교면,중상사고,0,1,0,0,차량단독 - 공작물충돌,안전운전불이행,습기,비,교차로 - 교차로안,승용,남,30세,중상,,,,
2013031900100012,2013년 3월 19일 00시,화요일,충청남도 당진시 신평면,중상사고,0,1,1,0,차대차 - 정면충돌,중앙선침범,건조,맑음,기타 - 기타,승용,남,62세,중상,승용,남,22세,경상
2013031900100085,2013년 3월 19일 07시,화요일,충청남도 천안시 동남구 목천읍,경상사고,0,0,3,0,차대차 - 기타,안전운전불이행,건조,맑음,단일로 - 기타,승용,남,13세,상해없음,화물,남,42세,경상
2013031900100126,2013년 3월 19일 08시,화요일,충청남도 서산시 석림동,경상사고,0,0,1,0,차대차 - 측면직각충돌,차로위반,건조,맑음,단일로 - 기타,기타불명,기타불명,기타불명,기타불명,승용,여,57세,경상
2013031900100127,2013년 3월 19일 08시,화요일,충청남도 천안시 동남구 봉명동,경상사고,0,0,1,1,차대차 - 기타,안전운전불이행,건조,맑음,단일로 - 기타,화물,남,29세,상해없음,승합,남,39세,경상
2013031900100144,2013년 3월 19일 09시,화요일,충청남도 예산군 오가면,중상사고,0,3,2,0,차대차 - 측면직각충돌,직진우회전진행방해,건조,흐림,교차로 - 교차로안,승용,남,54세,중상,화물,남,63세,경상
2013031900100145,2013년 3월 19일 09시,화요일,충청남도 부여군 부여읍,경상사고,0,0,1,0,차대차 - 기타,안전운전불이행,건조,맑음,교차로 - 교차로안,승용,남,73세,상해없음,화물,남,54세,경상
2013031900100166,2013년 3월 19일 10시,화요일,충청남도 태안군 소원면,부상신고사고,0,0,0,1,차대차 - 측면직각충돌,직진우회전진행방해,습기,흐림,교차로 - 교차로안,이륜,여,62세,부상신고,승용,남,46세,상해없음
2013031900100167,2013년 3월 19일 10시,화요일,충청남도 서산시 수석동,중상사고,0,1,1,0,차대차 - 측면직각충돌,안전운전불이행,건조,맑음,단일로 - 기타,화물,남,76세,경상,화물,남,44세,중상
2013031900100196,2013년 3월 19일 11시,화요일,충청남도 예산군 예산읍,경상사고,0,0,1,0,차대차 - 기타,안전운전불이행,건조,흐림,교차로 - 교차로안,승용,남,51세,상해없음,자전거,남,74세,경상
2013031900100266,2013년 3월 19일 14시,화요일,충청남도 청양군 청남면,중상사고,0,1,0,0,차대차 - 기타,기타,건조,맑음,교차로 - 교차로안,승용,남,52세,상해없음,이륜,남,72세,중상
2013031900100307,2013년 3월 19일 16시,화요일,충청남도 서산시 동문동,부상신고사고,0,0,0,1,차대차 - 측면직각충돌,안전운전불이행,건조,맑음,단일로 - 기타,이륜,남,16세,부상신고,승용,여,43세,상해없음
2013031900100336,2013년 3월 19일 17시,화요일,충청남도 천안시 동남구 목천읍,경상사고,0,0,1,0,차대사람 - 기타,안전운전불이행,건조,맑음,단일로 - 기타,승용,여,34세,상해없음,보행자,남,9세,경상
2013031900100337,2013년 3월 19일 17시,화요일,충청남도 천안시 동남구 북면,경상사고,0,0,1,0,차대차 - 기타,중앙선침범,건조,맑음,단일로 - 기타,화물,남,68세,상해없음,승용,남,36세,경상
2013031900100394,2013년 3월 19일 19시,화요일,충청남도 공주시 사곡면,중상사고,0,1,0,0,차대차 - 추돌 - 진행중,안전운전불이행,건조,맑음,단일로 - 기타,승합,남,47세,상해없음,농기계,남,48세,중상
2013031900100395,2013년 3월 19일 19시,화요일,충청남도 예산군 예산읍,중상사고,0,1,2,0,차대차 - 측면직각충돌,중앙선침범,건조,흐림,교차로 - 교차로부근,승용,남,46세,경상,승용,남,55세,중상
2013031900100429,2013년 3월 19일 20시,화요일,충청남도 금산군 복수면,중상사고,0,1,0,0,차량단독 - 공작물충돌,안전운전불이행,건조,맑음,단일로 - 기타,승합,남,57세,중상,,,,
2013031900100475,2013년 3월 19일 22시,화요일,충청남도 당진시 송악읍,중상사고,0,1,0,0,차대차 - 추돌 - 진행중,안전거리미확보,건조,맑음,교차로 - 교차로안,승용,남,54세,상해없음,승용,남,39세,중상
2013032000100009,2013년 3월 20일 00시,수요일,충청남도 아산시 득산동,경상사고,0,0,2,0,차대차 - 기타,안전운전불이행,건조,맑음,기타 - 기타,승합,기타불명,기타불명,기타불명,승용,여,52세,경상
2013032000100027,2013년 3월 20일 01시,수요일,충청남도 천안시 서북구 두정동,경상사고,0,0,2,0,차대차 - 기타,안전운전불이행,건조,맑음,단일로 - 기타,승합,남,42세,상해없음,승용,남,31세,경상
2013032000100071,2013년 3월 20일 04시,수요일,충청남도 서산시 읍내동,중상사고,0,1,0,0,차대차 - 측면직각충돌,안전운전불이행,건조,맑음,교차로 - 교차로안,이륜,남,54세,중상,승용,남,59세,상해없음
2013032000100092,2013년 3월 20일 06시,수요일,충청남도 천안시 동남구 다가동,경상사고,0,0,4,0,차대차 - 측면직각충돌,교차로운행방법위반,습기,비,교차로 - 교차로안,승용,남,31세,경상,승용,남,23세,경상
2013032000100106,2013년 3월 20일 07시,수요일,충청남도 논산시 은진면,중상사고,0,1,1,0,차대차 - 정면충돌,직진우회전진행방해,건조,맑음,교차로 - 교차로안,승용,남,47세,경상,화물,남,58세,중상
2013032000100107,2013년 3월 20일 07시,수요일,충청남도 서천군 장항읍,중상사고,0,2,4,0,차대차 - 측면직각충돌,직진우회전진행방해,습기,비,교차로 - 교차로안,화물,남,43세,경상,승용,남,47세,중상
2013032000100108,2013년 3월 20일 07시,수요일,충청남도 청양군 대치면,경상사고,0,0,1,0,차량단독 - 공작물충돌,안전운전불이행,습기,비,단일로 - 기타,건설기계,남,45세,경상,,,,
2013032000100177,2013년 3월 20일 09시,수요일,충청남도 금산군 금산읍,중상사고,0,1,0,0,차대사람 - 횡단중,보행자보호의무위반,습기,비,교차로 - 교차로안,화물,남,47세,상해없음,보행자,여,54세,중상
2013032000100249,2013년 3월 20일 12시,수요일,충청남도 예산군 광시면,중상사고,0,1,2,0,차대차 - 측면직각충돌,불법유턴,건조,맑음,단일로 - 기타,승용,남,54세,상해없음,승용,남,33세,경상
2013032000100250,2013년 3월 20일 12시,수요일,충청남도 당진시 석문면,경상사고,0,0,2,0,차대차 - 기타,안전운전불이행,건조,맑음,교차로 - 교차로부근,승용,남,53세,상해없음,승용,남,52세,경상
2013032000100323,2013년 3월 20일 15시,수요일,충청남도 천안시 서북구 직산읍,중상사고,0,1,0,0,차대차 - 측면직각충돌,신호위반,건조,맑음,교차로 - 교차로안,화물,남,60세,상해없음,자전거,남,76세,중상
2013032000100363,2013년 3월 20일 16시,수요일,충청남도 태안군 소원면,중상사고,0,1,0,0,차대차 - 추돌 - 주정차중,안전운전불이행,건조,맑음,단일로 - 기타,특수,남,50세,상해없음,화물,남,59세,중상
2013032000100364,2013년 3월 20일 16시,수요일,충청남도 금산군 복수면,경상사고,0,0,5,0,차대차 - 측면직각충돌,직진우회전진행방해,건조,맑음,교차로 - 교차로안,화물,남,49세,경상,승용,여,44세,경상
2013032000100391,2013년 3월 20일 17시,수요일,충청남도 천안시 서북구 쌍용동,중상사고,0,1,1,0,차량단독 - 공작물충돌,안전운전불이행,건조,맑음,단일로 - 기타,승용,남,36세,중상,,,,
2013032000100492,2013년 3월 20일 20시,수요일,충청남도 천안시 서북구 백석동,중상사고,0,1,0,0,차대차 - 측면직각충돌,직진우회전진행방해,건조,맑음,교차로 - 교차로안,승용,여,45세,상해없음,이륜,남,49세,중상
2013032000100527,2013년 3월 20일 21시,수요일,충청남도 천안시 서북구 백석동,중상사고,0,1,3,0,차대차 - 추돌 - 주정차중,안전운전불이행,건조,맑음,단일로 - 기타,승용,남,51세,상해없음,승용,남,45세,중상
2013032000100528,2013년 3월 20일 21시,수요일,충청남도 당진시 우강면,경상사고,0,0,1,0,차대차 - 측면직각충돌,중앙선침범,건조,맑음,단일로 - 기타,승용,남,41세,상해없음,승용,남,39세,경상
2013032100100107,2013년 3월 21일 07시,목요일,충청남도 당진시 수청리,중상사고,0,3,2,0,차대차 - 측면직각충돌,신호위반,건조,맑음,교차로 - 교차로안,승용,남,66세,상해없음,화물,남,50세,중상
2013032100100108,2013년 3월 21일 07시,목요일,충청남도 천안시 동남구 안서동,중상사고,0,1,0,0,차대사람 - 기타,안전운전불이행,건조,맑음,교차로 - 교차로안,승용,남,60세,상해없음,보행자,남,23세,중상
2013032100100185,2013년 3월 21일 09시,목요일,충청남도 천안시 서북구 쌍용동,경상사고,0,0,2,0,차대차 - 측면직각충돌,신호위반,건조,맑음,교차로 - 교차로안,승용,남,60세,경상,화물,남,47세,경상
2013032100100262,2013년 3월 21일 12시,목요일,충청남도 당진시 석문면,중상사고,0,3,0,0,차대차 - 정면충돌,중앙선침범,건조,맑음,단일로 - 기타,화물,남,63세,중상,화물,남,53세,중상
2013032100100305,2013년 3월 21일 14시,목요일,충청남도 예산군 예산읍,경상사고,0,0,1,0,차대차 - 정면충돌,직진우회전진행방해,건조,맑음,교차로 - 교차로안,승용,남,49세,상해없음,승용,여,68세,상해없음
2013032100100330,2013년 3월 21일 15시,목요일,충청남도 천안시 서북구 쌍용동,경상사고,0,0,1,0,차대사람 - 기타,안전운전불이행,건조,맑음,단일로 - 기타,승용,여,52세,상해없음,보행자,여,80세,경상
2013032100100421,2013년 3월 21일 18시,목요일,충청남도 태안군 태안읍,중상사고,0,1,1,0,차대차 - 측면직각충돌,교차로운행방법위반,건조,맑음,교차로 - 교차로안,이륜,남,65세,중상,승용,여,29세,경상
2013032100100422,2013년 3월 21일 18시,목요일,충청남도 공주시 옥룡동,중상사고,0,1,0,0,차대차 - 추돌 - 주정차중,안전운전불이행,건조,맑음,단일로 - 기타,화물,남,37세,기타불명,화물,남,41세,중상
2013032100100465,2013년 3월 21일 19시,목요일,충청남도 서산시 고북면,중상사고,0,1,0,0,차대차 - 측면직각충돌,안전운전불이행,건조,맑음,단일로 - 기타,승용,남,29세,상해없음,이륜,남,80세,중상
2013032100100466,2013년 3월 21일 19시,목요일,충청남도 논산시 내동,경상사고,0,0,1,0,차대차 - 측면직각충돌,중앙선침범,건조,맑음,단일로 - 기타,승용,남,31세,상해없음,이륜,남,18세,경상
2013032100100467,2013년 3월 21일 19시,목요일,충청남도 보령시 주산면,중상사고,0,2,0,0,차대차 - 추돌 - 주정차중,안전운전불이행,건조,맑음,단일로 - 기타,승용,남,70세,중상,특수,남,37세,기타불명
2013032100100468,2013년 3월 21일 19시,목요일,충청남도 천안시 동남구 봉명동,경상사고,0,0,1,0,차대사람 - 기타,안전운전불이행,건조,맑음,교차로 - 교차로부근,승합,남,57세,상해없음,보행자,여,50세,경상
2013032100100503,2013년 3월 21일 20시,목요일,충청남도 청양군 남양면,중상사고,0,1,0,0,차대사람 - 횡단중,안전운전불이행,건조,맑음,단일로 - 기타,승용,남,60세,상해없음,보행자,여,56세,중상
2013032100100530,2013년 3월 21일 21시,목요일,충청남도 아산시 실옥동,경상사고,0,0,2,0,차대차 - 추돌 - 주정차중,안전운전불이행,건조,맑음,교차로 - 교차로부근,승용,남,64세,상해없음,승용,남,31세,경상
2013032100100564,2013년 3월 21일 22시,목요일,충청남도 천안시 동남구 신부동,경상사고,0,0,1,0,차대차 - 추돌 - 주정차중,안전운전불이행,건조,맑음,단일로 - 기타,승용,남,34세,상해없음,승용,여,27세,경상
2013032200100031,2013년 3월 22일 01시,금요일,충청남도 아산시 온천동,경상사고,0,0,5,0,차대차 - 측면직각충돌,중앙선침범,건조,맑음,단일로 - 기타,승용,여,25세,상해없음,승합,남,28세,경상
2013032200100054,2013년 3월 22일 02시,금요일,충청남도 천안시 서북구 성성동,중상사고,0,2,0,0,차량단독 - 공작물충돌,안전운전불이행,건조,맑음,교차로 - 교차로안,승용,남,29세,중상,,,,
2013032200100076,2013년 3월 22일 04시,금요일,충청남도 천안시 서북구 두정동,경상사고,0,0,1,0,차대차 - 측면직각충돌,안전운전불이행,건조,맑음,단일로 - 기타,승용,남,34세,상해없음,승용,남,23세,경상
2013032200100109,2013년 3월 22일 07시,금요일,충청남도 서산시 동문동,중상사고,0,1,0,0,차대차 - 측면직각충돌,교차로운행방법위반,건조,맑음,교차로 - 교차로안,화물,남,54세,상해없음,이륜,남,16세,중상
2013032200100110,2013년 3월 22일 07시,금요일,충청남도 천안시 서북구 백석동,경상사고,0,0,1,0,차대차 - 측면직각충돌,안전운전불이행,건조,맑음,단일로 - 기타,승용,남,19세,상해없음,자전거,남,33세,경상
2013032200100147,2013년 3월 22일 08시,금요일,충청남도 보령시 성주면,경상사고,0,0,1,0,차대사람 - 횡단중,과속,건조,맑음,단일로 - 기타,화물,남,56세,상해없음,보행자,여,80세,경상
2013032200100227,2013년 3월 22일 11시,금요일,충청남도 보령시 웅천읍,경상사고,0,0,1,0,차대차 - 추돌 - 진행중,안전운전불이행,건조,흐림,단일로 - 기타,화물,남,38세,상해없음,농기계,남,66세,경상
2013032200100290,2013년 3월 22일 14시,금요일,충청남도 천안시 동남구 구성동,중상사고,0,1,0,0,차대사람 - 기타,신호위반,건조,맑음,교차로 - 교차로부근,승용,남,63세,상해없음,보행자,여,9세,중상