사고번호,사고일시,요일,시군구,사고내용,사망자수,중상자수,경상자수,부상신고자수,사고유형,법규위반,노면상태,기상상태,도로형태,가해운전자 차종,가해운전자 성별,가해운전자 연령,가해운전자 상해정도,피해운전자 차종,피해운전자 성별,피해운전자 연령,피해운전자 상해정도
2013032200100386,2013년 3월 22일 17시,금요일,충청남도 논산시 부창동,경상사고,0,0,1,0,차대차 - 측면직각충돌,안전운전불이행,건조,맑음,단일로 - 기타,이륜,남,27세,상해없음,자전거,남,13세,경상
2013032200100415,2013년 3월 22일 18시,금요일,충청남도 태안군 태안읍,경상사고,0,0,1,0,차대사람 - 횡단중,안전운전불이행,건조,맑음,단일로 - 기타,화물,남,66세,상해없음,보행자,남,52세,경상
2013032200100416,2013년 3월 22일 18시,금요일,충청남도 보령시 명천동,중상사고,0,1,0,0,차대차 - 측면직각충돌,신호위반,건조,맑음,교차로 - 교차로안,화물,남,31세,상해없음,승용,남,39세,중상
2013032200100462,2013년 3월 22일 19시,금요일,충청남도 천안시 서북구 백석동,경상사고,0,0,1,0,차대차 - 측면직각충돌,안전거리미확보,건조,맑음,단일로 - 기타,승용,남,50세,상해없음,승용,남,27세,경상
2013032200100463,2013년 3월 22일 19시,금요일,충청남도 아산시 읍내동,경상사고,0,0,1,0,차대사람 - 횡단중,신호위반,건조,맑음,교차로 - 교차로안,승용,기타불명,기타불명,기타불명,보행자,여,20세,경상
2013032200100464,2013년 3월 22일 19시,금요일,충청남도 청양군 청양읍,중상사고,0,1,0,0,차대차 - 측면직각충돌,신호위반,건조,맑음,교차로 - 교차로안,승용,남,33세,상해없음,승용,남,27세,중상
2013032200100465,2013년 3월 22일 19시,금요일,충청남도 천안시 동남구 병천면,경상사고,0,0,6,0,차대차 - 기타,안전운전불이행,건조,맑음,교차로 - 교차로부근,승용,남,24세,상해없음,승용,여,26세,경상
2013032200100542,2013년 3월 22일 21시,금요일,충청남도 천안시 동남구 원성동,경상사고,0,0,1,0,차대차 - 기타,신호위반,건조,맑음,교차로 - 교차로안,승용,여,24세,상해없음,승용,여,33세,경상
2013032200100543,2013년 3월 22일 21시,금요일,충청남도 천안시 동남구 삼룡동,중상사고,0,1,0,0,차대차 - 추돌 - 주정차중,안전운전불이행,기타,기타,교차로 - 교차로부근,승용,남,23세,상해없음,승용,여,42세,중상
2013032200100544,2013년 3월 22일 21시,금요일,충청남도 천안시 동남구 목천읍,중상사고,0,1,1,0,차대차 - 측면직각충돌,안전운전불이행,건조,맑음,단일로 - 기타,승용,남,26세,상해없음,승용,남,27세,상해없음
2013032200100583,2013년 3월 22일 22시,금요일,충청남도 논산시 강산동,경상사고,0,0,1,0,차대차 - 측면직각충돌,교차로운행방법위반,건조,맑음,교차로 - 교차로안,승용,남,28세,상해없음,승용,남,46세,경상
2013032300100013,2013년 3월 23일 00시,토요일,충청남도 천안시 서북구 두정동,경상사고,0,0,1,0,차대차 - 기타,안전운전불이행,건조,맑음,단일로 - 기타,승용,여,32세,상해없음,이륜,남,22세,경상
2013032300100052,2013년 3월 23일 01시,토요일,충청남도 아산시 배방읍,경상사고,0,0,1,0,차대사람 - 기타,안전운전불이행,건조,맑음,기타 - 기타,승용,기타불명,기타불명,기타불명,보행자,여,22세,경상
2013032300100092,2013년 3월 23일 03시,토요일,충청남도 천안시 서북구 성정동,경상사고,0,0,1,0,차대차 - 기타,신호위반,건조,맑음,교차로 - 교차로안,승용,남,50세,상해없음,승용,남,33세,경상
2013032300100140,2013년 3월 23일 06시,토요일,충청남도 계룡시 금암동,경상사고,0,0,2,0,차대차 - 측면직각충돌,안전운전불이행,건조,맑음,단일로 - 기타,승용,남,52세,상해없음,승용,남,64세,경상
2013032300100156,2013년 3월 23일 07시,토요일,충청남도 논산시 연산면,중상사고,0,1,1,0,차대차 - 측면직각충돌,신호위반,건조,맑음,교차로 - 교차로안,승용,남,43세,상해없음,승용,남,45세,경상
2013032300100197,2013년 3월 23일 09시,토요일,충청남도 태안군 안면읍,중상사고,0,2,0,0,차대차 - 측면직각충돌,중앙선침범,건조,맑음,교차로 - 교차로안,건설기계,남,39세,상해없음,승용,남,34세,중상
2013032300100221,2013년 3월 23일 10시,토요일,충청남도 예산군 예산읍,중상사고,0,1,0,0,차대사람 - 횡단중,보행자보호의무위반,건조,맑음,교차로 - 교차로안,승용,여,57세,상해없음,보행자,남,58세,중상
2013032300100248,2013년 3월 23일 11시,토요일,충청남도 논산시 연산면,중상사고,0,2,0,0,차대차 - 측면직각충돌,직진우회전진행방해,건조,맑음,교차로 - 교차로안,이륜,남,70세,중상,이륜,남,68세,중상
2013032300100249,2013년 3월 23일 11시,토요일,충청남도 공주시 신풍면,중상사고,0,1,0,0,차대차 - 기타,안전운전불이행,건조,맑음,단일로 - 기타,화물,남,64세,상해없음,자전거,남,76세,중상
2013032300100276,2013년 3월 23일 12시,토요일,충청남도 천안시 서북구 직산읍,경상사고,0,0,5,0,차대차 - 기타,교차로운행방법위반,건조,맑음,교차로 - 교차로안,화물,남,47세,경상,승용,남,34세,경상
2013032300100377,2013년 3월 23일 15시,토요일,충청남도 태안군 소원면,경상사고,0,0,4,0,차대차 - 기타,안전운전불이행,건조,맑음,교차로 - 교차로안,화물,남,67세,상해없음,승용,남,32세,경상
2013032300100378,2013년 3월 23일 15시,토요일,충청남도 태안군 근흥면,경상사고,0,0,1,0,차대사람 - 차도통행중,안전운전불이행,건조,맑음,단일로 - 기타,승용,여,22세,상해없음,보행자,남,39세,경상
2013032300100380,2013년 3월 23일 15시,토요일,충청남도 예산군 예산읍,경상사고,0,0,1,0,차대차 - 기타,안전운전불이행,건조,맑음,교차로 - 교차로부근,이륜,남,49세,경상,승용,여,40세,상해없음
2013032300100423,2013년 3월 23일 16시,토요일,충청남도 부여군 외산면,사망사고,1,1,1,0,차대차 - 정면충돌,중앙선침범,건조,맑음,단일로 - 기타,화물,남,57세,사망,승용,남,54세,경상
2013032300100460,2013년 3월 23일 17시,토요일,충청남도 공주시 금성동,중상사고,0,1,0,0,차대차 - 측면직각충돌,교차로운행방법위반,건조,맑음,교차로 - 교차로안,승용,남,61세,상해없음,원동기,여,57세,중상
2013032300100492,2013년 3월 23일 18시,토요일,충청남도 부여군 규암면,중상사고,0,1,0,0,차대차 - 추돌 - 진행중,안전거리미확보,건조,맑음,교차로 - 교차로안,화물,남,41세,상해없음,화물,남,45세,상해없음
2013032300100493,2013년 3월 23일 18시,토요일,충청남도 천안시 동남구 신부동,경상사고,0,0,1,0,차대사람 - 길가장자리구역통행중,안전운전불이행,건조,맑음,교차로 - 교차로부근,승용,남,21세,상해없음,보행자,남,15세,경상
2013032300100535,2013년 3월 23일 19시,토요일,충청남도 아산시 온천동,경상사고,0,0,1,0,차대차 - 추돌 - 주정차중,안전운전불이행,건조,맑음,단일로 - 기타,승용,남,59세,상해없음,승용,여,34세,경상
2013032300100536,2013년 3월 23일 19시,토요일,충청남도 보령시 청소면,경상사고,0,0,1,0,차대차 - 기타,직진우회전진행방해,건조,맑음,교차로 - 교차로안,화물,남,62세,상해없음,승용,남,51세,경상
2013032300100537,2013년 3월 23일 19시,토요일,충청남도 천안시 동남구 목천읍,사망사고,1,0,0,0,차대사람 - 횡단중,안전운전불이행,건조,맑음,단일로 - 기타,승용,남,25세,상해없음,보행자,여,63세,사망
2013032300100538,2013년 3월 23일 19시,토요일,충청남도 천안시 동남구 성남면,사망사고,1,0,0,0,차대사람 - 횡단중,안전운전불이행,건조,맑음,단일로 - 기타,승합,남,56세,상해없음,보행자,여,85세,사망
2013032300100579,2013년 3월 23일 20시,토요일,충청남도 홍성군 홍성읍,중상사고,0,1,1,0,차대차 - 기타,교차로운행방법위반,건조,맑음,교차로 - 교차로부근,화물,남,51세,상해없음,원동기,남,32세,경상
2013032300100580,2013년 3월 23일 20시,토요일,충청남도 아산시 풍기동,경상사고,0,0,2,0,차대차 - 측면직각충돌,신호위반,건조,맑음,교차로 - 교차로안,승용,남,48세,상해없음,승용,여,50세,경상
2013032300100613,2013년 3월 23일 21시,토요일,충청남도 천안시 서북구 직산읍,중상사고,0,1,0,0,차대차 - 추돌 - 진행중,안전운전불이행,건조,맑음,교차로 - 교차로부근,승용,남,45세,중상,승합,남,44세,상해없음
2013032300100614,2013년 3월 23일 21시,토요일,충청남도 당진시 송악읍,사망사고,1,0,0,0,차대사람 - 횡단중,안전운전불이행,건조,맑음,단일로 - 기타,화물,남,26세,상해없음,보행자,여,46세,사망
2013032300100676,2013년 3월 23일 23시,토요일,충청남도 태안군 안면읍,중상사고,0,2,0,0,차량단독 - 공작물충돌,안전운전불이행,건조,맑음,단일로 - 기타,승용,남,41세,중상,,,,
2013032300100677,2013년 3월 23일 23시,토요일,충청남도 논산시 강산동,중상사고,0,2,0,0,차대차 - 측면직각충돌,신호위반,건조,맑음,교차로 - 교차로안,승용,남,21세,상해없음,승용,남,34세,중상
2013032400100011,2013년 3월 24일 00시,일요일,충청남도 천안시 서북구 두정동,경상사고,0,0,4,0,차대차 - 추돌 - 주정차중,안전운전불이행,건조,맑음,단일로 - 기타,승용,남,27세,상해없음,승용,남,35세,경상
2013032400100073,2013년 3월 24일 03시,일요일,충청남도 당진시 순성면,중상사고,0,1,3,0,차대차 - 추돌 - 주정차중,안전운전불이행,건조,맑음,단일로 - 기타,승용,남,39세,상해없음,승용,남,38세,중상
2013032400100115,2013년 3월 24일 07시,일요일,충청남도 예산군 예산읍,경상사고,0,0,1,0,차량단독 - 공작물충돌,안전운전불이행,건조,맑음,단일로 - 기타,화물,남,30세,경상,,,,
2013032400100143,2013년 3월 24일 09시,일요일,충청남도 논산시 강경읍,경상사고,0,0,2,0,차대차 - 기타,안전운전불이행,건조,맑음,단일로 - 기타,화물,남,52세,경상,승용,남,39세,경상
2013032400100183,2013년 3월 24일 11시,일요일,충청남도 서산시 대산읍,경상사고,0,0,1,0,차대차 - 기타,중앙선침범,건조,맑음,단일로 - 기타,승용,남,38세,상해없음,승용,남,43세,상해없음
2013032400100209,2013년 3월 24일 13시,일요일,충청남도 태안군 안면읍,경상사고,0,0,3,0,차대차 - 추돌 - 주정차중,안전운전불이행,건조,맑음,단일로 - 기타,승용,남,33세,상해없음,승용,남,57세,경상
2013032400100265,2013년 3월 24일 15시,일요일,충청남도 공주시 이인면,사망사고,1,0,0,0,차량단독 - 공작물충돌,안전운전불이행,건조,맑음,단일로 - 기타,승용,남,35세,사망,,,,
2013032400100290,2013년 3월 24일 16시,일요일,충청남도 예산군 고덕면,경상사고,0,0,1,0,차대차 - 측면직각충돌,직진우회전진행방해,건조,맑음,교차로 - 교차로안,건설기계,남,49세,상해없음,승용,여,38세,상해없음
2013032400100291,2013년 3월 24일 16시,일요일,충청남도 청양군 정산면,중상사고,0,1,0,0,차량단독 - 기타,안전운전불이행,건조,맑음,단일로 - 기타,승용,남,40세,중상,,,,
2013032400100292,2013년 3월 24일 16시,일요일,충청남도 천안시 동남구 목천읍,중상사고,0,1,0,0,차대차 - 정면충돌,중앙선침범,건조,맑음,단일로 - 기타,화물,남,48세,상해없음,승용,남,28세,중상
2013032400100318,2013년 3월 24일 17시,일요일,충청남도 천안시 동남구 삼룡동,중상사고,0,1,0,0,차대차 - 측면직각충돌,안전운전불이행,건조,맑음,단일로 - 기타,원동기,남,15세,중상,승용,여,45세,상해없음
2013032400100376,2013년 3월 24일 19시,일요일,충청남도 천안시 서북구 성거읍,중상사고,0,1,1,0,차대차 - 추돌 - 주정차중,안전운전불이행,건조,맑음,기타 - 기타,승용,남,41세,상해없음,승용,여,46세,중상
2013032400100442,2013년 3월 24일 21시,일요일,충청남도 천안시 서북구 성정동,중상사고,0,1,0,0,차대사람 - 횡단중,안전운전불이행,건조,맑음,교차로 - 교차로부근,승용,남,36세,상해없음,보행자,남,47세,중상
2013032400100484,2013년 3월 24일 23시,일요일,충청남도 보령시 대천동,경상사고,0,0,3,0,차대차 - 정면충돌,안전운전불이행,건조,맑음,교차로 - 교차로안,승용,남,48세,상해없음,승용,남,36세,경상
2013032400100485,2013년 3월 24일 23시,일요일,충청남도 보령시 대천동,경상사고,0,0,1,0,차량단독 - 전도전복,안전운전불이행,건조,맑음,교차로 - 교차로안,화물,남,32세,경상,,,,
2013032500100030,2013년 3월 25일 04시,월요일,충청남도 보령시 대천동,경상사고,0,0,1,0,차대사람 - 횡단중,안전운전불이행,건조,맑음,교차로 - 교차로안,기타불명,기타불명,기타불명,기타불명,보행자,여,71세,경상
2013032500100064,2013년 3월 25일 07시,월요일,충청남도 천안시 동남구 병천면,경상사고,0,0,2,0,차대차 - 정면충돌,중앙선침범,건조,맑음,단일로 - 기타,화물,남,65세,상해없음,화물,남,52세,경상
2013032500100098,2013년 3월 25일 08시,월요일,충청남도 홍성군 홍동면,중상사고,0,1,0,0,차대차 - 측면직각충돌,교차로운행방법위반,건조,맑음,교차로 - 교차로안,화물,남,49세,상해없음,승용,여,47세,중상
2013032500100099,2013년 3월 25일 08시,월요일,충청남도 아산시 인주면,사망사고,1,1,0,0,차대차 - 측면직각충돌,신호위반,건조,맑음,교차로 - 교차로안,이륜,남,17세,중상,승용,남,39세,상해없음
2013032500100133,2013년 3월 25일 09시,월요일,충청남도 서산시 대산읍,경상사고,0,0,1,0,차대차 - 측면직각충돌,중앙선침범,건조,맑음,교차로 - 교차로안,승용,여,57세,상해없음,승용,여,35세,경상
2013032500100134,2013년 3월 25일 09시,월요일,충청남도 예산군 예산읍,경상사고,0,0,1,0,차대차 - 측면직각충돌,직진우회전진행방해,건조,맑음,교차로 - 교차로안,건설기계,남,29세,상해없음,이륜,남,63세,경상
2013032500100183,2013년 3월 25일 11시,월요일,충청남도 태안군 소원면,중상사고,0,1,0,0,차대차 - 기타,안전운전불이행,건조,맑음,단일로 - 기타,승용,남,34세,상해없음,이륜,남,79세,중상
2013032500100184,2013년 3월 25일 11시,월요일,충청남도 천안시 동남구 청수동,경상사고,0,0,1,0,차대차 - 기타,중앙선침범,건조,맑음,단일로 - 기타,승용,남,50세,상해없음,이륜,남,17세,경상
2013032500100220,2013년 3월 25일 12시,월요일,충청남도 천안시 서북구 성환읍,사망사고,1,0,0,0,차대차 - 측면직각충돌,안전운전불이행,건조,맑음,교차로 - 교차로안,화물,남,59세,상해없음,자전거,남,76세,사망
2013032500100221,2013년 3월 25일 12시,월요일,충청남도 예산군 덕산면,중상사고,0,1,0,0,차대차 - 기타,안전운전불이행,건조,맑음,단일로 - 기타,승용,남,55세,상해없음,승용,여,45세,상해없음
2013032500100222,2013년 3월 25일 12시,월요일,충청남도 천안시 동남구 병천면,경상사고,0,0,1,0,차대차 - 기타,중앙선침범,건조,맑음,단일로 - 기타,특수,남,44세,상해없음,화물,남,50세,경상
2013032500100246,2013년 3월 25일 13시,월요일,충청남도 서산시 읍내동,경상사고,0,0,2,0,차대차 - 측면직각충돌,안전운전불이행,건조,맑음,교차로 - 교차로부근,승용,여,60세,상해없음,이륜,여,76세,경상
2013032500100247,2013년 3월 25일 13시,월요일,충청남도 천안시 동남구 신부동,경상사고,0,0,2,0,차대차 - 기타,안전운전불이행,건조,맑음,단일로 - 기타,승용,여,44세,상해없음,승용,여,50세,경상
2013032500100288,2013년 3월 25일 14시,월요일,충청남도 천안시 서북구 쌍용동,중상사고,0,1,0,0,차대사람 - 횡단중,신호위반,건조,맑음,단일로 - 횡단보도상,승용,여,19세,상해없음,보행자,남,6세,중상
2013032500100289,2013년 3월 25일 14시,월요일,충청남도 천안시 서북구 두정동,경상사고,0,0,1,0,차대차 - 기타,안전운전불이행,건조,맑음,교차로 - 교차로안,승용,남,44세,상해없음,승용,남,36세,경상
2013032500100323,2013년 3월 25일 15시,월요일,충청남도 서산시 석림동,중상사고,0,1,0,0,차대사람 - 횡단중,보행자보호의무위반,건조,맑음,교차로 - 교차로안,승용,여,41세,상해없음,보행자,여,44세,중상
2013032500100324,2013년 3월 25일 15시,월요일,충청남도 천안시 동남구 수신면,중상사고,0,1,0,0,차대차 - 추돌 - 주정차중,안전운전불이행,건조,맑음,교차로 - 교차로부근,이륜,남,48세,중상,승합,남,42세,상해없음
2013032500100396,2013년 3월 25일 17시,월요일,충청남도 당진시 원당리,중상사고,0,1,0,0,차대사람 - 횡단중,보행자보호의무위반,건조,맑음,교차로 - 교차로안,화물,남,32세,상해없음,보행자,여,80세,중상
2013032500100483,2013년 3월 25일 20시,월요일,충청남도 예산군 삽교읍,사망사고,1,0,0,0,차대사람 - 차도통행중,안전운전불이행,건조,맑음,단일로 - 기타,승용,남,41세,상해없음,보행자,여,87세,사망
2013032500100515,2013년 3월 25일 21시,월요일,충청남도 당진시 송악읍,중상사고,0,1,0,0,차대사람 - 기타,안전운전불이행,건조,맑음,단일로 - 기타,승용,여,50세,상해없음,보행자,여,54세,중상
2013032500100516,2013년 3월 25일 21시,월요일,충청남도 천안시 동남구 용곡동,중상사고,0,1,0,0,차대차 - 기타,안전운전불이행,건조,맑음,단일로 - 기타,화물,남,41세,상해없음,승용,여,39세,중상
2013032500100542,2013년 3월 25일 22시,월요일,충청남도 천안시 서북구 성거읍,경상사고,0,0,1,0,차대차 - 추돌 - 주정차중,안전운전불이행,건조,맑음,교차로 - 교차로부근,승용,남,36세,상해없음,승용,남,27세,경상
2013032500100543,2013년 3월 25일 22시,월요일,충청남도 천안시 서북구 두정동,경상사고,0,0,5,0,차대차 - 추돌 - 주정차중,중앙선침범,건조,맑음,교차로 - 교차로안,승용,남,63세,상해없음,승용,남,27세,경상
2013032500100544,2013년 3월 25일 22시,월요일,충청남도 보령시 주교면,중상사고,0,1,1,0,차대차 - 측면직각충돌,과속,건조,맑음,교차로 - 교차로안,승합,남,33세,경상,승용,여,44세,중상
2013032600100048,2013년 3월 26일 03시,화요일,충청남도 천안시 동남구 신방동,경상사고,0,0,1,0,차대차 - 측면직각충돌,신호위반,건조,맑음,교차로 - 교차로안,화물,남,55세,상해없음,승용,남,51세,경상
2013032600100157,2013년 3월 26일 09시,화요일,충청남도 서산시 대산읍,중상사고,0,1,0,0,차대차 - 기타,안전운전불이행,건조,맑음,단일로 - 기타,원동기,남,85세,중상,건설기계,남,40세,상해없음
2013032600100187,2013년 3월 26일 10시,화요일,충청남도 홍성군 홍성읍,중상사고,0,11,3,0,차대차 - 측면직각충돌,신호위반,건조,맑음,교차로 - 교차로안,승용,여,34세,중상,승합,남,52세,중상
2013032600100203,2013년 3월 26일 11시,화요일,충청남도 홍성군 서부면,중상사고,0,2,0,0,차대차 - 기타,신호위반,건조,맑음,교차로 - 교차로안,화물,남,46세,상해없음,승용,남,49세,중상
2013032600100204,2013년 3월 26일 11시,화요일,충청남도 당진시 우강면,중상사고,0,1,0,0,차대차 - 기타,기타,건조,맑음,단일로 - 기타,건설기계,남,44세,상해없음,자전거,남,86세,중상
2013032600100230,2013년 3월 26일 12시,화요일,충청남도 보령시 대천동,중상사고,0,1,0,0,차대차 - 기타,차로위반,건조,맑음,단일로 - 기타,자전거,남,83세,중상,승용,여,24세,상해없음
2013032600100231,2013년 3월 26일 12시,화요일,충청남도 금산군 금산읍,경상사고,0,0,1,0,차대차 - 추돌 - 진행중,교차로운행방법위반,건조,맑음,교차로 - 교차로안,승용,여,36세,상해없음,이륜,남,66세,경상
2013032600100232,2013년 3월 26일 12시,화요일,충청남도 금산군 추부면,경상사고,0,0,1,0,차대차 - 기타,안전운전불이행,건조,맑음,단일로 - 기타,이륜,남,24세,경상,승용,여,21세,상해없음
2013032600100272,2013년 3월 26일 14시,화요일,충청남도 천안시 동남구 유량동,중상사고,0,1,0,0,차대차 - 측면직각충돌,교차로운행방법위반,건조,맑음,교차로 - 교차로안,승용,남,62세,상해없음,이륜,남,70세,중상
2013032600100350,2013년 3월 26일 17시,화요일,충청남도 태안군 태안읍,경상사고,0,0,1,0,차대사람 - 횡단중,안전운전불이행,건조,맑음,교차로 - 교차로부근,승용,남,30세,상해없음,보행자,남,45세,경상
2013032600100481,2013년 3월 26일 21시,화요일,충청남도 천안시 서북구 성환읍,중상사고,0,1,0,0,차대차 - 추돌 - 진행중,안전운전불이행,건조,맑음,단일로 - 기타,승용,남,27세,상해없음,자전거,남,46세,중상
2013032600100482,2013년 3월 26일 21시,화요일,충청남도 공주시 우성면,중상사고,0,1,3,0,차대차 - 측면직각충돌,안전거리미확보,건조,맑음,단일로 - 기타,승용,여,35세,상해없음,승용,여,29세,경상
2013032600100518,2013년 3월 26일 22시,화요일,충청남도 논산시 내동,중상사고,0,1,0,0,차대차 - 측면직각충돌,불법유턴,건조,맑음,단일로 - 기타,승용,여,41세,상해없음,이륜,남,17세,중상
2013032600100519,2013년 3월 26일 22시,화요일,충청남도 금산군 금산읍,경상사고,0,0,1,0,차대차 - 기타,안전운전불이행,건조,맑음,단일로 - 기타,승용,남,25세,상해없음,원동기,남,18세,경상
2013032600100546,2013년 3월 26일 23시,화요일,충청남도 천안시 서북구 성거읍,경상사고,0,0,1,0,차대차 - 측면직각충돌,안전운전불이행,건조,맑음,단일로 - 기타,승용,남,35세,상해없음,승용,남,49세,경상
2013032700100087,2013년 3월 27일 07시,수요일,충청남도 보령시 대천동,중상사고,0,1,0,0,차대차 - 기타,교차로운행방법위반,건조,맑음,교차로 - 교차로안,승용,남,51세,상해없음,자전거,여,51세,중상
2013032700100120,2013년 3월 27일 08시,수요일,충청남도 서산시 예천동,중상사고,0,1,2,0,차대차 - 측면직각충돌,직진우회전진행방해,건조,맑음,교차로 - 교차로안,승합,여,31세,경상,화물,남,44세,중상
2013032700100121,2013년 3월 27일 08시,수요일,충청남도 보령시 남곡동,중상사고,0,1,1,0,차대차 - 기타,안전거리미확보,건조,맑음,교차로 - 교차로안,화물,남,33세,상해없음,승용,여,46세,중상
2013032700100151,2013년 3월 27일 10시,수요일,충청남도 천안시 동남구 봉명동,경상사고,0,0,1,0,차대차 - 추돌 - 주정차중,안전운전불이행,건조,맑음,단일로 - 기타,승용,남,20세,상해없음,승용,여,26세,경상
2013032700100174,2013년 3월 27일 11시,수요일,충청남도 공주시 반포면,중상사고,0,1,0,0,차대차 - 측면직각충돌,안전운전불이행,건조,맑음,교차로 - 교차로부근,승용,여,42세,상해없음,승용,남,34세,중상
2013032700100175,2013년 3월 27일 11시,수요일,충청남도 당진시 석문면,중상사고,0,1,0,0,차대차 - 추돌 - 진행중,교차로운행방법위반,건조,맑음,단일로 - 기타,승용,남,50세,상해없음,승용,여,59세,중상
2013032700100212,2013년 3월 27일 12시,수요일,충청남도 천안시 서북구 쌍용동,경상사고,0,0,2,0,차대차 - 추돌 - 진행중,신호위반,건조,맑음,교차로 - 교차로안,승용,여,30세,상해없음,이륜,남,73세,경상
2013032700100290,2013년 3월 27일 15시,수요일,충청남도 태안군 근흥면,부상신고사고,0,0,0,1,차대차 - 추돌 - 진행중,안전운전불이행,건조,맑음,교차로 - 교차로부근,승용,남,68세,부상신고,승용,남,63세,상해없음
2013032700100291,2013년 3월 27일 15시,수요일,충청남도 당진시 순성면,중상사고,0,2,0,0,차대차 - 측면직각충돌,교차로운행방법위반,건조,맑음,교차로 - 교차로안,승용,남,38세,상해없음,승용,남,30세,중상
2013032700100324,2013년 3월 27일 16시,수요일,충청남도 태안군 태안읍,중상사고,0,1,0,0,차대사람 - 기타,안전운전불이행,건조,맑음,단일로 - 기타,특수,남,49세,상해없음,보행자,남,56세,중상
2013032700100325,2013년 3월 27일 16시,수요일,충청남도 서산시 읍내동,경상사고,0,0,1,0,차대차 - 측면직각충돌,안전운전불이행,건조,맑음,교차로 - 교차로부근,승용,남,33세,상해없음,승합,여,44세,경상
2013032700100326,2013년 3월 27일 16시,수요일,충청남도 아산시 좌부동,중상사고,0,1,0,0,차대사람 - 기타,안전운전불이행,건조,맑음,단일로 - 기타,화물,남,50세,상해없음,보행자,여,39세,중상
2013032700100327,2013년 3월 27일 16시,수요일,충청남도 예산군 신암면,사망사고,1,1,0,0,차대차 - 측면직각충돌,신호위반,건조,맑음,교차로 - 교차로안,승용,남,69세,사망,승용,여,39세,중상
2013032700100328,2013년 3월 27일 16시,수요일,충청남도 예산군 삽교읍,경상사고,0,0,1,0,차대차 - 측면직각충돌,안전운전불이행,건조,맑음,교차로 - 교차로부근,화물,남,43세,상해없음,자전거,남,76세,경상
2013032700100329,2013년 3월 27일 16시,수요일,충청남도 천안시 동남구 청수동,경상사고,0,0,1,0,차대차 - 기타,안전운전불이행,건조,맑음,교차로 - 교차로안,승용,남,27세,상해없음,승용,남,53세,경상
2013032700100395,2013년 3월 27일 18시,수요일,충청남도 서산시 동문동,경상사고,0,0,1,0,차대차 - 측면직각충돌,기타,건조,맑음,교차로 - 교차로안,이륜,남,16세,경상,화물,남,72세,상해없음
2013032700100396,2013년 3월 27일 18시,수요일,충청남도 당진시 읍내리,사망사고,1,0,0,0,차대사람 - 횡단중,안전운전불이행,건조,맑음,단일로 - 기타,승용,남,34세,상해없음,보행자,여,52세,사망
2013032700100474,2013년 3월 27일 20시,수요일,충청남도 홍성군 홍성읍,경상사고,0,0,2,0,차대차 - 기타,안전운전불이행,건조,맑음,교차로 - 교차로부근,승용,남,51세,상해없음,승용,여,46세,상해없음
2013032700100538,2013년 3월 27일 22시,수요일,충청남도 천안시 동남구 봉명동,경상사고,0,0,2,0,차대차 - 기타,차로위반,건조,맑음,단일로 - 기타,승용,남,33세,상해없음,승용,남,48세,경상
2013032700100577,2013년 3월 27일 23시,수요일,충청남도 서산시 예천동,중상사고,0,1,0,0,차대차 - 측면직각충돌,신호위반,건조,맑음,교차로 - 교차로안,승용,남,46세,상해없음,승용,남,41세,중상
2013032800100013,2013년 3월 28일 00시,목요일,충청남도 논산시 연산면,부상신고사고,0,0,0,1,차량단독 - 공작물충돌,안전운전불이행,건조,맑음,단일로 - 기타,승용,남,43세,부상신고,,,,
2013032800100097,2013년 3월 28일 07시,목요일,충청남도 서산시 해미면,중상사고,0,1,1,0,차대차 - 추돌 - 진행중,안전운전불이행,건조,맑음,단일로 - 기타,승용,남,36세,중상,화물,남,44세,경상
2013032800100171,2013년 3월 28일 09시,목요일,충청남도 천안시 서북구 불당동,중상사고,0,1,2,0,차대차 - 측면직각충돌,신호위반,건조,맑음,교차로 - 교차로안,승용,여,36세,상해없음,승용,여,21세,경상
2013032800100172,2013년 3월 28일 09시,목요일,충청남도 예산군 봉산면,중상사고,0,3,0,0,차대차 - 정면충돌,중앙선침범,건조,맑음,단일로 - 기타,승용,남,78세,중상,승용,남,69세,중상
2013032800100192,2013년 3월 28일 10시,목요일,충청남도 보령시 대천동,경상사고,0,0,2,0,차대차 - 측면직각충돌,직진우회전진행방해,건조,맑음,교차로 - 교차로안,승용,남,40세,상해없음,이륜,남,56세,경상
2013032800100243,2013년 3월 28일 12시,목요일,충청남도 보령시 청소면,중상사고,0,1,2,0,차대차 - 측면직각충돌,안전운전불이행,건조,맑음,단일로 - 기타,건설기계,남,49세,상해없음,승용,남,71세,경상
2013032800100260,2013년 3월 28일 13시,목요일,충청남도 서산시 지곡면,중상사고,0,1,0,0,차량단독 - 도로외이탈 - 기타,안전운전불이행,건조,맑음,단일로 - 기타,이륜,남,79세,중상,,,,
2013032800100283,2013년 3월 28일 14시,목요일,충청남도 천안시 동남구 다가동,경상사고,0,0,1,0,차대차 - 기타,안전운전불이행,건조,맑음,단일로 - 기타,승용,여,52세,상해없음,승용,여,34세,경상
2013032800100307,2013년 3월 28일 15시,목요일,충청남도 아산시 배방읍,중상사고,0,1,0,0,차대차 - 측면직각충돌,신호위반,건조,맑음,교차로 - 교차로안,승용,여,45세,상해없음,승용,남,49세,중상