사고번호,사고일시,요일,시군구,사고내용,사망자수,중상자수,경상자수,부상신고자수,사고유형,법규위반,노면상태,기상상태,도로형태,가해운전자 차종,가해운전자 성별,가해운전자 연령,가해운전자 상해정도,피해운전자 차종,피해운전자 성별,피해운전자 연령,피해운전자 상해정도
2013040200100483,2013년 4월 2일 20시,화요일,충청남도 홍성군 홍성읍,부상신고사고,0,0,0,1,차대사람 - 기타,안전운전불이행,건조,맑음,단일로 - 기타,기타불명,기타불명,기타불명,기타불명,보행자,남,53세,부상신고
2013040200100516,2013년 4월 2일 21시,화요일,충청남도 논산시 연무읍,경상사고,0,0,1,0,차대차 - 기타,중앙선침범,건조,맑음,단일로 - 기타,화물,여,58세,상해없음,승용,남,27세,경상
2013040200100579,2013년 4월 2일 23시,화요일,충청남도 천안시 서북구 두정동,경상사고,0,0,1,0,차대차 - 추돌 - 진행중,안전운전불이행,건조,맑음,단일로 - 기타,승용,남,30세,상해없음,승용,남,41세,경상
2013040200100580,2013년 4월 2일 23시,화요일,충청남도 공주시 신관동,경상사고,0,0,1,0,차대사람 - 기타,신호위반,습기,흐림,단일로 - 교량,이륜,남,15세,기타불명,보행자,여,20세,경상
2013040300100054,2013년 4월 3일 03시,수요일,충청남도 천안시 서북구 성정동,경상사고,0,0,1,0,차대사람 - 기타,안전운전불이행,건조,맑음,교차로 - 교차로부근,승용,여,53세,상해없음,보행자,여,18세,경상
2013040300100102,2013년 4월 3일 07시,수요일,충청남도 홍성군 홍북면,중상사고,0,1,0,0,차대사람 - 횡단중,안전운전불이행,건조,맑음,단일로 - 기타,승합,남,50세,상해없음,보행자,남,42세,중상
2013040300100103,2013년 4월 3일 07시,수요일,충청남도 천안시 동남구 대흥동,중상사고,0,1,0,0,차대사람 - 횡단중,보행자보호의무위반,건조,맑음,단일로 - 기타,승합,여,49세,상해없음,보행자,남,23세,중상
2013040300100164,2013년 4월 3일 09시,수요일,충청남도 천안시 동남구 봉명동,경상사고,0,0,1,0,차대사람 - 횡단중,안전운전불이행,건조,맑음,단일로 - 기타,승용,남,65세,상해없음,보행자,남,63세,경상
2013040300100255,2013년 4월 3일 13시,수요일,충청남도 공주시 계룡면,중상사고,0,3,0,0,차대차 - 정면충돌,중앙선침범,건조,맑음,단일로 - 기타,승용,여,60세,기타불명,화물,남,65세,중상
2013040300100282,2013년 4월 3일 14시,수요일,충청남도 당진시 석문면,중상사고,0,1,0,0,차대차 - 정면충돌,중앙선침범,건조,맑음,단일로 - 기타,승용,여,41세,상해없음,이륜,남,74세,중상
2013040300100283,2013년 4월 3일 14시,수요일,충청남도 청양군 남양면,중상사고,0,1,0,0,차대차 - 측면직각충돌,안전운전불이행,건조,맑음,단일로 - 기타,화물,남,63세,상해없음,이륜,남,65세,중상
2013040300100284,2013년 4월 3일 14시,수요일,충청남도 천안시 동남구 목천읍,중상사고,0,1,0,0,차대차 - 기타,안전운전불이행,건조,맑음,단일로 - 기타,화물,남,40세,상해없음,농기계,남,54세,중상
2013040300100316,2013년 4월 3일 15시,수요일,충청남도 공주시 검상동,사망사고,1,0,0,0,차대사람 - 기타,안전운전불이행,건조,맑음,단일로 - 교량,승용,남,56세,기타불명,보행자,남,52세,사망
2013040300100345,2013년 4월 3일 16시,수요일,충청남도 논산시 반월동,경상사고,0,0,1,0,차대차 - 측면직각충돌,중앙선침범,건조,맑음,기타 - 기타,승용,남,63세,상해없음,승용,여,30세,경상
2013040300100381,2013년 4월 3일 17시,수요일,충청남도 서산시 읍내동,중상사고,0,1,0,0,차대차 - 측면직각충돌,기타,건조,맑음,단일로 - 기타,승용,여,36세,상해없음,이륜,남,39세,중상
2013040300100382,2013년 4월 3일 17시,수요일,충청남도 논산시 내동,중상사고,0,1,3,0,차량단독 - 공작물충돌,과속,건조,맑음,교차로 - 교차로부근,승용,남,38세,경상,,,,
2013040300100383,2013년 4월 3일 17시,수요일,충청남도 공주시 중동,경상사고,0,0,1,0,차대사람 - 횡단중,안전운전불이행,건조,맑음,단일로 - 기타,승용,남,53세,상해없음,보행자,남,11세,경상
2013040300100384,2013년 4월 3일 17시,수요일,충청남도 부여군 규암면,경상사고,0,0,1,0,차대차 - 측면직각충돌,중앙선침범,건조,맑음,단일로 - 기타,승용,남,70세,기타불명,승용,남,37세,경상
2013040300100471,2013년 4월 3일 19시,수요일,충청남도 서산시 팔봉면,중상사고,0,1,0,0,차대사람 - 횡단중,안전운전불이행,건조,맑음,단일로 - 기타,승용,남,19세,상해없음,보행자,여,76세,중상
2013040300100546,2013년 4월 3일 21시,수요일,충청남도 아산시 신창면,경상사고,0,0,1,0,차대사람 - 기타,안전운전불이행,건조,맑음,기타 - 기타,승용,여,30세,상해없음,보행자,여,18세,경상
2013040300100547,2013년 4월 3일 21시,수요일,충청남도 당진시 신평면,경상사고,0,0,1,0,차대차 - 기타,안전운전불이행,건조,맑음,기타 - 기타,승용,남,29세,상해없음,화물,남,43세,경상
2013040300100548,2013년 4월 3일 21시,수요일,충청남도 천안시 동남구 원성동,경상사고,0,0,2,0,차대차 - 추돌 - 주정차중,안전운전불이행,건조,맑음,단일로 - 기타,승용,남,44세,상해없음,승용,남,51세,경상
2013040300100583,2013년 4월 3일 22시,수요일,충청남도 당진시 수청리,중상사고,0,2,1,0,차대차 - 측면직각충돌,중앙선침범,건조,맑음,기타 - 기타,승용,남,26세,중상,승용,남,51세,중상
2013040300100610,2013년 4월 3일 23시,수요일,충청남도 서천군 장항읍,경상사고,0,0,5,0,차량단독 - 공작물충돌,과속,건조,맑음,단일로 - 교량,화물,남,26세,경상,,,,
2013040400100016,2013년 4월 4일 00시,목요일,충청남도 서산시 석남동,경상사고,0,0,1,0,차대차 - 측면직각충돌,안전운전불이행,건조,맑음,교차로 - 교차로안,승용,남,49세,상해없음,승합,남,53세,경상
2013040400100017,2013년 4월 4일 00시,목요일,충청남도 천안시 서북구 백석동,경상사고,0,0,2,0,차대차 - 기타,안전운전불이행,건조,맑음,단일로 - 기타,승용,남,35세,상해없음,승용,남,51세,경상
2013040400100145,2013년 4월 4일 08시,목요일,충청남도 천안시 서북구 불당동,경상사고,0,0,1,0,차대차 - 기타,안전운전불이행,건조,맑음,단일로 - 기타,승용,여,43세,상해없음,승용,남,26세,경상
2013040400100178,2013년 4월 4일 09시,목요일,충청남도 천안시 동남구 봉명동,경상사고,0,0,1,0,차대차 - 측면직각충돌,안전운전불이행,건조,맑음,단일로 - 기타,승용,남,38세,상해없음,승합,남,45세,상해없음
2013040400100196,2013년 4월 4일 10시,목요일,충청남도 홍성군 홍성읍,경상사고,0,0,1,0,차대차 - 측면직각충돌,안전운전불이행,건조,맑음,교차로 - 교차로안,승용,남,60세,상해없음,승용,남,39세,경상
2013040400100242,2013년 4월 4일 12시,목요일,충청남도 아산시 배방읍,경상사고,0,0,1,0,차대차 - 추돌 - 진행중,안전거리미확보,건조,맑음,단일로 - 기타,승용,남,68세,상해없음,화물,남,35세,경상
2013040400100243,2013년 4월 4일 12시,목요일,충청남도 서천군 한산면,사망사고,1,1,0,0,차대차 - 정면충돌,신호위반,건조,맑음,교차로 - 교차로안,화물,남,70세,사망,화물,남,39세,중상
2013040400100265,2013년 4월 4일 13시,목요일,충청남도 보령시 청라면,중상사고,0,5,0,0,차대차 - 기타,직진우회전진행방해,건조,맑음,교차로 - 교차로안,승용,남,28세,상해없음,승용,남,70세,중상
2013040400100281,2013년 4월 4일 14시,목요일,충청남도 서산시 예천동,경상사고,0,0,1,0,차대차 - 정면충돌,중앙선침범,건조,맑음,교차로 - 교차로부근,자전거,남,76세,경상,승용,남,59세,상해없음
2013040400100374,2013년 4월 4일 17시,목요일,충청남도 공주시 유구읍,경상사고,0,0,2,0,차대차 - 측면직각충돌,기타,건조,맑음,교차로 - 교차로안,건설기계,남,54세,상해없음,승용,여,47세,경상
2013040400100375,2013년 4월 4일 17시,목요일,충청남도 공주시 반포면,경상사고,0,0,1,0,차대차 - 기타,안전거리미확보,건조,맑음,단일로 - 기타,승용,여,37세,상해없음,승용,여,54세,상해없음
2013040400100376,2013년 4월 4일 17시,목요일,충청남도 부여군 부여읍,경상사고,0,0,1,0,차대사람 - 횡단중,기타,건조,맑음,단일로 - 기타,화물,남,59세,상해없음,보행자,남,8세,경상
2013040400100414,2013년 4월 4일 18시,목요일,충청남도 보령시 죽정동,중상사고,0,1,0,0,차대차 - 측면직각충돌,중앙선침범,건조,맑음,교차로 - 교차로부근,승용,남,47세,상해없음,승용,여,60세,중상
2013040400100453,2013년 4월 4일 19시,목요일,충청남도 천안시 서북구 쌍용동,경상사고,0,0,3,0,차대차 - 추돌 - 주정차중,안전운전불이행,건조,맑음,교차로 - 교차로부근,화물,남,46세,상해없음,화물,여,51세,경상
2013040400100454,2013년 4월 4일 19시,목요일,충청남도 홍성군 홍동면,중상사고,0,1,1,0,차대차 - 정면충돌,중앙선침범,건조,맑음,기타 - 기타,승용,남,56세,중상,승용,남,49세,경상
2013040400100455,2013년 4월 4일 19시,목요일,충청남도 아산시 음봉면,중상사고,0,1,0,0,차대차 - 측면직각충돌,중앙선침범,건조,맑음,단일로 - 기타,승합,남,43세,상해없음,승용,남,45세,중상
2013040400100456,2013년 4월 4일 19시,목요일,충청남도 당진시 시곡리,중상사고,0,1,0,0,차대차 - 정면충돌,중앙선침범,건조,맑음,단일로 - 기타,이륜,남,66세,중상,승합,남,38세,상해없음
2013040400100482,2013년 4월 4일 20시,목요일,충청남도 천안시 서북구 성정동,경상사고,0,0,1,0,차대차 - 기타,안전운전불이행,건조,맑음,교차로 - 교차로안,화물,남,49세,상해없음,원동기,남,32세,경상
2013040400100515,2013년 4월 4일 21시,목요일,충청남도 서산시 지곡면,경상사고,0,0,2,0,차대차 - 추돌 - 주정차중,안전운전불이행,건조,맑음,교차로 - 교차로부근,승용,남,38세,상해없음,승용,남,34세,경상
2013040400100516,2013년 4월 4일 21시,목요일,충청남도 천안시 동남구 신방동,경상사고,0,0,1,0,차대차 - 기타,차로위반,건조,맑음,단일로 - 기타,승용,남,51세,상해없음,승용,남,44세,경상
2013040500100019,2013년 4월 5일 00시,금요일,충청남도 공주시 우성면,중상사고,0,1,0,0,차량단독 - 공작물충돌,안전운전불이행,건조,맑음,단일로 - 기타,승용,남,26세,중상,,,,
2013040500100020,2013년 4월 5일 00시,금요일,충청남도 당진시 채운동,경상사고,0,0,1,0,차대차 - 추돌 - 진행중,안전운전불이행,건조,맑음,단일로 - 기타,승용,남,38세,상해없음,승용,남,30세,경상
2013040500100021,2013년 4월 5일 00시,금요일,충청남도 공주시 월미동,중상사고,0,1,0,0,차대차 - 추돌 - 진행중,안전운전불이행,건조,맑음,단일로 - 기타,승합,남,30세,상해없음,특수,남,42세,상해없음
2013040500100049,2013년 4월 5일 02시,금요일,충청남도 천안시 서북구 성거읍,경상사고,0,0,1,0,차대차 - 추돌 - 진행중,안전운전불이행,건조,맑음,단일로 - 기타,승용,여,35세,상해없음,승용,남,35세,경상
2013040500100064,2013년 4월 5일 04시,금요일,충청남도 천안시 서북구 성정동,경상사고,0,0,3,0,차대차 - 측면직각충돌,중앙선침범,건조,맑음,교차로 - 교차로부근,승용,남,18세,상해없음,화물,남,27세,경상
2013040500100065,2013년 4월 5일 04시,금요일,충청남도 금산군 복수면,경상사고,0,0,2,0,차대차 - 측면직각충돌,안전운전불이행,건조,맑음,단일로 - 기타,승용,여,40세,경상,승용,여,53세,경상
2013040500100131,2013년 4월 5일 08시,금요일,충청남도 태안군 태안읍,경상사고,0,0,1,0,차대사람 - 차도통행중,안전운전불이행,건조,흐림,단일로 - 기타,승용,여,54세,상해없음,보행자,남,71세,경상
2013040500100175,2013년 4월 5일 09시,금요일,충청남도 금산군 진산면,경상사고,0,0,2,0,차대차 - 정면충돌,중앙선침범,건조,맑음,단일로 - 기타,화물,남,62세,경상,승합,남,67세,상해없음
2013040500100203,2013년 4월 5일 10시,금요일,충청남도 천안시 서북구 성정동,경상사고,0,0,1,0,차대차 - 추돌 - 주정차중,안전운전불이행,건조,맑음,단일로 - 기타,승용,남,64세,상해없음,승용,남,38세,경상
2013040500100275,2013년 4월 5일 13시,금요일,충청남도 태안군 태안읍,중상사고,0,1,0,0,차대차 - 측면직각충돌,안전운전불이행,건조,맑음,단일로 - 기타,화물,남,60세,기타불명,원동기,남,67세,중상
2013040500100324,2013년 4월 5일 15시,금요일,충청남도 논산시 연산면,사망사고,1,0,0,0,차량단독 - 전도전복,안전운전불이행,건조,맑음,교차로 - 교차로부근,화물,남,51세,사망,,,,
2013040500100325,2013년 4월 5일 15시,금요일,충청남도 논산시 대교동,중상사고,0,1,0,0,차대차 - 측면직각충돌,안전운전불이행,건조,맑음,단일로 - 기타,화물,남,55세,상해없음,이륜,남,69세,중상
2013040500100326,2013년 4월 5일 15시,금요일,충청남도 예산군 오가면,중상사고,0,1,3,0,차대차 - 측면직각충돌,직진우회전진행방해,건조,맑음,교차로 - 교차로안,승용,남,60세,경상,화물,남,35세,경상
2013040500100368,2013년 4월 5일 16시,금요일,충청남도 태안군 안면읍,중상사고,0,1,1,0,차대차 - 기타,안전운전불이행,건조,맑음,단일로 - 기타,화물,남,63세,상해없음,이륜,남,74세,경상
2013040500100369,2013년 4월 5일 16시,금요일,충청남도 논산시 강경읍,부상신고사고,0,0,0,1,차량단독 - 공작물충돌,안전운전불이행,건조,맑음,단일로 - 교량,이륜,남,56세,부상신고,,,,
2013040500100370,2013년 4월 5일 16시,금요일,충청남도 보령시 대천동,경상사고,0,0,1,0,차대차 - 측면직각충돌,직진우회전진행방해,건조,맑음,교차로 - 교차로안,승용,남,31세,상해없음,이륜,남,51세,경상
2013040500100406,2013년 4월 5일 17시,금요일,충청남도 서산시 읍내동,중상사고,0,1,0,0,차대차 - 기타,안전거리미확보,건조,맑음,단일로 - 기타,승합,남,39세,상해없음,이륜,남,65세,중상
2013040500100408,2013년 4월 5일 17시,금요일,충청남도 금산군 금산읍,중상사고,0,1,0,0,차대차 - 기타,교차로운행방법위반,건조,맑음,교차로 - 교차로안,화물,남,26세,상해없음,자전거,남,77세,중상
2013040500100445,2013년 4월 5일 18시,금요일,충청남도 아산시 용화동,부상신고사고,0,0,0,1,차대사람 - 기타,안전운전불이행,건조,맑음,기타 - 기타,화물,기타불명,기타불명,기타불명,보행자,남,47세,부상신고
2013040500100446,2013년 4월 5일 18시,금요일,충청남도 공주시 반포면,중상사고,0,1,0,0,차대차 - 기타,과속,건조,맑음,단일로 - 기타,승용,남,28세,상해없음,승용,남,24세,중상
2013040500100491,2013년 4월 5일 19시,금요일,충청남도 태안군 남면,경상사고,0,0,2,0,차대차 - 기타,안전운전불이행,건조,맑음,단일로 - 기타,화물,남,65세,상해없음,승용,남,23세,경상
2013040500100492,2013년 4월 5일 19시,금요일,충청남도 논산시 부창동,중상사고,0,1,5,0,차대차 - 측면직각충돌,불법유턴,건조,맑음,단일로 - 기타,승용,여,46세,경상,승용,여,43세,경상
2013040500100493,2013년 4월 5일 19시,금요일,충청남도 예산군 신암면,사망사고,1,0,0,0,차량단독 - 공작물충돌,안전운전불이행,건조,흐림,교차로 - 교차로안,이륜,남,49세,사망,,,,
2013040500100544,2013년 4월 5일 20시,금요일,충청남도 서산시 음암면,경상사고,0,0,1,0,차대차 - 기타,안전운전불이행,건조,맑음,단일로 - 기타,승용,여,48세,상해없음,승용,여,40세,경상
2013040500100545,2013년 4월 5일 20시,금요일,충청남도 논산시 강경읍,중상사고,0,1,0,0,차대차 - 정면충돌,중앙선침범,건조,맑음,단일로 - 기타,승합,남,67세,상해없음,이륜,남,37세,중상
2013040500100575,2013년 4월 5일 21시,금요일,충청남도 논산시 성동면,중상사고,0,1,0,0,차대사람 - 기타,안전운전불이행,건조,흐림,단일로 - 기타,이륜,남,44세,상해없음,보행자,여,72세,중상
2013040500100576,2013년 4월 5일 21시,금요일,충청남도 홍성군 홍동면,중상사고,0,1,0,0,차대사람 - 횡단중,안전운전불이행,건조,맑음,단일로 - 기타,승용,남,21세,상해없음,보행자,여,13세,중상
2013040500100577,2013년 4월 5일 21시,금요일,충청남도 홍성군 홍성읍,경상사고,0,0,1,0,차대사람 - 기타,안전운전불이행,건조,맑음,단일로 - 기타,승용,남,42세,상해없음,보행자,남,33세,경상
2013040500100578,2013년 4월 5일 21시,금요일,충청남도 보령시 동대동,경상사고,0,0,1,0,차대차 - 기타,직진우회전진행방해,건조,맑음,교차로 - 교차로안,승용,기타불명,기타불명,기타불명,승용,여,48세,경상
2013040500100614,2013년 4월 5일 22시,금요일,충청남도 천안시 동남구 목천읍,중상사고,0,1,0,0,차대사람 - 기타,안전운전불이행,건조,맑음,교차로 - 교차로부근,승용,남,52세,상해없음,보행자,남,50세,중상
2013040500100649,2013년 4월 5일 23시,금요일,충청남도 서산시 수석동,경상사고,0,0,2,0,차대차 - 측면직각충돌,중앙선침범,건조,맑음,단일로 - 기타,승용,남,24세,상해없음,승용,남,49세,경상
2013040500100650,2013년 4월 5일 23시,금요일,충청남도 서산시 동문동,중상사고,0,2,0,0,차대차 - 기타,교차로운행방법위반,건조,맑음,교차로 - 교차로안,승용,남,25세,상해없음,승용,여,22세,중상
2013040500100651,2013년 4월 5일 23시,금요일,충청남도 천안시 서북구 성정동,경상사고,0,0,2,0,차대차 - 추돌 - 주정차중,안전운전불이행,건조,맑음,교차로 - 교차로부근,승용,남,42세,상해없음,화물,남,39세,상해없음
2013040500100652,2013년 4월 5일 23시,금요일,충청남도 천안시 서북구 두정동,경상사고,0,0,1,0,차대사람 - 차도통행중,안전운전불이행,건조,맑음,단일로 - 기타,승용,남,20세,상해없음,보행자,남,23세,경상
2013040500100653,2013년 4월 5일 23시,금요일,충청남도 논산시 부창동,경상사고,0,0,2,0,차대차 - 측면직각충돌,교차로운행방법위반,건조,흐림,교차로 - 교차로안,승용,남,30세,상해없음,승용,남,57세,경상
2013040500100654,2013년 4월 5일 23시,금요일,충청남도 논산시 연산면,중상사고,0,1,0,0,차대차 - 추돌 - 주정차중,안전운전불이행,건조,맑음,교차로 - 교차로부근,승용,남,45세,상해없음,승용,남,37세,중상
2013040500100655,2013년 4월 5일 23시,금요일,충청남도 천안시 동남구 삼룡동,경상사고,0,0,1,0,차대차 - 기타,안전운전불이행,건조,맑음,단일로 - 터널,승용,남,38세,상해없음,승용,여,35세,경상
2013040500100656,2013년 4월 5일 23시,금요일,충청남도 공주시 우성면,경상사고,0,0,1,0,차대차 - 측면직각충돌,안전운전불이행,건조,맑음,단일로 - 기타,승용,남,54세,상해없음,화물,남,51세,경상
2013040600100017,2013년 4월 6일 00시,토요일,충청남도 서산시 동문동,경상사고,0,0,2,0,차대차 - 기타,신호위반,건조,맑음,교차로 - 교차로안,승용,남,30세,상해없음,승용,남,31세,경상
2013040600100044,2013년 4월 6일 01시,토요일,충청남도 보령시 신흑동,중상사고,0,1,0,0,차대사람 - 차도통행중,안전운전불이행,습기,비,교차로 - 교차로안,승용,남,39세,상해없음,보행자,여,31세,중상
2013040600100077,2013년 4월 6일 02시,토요일,충청남도 공주시 신관동,경상사고,0,0,1,0,차대차 - 기타,신호위반,습기,비,교차로 - 교차로안,승용,남,42세,상해없음,승용,남,30세,경상
2013040600100167,2013년 4월 6일 06시,토요일,충청남도 천안시 동남구 신방동,사망사고,1,0,0,0,차대차 - 기타,안전운전불이행,습기,비,단일로 - 기타,승용,남,21세,사망,승용,남,55세,상해없음
2013040600100189,2013년 4월 6일 07시,토요일,충청남도 태안군 근흥면,사망사고,1,1,0,0,차대차 - 기타,중앙선침범,습기,비,단일로 - 기타,화물,남,50세,중상,승용,남,48세,사망
2013040600100190,2013년 4월 6일 07시,토요일,충청남도 논산시 반월동,중상사고,0,1,0,0,차대차 - 측면직각충돌,교차로운행방법위반,습기,비,교차로 - 교차로안,승용,남,54세,상해없음,승용,여,63세,중상
2013040600100253,2013년 4월 6일 10시,토요일,충청남도 서천군 마서면,경상사고,0,0,6,0,차대차 - 추돌 - 주정차중,안전운전불이행,습기,비,교차로 - 교차로부근,승용,남,69세,상해없음,화물,남,71세,경상
2013040600100269,2013년 4월 6일 11시,토요일,충청남도 당진시 송산면,경상사고,0,0,1,0,차대차 - 추돌 - 진행중,교차로운행방법위반,습기,비,교차로 - 교차로안,승용,남,50세,상해없음,승용,남,48세,경상
2013040600100299,2013년 4월 6일 12시,토요일,충청남도 서산시 석림동,중상사고,0,1,2,0,차대차 - 측면직각충돌,신호위반,습기,비,교차로 - 교차로안,화물,남,51세,상해없음,승합,여,36세,경상
2013040600100300,2013년 4월 6일 12시,토요일,충청남도 서천군 서천읍,중상사고,0,1,1,0,차대차 - 기타,안전운전불이행,습기,비,교차로 - 교차로부근,승용,남,66세,경상,화물,남,55세,중상
2013040600100301,2013년 4월 6일 12시,토요일,충청남도 금산군 추부면,경상사고,0,0,1,0,차대사람 - 차도통행중,안전운전불이행,습기,비,교차로 - 교차로부근,화물,남,64세,상해없음,보행자,남,53세,경상
2013040600100336,2013년 4월 6일 13시,토요일,충청남도 예산군 예산읍,중상사고,0,2,2,0,차대차 - 추돌 - 진행중,안전거리미확보,습기,비,단일로 - 기타,승용,남,20세,경상,승용,남,36세,상해없음
2013040600100373,2013년 4월 6일 14시,토요일,충청남도 천안시 서북구 백석동,중상사고,0,1,0,0,차대차 - 정면충돌,신호위반,습기,비,교차로 - 교차로안,승용,여,44세,상해없음,승용,여,25세,중상
2013040600100466,2013년 4월 6일 17시,토요일,충청남도 아산시 남동,중상사고,0,1,1,0,차대차 - 추돌 - 진행중,안전운전불이행,건조,맑음,기타 - 기타,승용,남,48세,상해없음,승용,남,39세,경상
2013040600100467,2013년 4월 6일 17시,토요일,충청남도 부여군 장암면,중상사고,0,1,0,0,차대사람 - 기타,안전운전불이행,건조,맑음,기타 - 기타,승용,남,32세,상해없음,보행자,남,63세,중상
2013040600100501,2013년 4월 6일 18시,토요일,충청남도 천안시 서북구 성정동,경상사고,0,0,1,0,차대차 - 기타,안전운전불이행,습기,비,교차로 - 교차로부근,승용,남,43세,상해없음,원동기,남,36세,경상
2013040600100542,2013년 4월 6일 19시,토요일,충청남도 천안시 서북구 쌍용동,경상사고,0,0,3,0,차대차 - 기타,안전운전불이행,습기,비,교차로 - 교차로부근,승용,남,63세,상해없음,승용,남,45세,경상
2013040600100543,2013년 4월 6일 19시,토요일,충청남도 서천군 서천읍,경상사고,0,0,2,0,차대사람 - 기타,보행자보호의무위반,습기,비,교차로 - 교차로안,이륜,남,17세,경상,보행자,남,73세,경상
2013040600100604,2013년 4월 6일 20시,토요일,충청남도 공주시 유구읍,중상사고,0,1,0,0,차대차 - 측면직각충돌,안전운전불이행,습기,비,교차로 - 교차로안,승합,남,38세,상해없음,화물,남,41세,중상
2013040600100605,2013년 4월 6일 20시,토요일,충청남도 당진시 원당리,부상신고사고,0,0,0,3,차대차 - 측면직각충돌,안전운전불이행,습기,비,단일로 - 기타,승용,남,40세,상해없음,승용,남,57세,부상신고
2013040600100657,2013년 4월 6일 21시,토요일,충청남도 서산시 석림동,중상사고,0,1,1,0,차대차 - 추돌 - 주정차중,안전운전불이행,습기,비,교차로 - 교차로부근,승용,남,35세,상해없음,승용,남,48세,중상
2013040600100658,2013년 4월 6일 21시,토요일,충청남도 홍성군 홍성읍,경상사고,0,0,1,0,차량단독 - 공작물충돌,안전운전불이행,습기,비,단일로 - 기타,승합,남,52세,경상,,,,
2013040600100659,2013년 4월 6일 21시,토요일,충청남도 천안시 동남구 신부동,경상사고,0,0,1,0,차대차 - 기타,안전운전불이행,습기,비,단일로 - 기타,승용,남,30세,상해없음,승용,남,33세,상해없음
2013040600100708,2013년 4월 6일 22시,토요일,충청남도 아산시 온천동,경상사고,0,0,1,0,차대차 - 기타,안전운전불이행,습기,비,단일로 - 기타,승용,여,59세,상해없음,승용,남,44세,경상
2013040700100020,2013년 4월 7일 00시,일요일,충청남도 천안시 동남구 신부동,경상사고,0,0,1,0,차대사람 - 차도통행중,안전운전불이행,습기,비,단일로 - 기타,승용,남,18세,상해없음,보행자,여,19세,경상
2013040700100058,2013년 4월 7일 01시,일요일,충청남도 천안시 서북구 두정동,경상사고,0,0,3,0,차대차 - 추돌 - 진행중,안전운전불이행,습기,비,단일로 - 기타,승용,남,47세,상해없음,승용,남,56세,경상
2013040700100059,2013년 4월 7일 01시,일요일,충청남도 당진시 수청리,경상사고,0,0,1,0,차대사람 - 횡단중,안전운전불이행,습기,비,단일로 - 기타,승용,남,22세,상해없음,보행자,남,18세,경상
2013040700100125,2013년 4월 7일 05시,일요일,충청남도 천안시 서북구 성정동,경상사고,0,0,1,0,차대차 - 추돌 - 진행중,안전운전불이행,습기,비,교차로 - 교차로부근,승용,남,27세,상해없음,승용,남,26세,경상
2013040700100143,2013년 4월 7일 06시,일요일,충청남도 공주시 웅진동,중상사고,0,1,1,0,차대차 - 정면충돌,직진우회전진행방해,건조,맑음,교차로 - 교차로안,화물,남,63세,경상,승용,여,27세,중상
2013040700100171,2013년 4월 7일 09시,일요일,충청남도 예산군 덕산면,중상사고,0,2,2,0,차대차 - 측면직각충돌,직진우회전진행방해,건조,맑음,교차로 - 교차로안,승용,남,24세,경상,승용,남,53세,중상
2013040700100172,2013년 4월 7일 09시,일요일,충청남도 당진시 합덕읍,경상사고,0,0,1,0,차대차 - 정면충돌,안전운전불이행,건조,맑음,단일로 - 기타,승용,남,53세,상해없음,이륜,남,68세,경상
2013040700100221,2013년 4월 7일 12시,일요일,충청남도 서산시 부석면,중상사고,0,1,7,0,차대차 - 측면직각충돌,신호위반,건조,맑음,교차로 - 교차로안,승용,남,66세,경상,승용,남,69세,경상
2013040700100222,2013년 4월 7일 12시,일요일,충청남도 천안시 서북구 성환읍,중상사고,0,2,0,0,차대사람 - 횡단중,안전운전불이행,건조,맑음,교차로 - 교차로부근,승용,남,23세,상해없음,보행자,여,10세,중상
2013040700100273,2013년 4월 7일 14시,일요일,충청남도 홍성군 장곡면,중상사고,0,1,4,0,차대차 - 측면직각충돌,교차로운행방법위반,건조,맑음,교차로 - 교차로안,승용,남,40세,경상,승용,남,38세,경상
2013040700100311,2013년 4월 7일 15시,일요일,충청남도 천안시 서북구 입장면,중상사고,0,3,0,0,차대차 - 정면충돌,중앙선침범,건조,맑음,기타 - 기타,승용,남,30세,상해없음,승용,여,54세,중상
2013040700100379,2013년 4월 7일 17시,일요일,충청남도 논산시 강산동,경상사고,0,0,3,0,차대차 - 측면직각충돌,안전운전불이행,건조,맑음,단일로 - 기타,화물,남,15세,상해없음,승용,남,31세,경상
2013040700100380,2013년 4월 7일 17시,일요일,충청남도 논산시 덕지동,경상사고,0,0,4,0,차대차 - 측면직각충돌,신호위반,건조,맑음,교차로 - 교차로안,승용,여,48세,상해없음,승용,여,49세,경상
2013040700100381,2013년 4월 7일 17시,일요일,충청남도 공주시 신관동,중상사고,0,1,1,0,차대차 - 추돌 - 주정차중,안전운전불이행,건조,맑음,교차로 - 교차로안,승용,남,70세,상해없음,승용,남,54세,경상
2013040700100421,2013년 4월 7일 18시,일요일,충청남도 아산시 인주면,중상사고,0,1,0,0,차대차 - 기타,안전운전불이행,건조,맑음,교차로 - 교차로안,승용,여,39세,상해없음,승용,여,54세,중상
2013040700100422,2013년 4월 7일 18시,일요일,충청남도 천안시 동남구 신방동,경상사고,0,0,5,0,차대차 - 추돌 - 주정차중,안전운전불이행,건조,맑음,교차로 - 교차로부근,승용,남,44세,상해없음,승용,남,38세,경상
2013040700100458,2013년 4월 7일 19시,일요일,충청남도 태안군 안면읍,중상사고,0,1,0,0,차대차 - 측면직각충돌,중앙선침범,건조,맑음,단일로 - 기타,승용,남,55세,상해없음,화물,남,41세,중상