사고번호,사고일시,요일,시군구,사고내용,사망자수,중상자수,경상자수,부상신고자수,사고유형,법규위반,노면상태,기상상태,도로형태,가해운전자 차종,가해운전자 성별,가해운전자 연령,가해운전자 상해정도,피해운전자 차종,피해운전자 성별,피해운전자 연령,피해운전자 상해정도
2013041300100107,2013년 4월 13일 07시,토요일,충청남도 아산시 모종동,경상사고,0,0,1,0,차대차 - 측면직각충돌,안전운전불이행,건조,맑음,교차로 - 교차로안,승용,남,49세,기타불명,승용,남,67세,경상
2013041300100133,2013년 4월 13일 08시,토요일,충청남도 태안군 소원면,중상사고,0,1,0,0,차대차 - 측면직각충돌,교차로운행방법위반,건조,맑음,교차로 - 교차로안,자전거,남,34세,중상,화물,남,49세,상해없음
2013041300100134,2013년 4월 13일 08시,토요일,충청남도 아산시 음봉면,사망사고,1,0,0,0,차대사람 - 차도통행중,안전운전불이행,건조,맑음,단일로 - 기타,화물,남,25세,상해없음,보행자,남,61세,사망
2013041300100218,2013년 4월 13일 11시,토요일,충청남도 천안시 동남구 신부동,경상사고,0,0,4,0,차대차 - 측면직각충돌,신호위반,건조,맑음,교차로 - 교차로안,화물,여,43세,경상,승용,여,30세,경상
2013041300100219,2013년 4월 13일 11시,토요일,충청남도 천안시 동남구 신방동,경상사고,0,0,4,0,차대차 - 추돌 - 진행중,안전운전불이행,건조,맑음,단일로 - 기타,건설기계,남,56세,상해없음,승용,남,34세,경상
2013041300100284,2013년 4월 13일 13시,토요일,충청남도 보령시 동대동,중상사고,0,1,0,0,차대사람 - 보도통행중,보행자보호의무위반,건조,맑음,단일로 - 횡단보도상,승용,여,21세,상해없음,보행자,여,76세,중상
2013041300100327,2013년 4월 13일 14시,토요일,충청남도 논산시 강산동,중상사고,0,1,0,0,차대사람 - 보도통행중,보행자보호의무위반,건조,맑음,단일로 - 횡단보도상,승용,여,35세,상해없음,보행자,여,70세,중상
2013041300100328,2013년 4월 13일 14시,토요일,충청남도 논산시 반월동,경상사고,0,0,1,0,차대사람 - 기타,안전운전불이행,건조,맑음,단일로 - 기타,승용,여,48세,상해없음,보행자,여,63세,경상
2013041300100329,2013년 4월 13일 14시,토요일,충청남도 당진시 석문면,경상사고,0,0,1,0,차대차 - 측면직각충돌,중앙선침범,건조,맑음,단일로 - 기타,화물,남,50세,상해없음,화물,남,36세,경상
2013041300100364,2013년 4월 13일 15시,토요일,충청남도 공주시 반포면,중상사고,0,1,0,0,차대차 - 기타,안전운전불이행,건조,맑음,단일로 - 기타,승용,남,45세,상해없음,승용,여,24세,중상
2013041300100416,2013년 4월 13일 16시,토요일,충청남도 서천군 마서면,경상사고,0,0,1,0,차량단독 - 전도전복,안전운전불이행,건조,맑음,단일로 - 기타,승용,남,69세,상해없음,,,,
2013041300100417,2013년 4월 13일 16시,토요일,충청남도 공주시 유구읍,중상사고,0,1,0,0,차대차 - 기타,안전운전불이행,건조,맑음,단일로 - 기타,승용,남,52세,상해없음,농기계,남,80세,중상
2013041300100418,2013년 4월 13일 16시,토요일,충청남도 부여군 부여읍,중상사고,0,1,0,0,차대차 - 측면직각충돌,신호위반,건조,맑음,교차로 - 교차로안,승용,남,55세,상해없음,승용,여,36세,중상
2013041300100446,2013년 4월 13일 17시,토요일,충청남도 보령시 신흑동,경상사고,0,0,4,0,차대차 - 기타,안전운전불이행,건조,맑음,단일로 - 기타,승용,남,40세,상해없음,승용,남,45세,경상
2013041300100478,2013년 4월 13일 18시,토요일,충청남도 홍성군 홍성읍,중상사고,0,1,3,0,차대차 - 측면직각충돌,교차로운행방법위반,건조,맑음,교차로 - 교차로안,승용,여,48세,상해없음,승용,남,43세,경상
2013041300100479,2013년 4월 13일 18시,토요일,충청남도 천안시 동남구 목천읍,경상사고,0,0,1,0,차대차 - 정면충돌,중앙선침범,건조,맑음,단일로 - 기타,승용,여,34세,상해없음,이륜,남,16세,경상
2013041300100518,2013년 4월 13일 19시,토요일,충청남도 태안군 태안읍,경상사고,0,0,2,0,차대차 - 측면직각충돌,중앙선침범,건조,맑음,기타 - 기타,기타불명,기타불명,기타불명,기타불명,승용,남,39세,상해없음
2013041300100520,2013년 4월 13일 19시,토요일,충청남도 청양군 목면,경상사고,0,0,2,0,차대차 - 추돌 - 주정차중,안전운전불이행,건조,맑음,단일로 - 기타,화물,남,33세,상해없음,승용,남,47세,경상
2013041300100555,2013년 4월 13일 20시,토요일,충청남도 천안시 서북구 직산읍,중상사고,0,1,0,0,차대차 - 기타,교차로운행방법위반,건조,맑음,교차로 - 교차로안,승용,남,37세,상해없음,이륜,남,16세,중상
2013041300100556,2013년 4월 13일 20시,토요일,충청남도 보령시 신흑동,경상사고,0,0,1,0,차대차 - 기타,직진우회전진행방해,건조,맑음,교차로 - 교차로안,화물,남,34세,상해없음,승용,남,51세,경상
2013041300100583,2013년 4월 13일 21시,토요일,충청남도 당진시 송악읍,경상사고,0,0,2,0,차대차 - 추돌 - 주정차중,안전운전불이행,건조,맑음,단일로 - 기타,승용,여,43세,상해없음,승용,남,28세,기타불명
2013041300100584,2013년 4월 13일 21시,토요일,충청남도 천안시 동남구 신부동,중상사고,0,1,0,0,차대사람 - 횡단중,안전운전불이행,건조,맑음,단일로 - 기타,승용,남,22세,상해없음,보행자,남,24세,중상
2013041300100619,2013년 4월 13일 22시,토요일,충청남도 태안군 근흥면,경상사고,0,0,1,0,차대차 - 측면직각충돌,중앙선침범,건조,흐림,단일로 - 기타,승용,남,55세,상해없음,승용,여,29세,경상
2013041400100026,2013년 4월 14일 01시,일요일,충청남도 공주시 반포면,사망사고,1,0,0,0,차대사람 - 차도통행중,안전운전불이행,습기,흐림,단일로 - 기타,승용,남,31세,상해없음,보행자,남,40세,사망
2013041400100027,2013년 4월 14일 01시,일요일,충청남도 당진시 읍내리,중상사고,0,1,0,0,차대사람 - 기타,안전운전불이행,건조,맑음,교차로 - 교차로안,승용,남,35세,상해없음,보행자,남,24세,중상
2013041400100045,2013년 4월 14일 02시,일요일,충청남도 서천군 마서면,경상사고,0,0,1,0,차량단독 - 기타,안전운전불이행,건조,맑음,단일로 - 기타,승용,남,41세,상해없음,,,,
2013041400100087,2013년 4월 14일 05시,일요일,충청남도 천안시 서북구 성정동,경상사고,0,0,2,0,차대차 - 추돌 - 주정차중,안전운전불이행,건조,맑음,교차로 - 교차로부근,승용,남,34세,상해없음,승용,남,61세,상해없음
2013041400100110,2013년 4월 14일 07시,일요일,충청남도 천안시 동남구 다가동,중상사고,0,2,0,0,차대차 - 추돌 - 진행중,안전운전불이행,습기,비,미분류 - 미분류,화물,남,50세,중상,승용,남,49세,중상
2013041400100122,2013년 4월 14일 08시,일요일,충청남도 논산시 연산면,중상사고,0,1,0,0,차대사람 - 횡단중,안전운전불이행,건조,흐림,단일로 - 기타,승용,여,50세,상해없음,보행자,남,7세,중상
2013041400100123,2013년 4월 14일 08시,일요일,충청남도 금산군 남일면,경상사고,0,0,4,0,차대차 - 정면충돌,안전운전불이행,건조,맑음,교차로 - 교차로안,승용,남,41세,경상,승합,남,65세,경상
2013041400100155,2013년 4월 14일 10시,일요일,충청남도 논산시 은진면,중상사고,0,1,4,0,차대차 - 측면직각충돌,교차로운행방법위반,건조,맑음,교차로 - 교차로안,승용,남,33세,경상,승용,남,56세,경상
2013041400100196,2013년 4월 14일 12시,일요일,충청남도 태안군 소원면,경상사고,0,0,1,0,차대사람 - 횡단중,안전운전불이행,건조,맑음,단일로 - 기타,승용,남,22세,상해없음,보행자,남,11세,경상
2013041400100198,2013년 4월 14일 12시,일요일,충청남도 서산시 운산면,중상사고,0,3,5,1,차대차 - 추돌 - 진행중,안전운전불이행,건조,맑음,단일로 - 기타,승합,남,51세,상해없음,화물,남,57세,경상
2013041400100233,2013년 4월 14일 13시,일요일,충청남도 서산시 부석면,사망사고,1,0,0,0,차량단독 - 전도전복,안전운전불이행,건조,맑음,단일로 - 기타,이륜,남,33세,사망,,,,
2013041400100259,2013년 4월 14일 14시,일요일,충청남도 서산시 읍내동,중상사고,0,1,0,0,차대차 - 측면직각충돌,차로위반,건조,맑음,단일로 - 기타,승용,남,41세,상해없음,원동기,남,25세,중상
2013041400100282,2013년 4월 14일 15시,일요일,충청남도 당진시 정미면,경상사고,0,0,2,0,차대차 - 추돌 - 진행중,안전거리미확보,건조,맑음,단일로 - 기타,화물,남,45세,상해없음,승용,남,26세,경상
2013041400100316,2013년 4월 14일 16시,일요일,충청남도 예산군 덕산면,경상사고,0,0,4,0,차대차 - 측면직각충돌,직진우회전진행방해,건조,맑음,교차로 - 교차로안,승용,여,43세,경상,승용,여,49세,경상
2013041400100317,2013년 4월 14일 16시,일요일,충청남도 당진시 면천면,사망사고,1,0,0,0,차량단독 - 도로외이탈 - 기타,안전운전불이행,건조,맑음,단일로 - 기타,화물,남,58세,사망,,,,
2013041400100348,2013년 4월 14일 17시,일요일,충청남도 천안시 서북구 백석동,경상사고,0,0,1,0,차대사람 - 횡단중,안전운전불이행,건조,맑음,단일로 - 기타,승용,여,49세,상해없음,보행자,남,11세,경상
2013041400100349,2013년 4월 14일 17시,일요일,충청남도 계룡시 금암동,경상사고,0,0,1,0,차대차 - 측면직각충돌,교차로운행방법위반,건조,맑음,교차로 - 교차로안,승용,여,41세,기타불명,승용,여,45세,경상
2013041400100350,2013년 4월 14일 17시,일요일,충청남도 당진시 송악읍,경상사고,0,0,2,0,차대차 - 추돌 - 진행중,교차로운행방법위반,건조,맑음,교차로 - 교차로안,승용,남,53세,상해없음,승용,여,30세,경상
2013041400100351,2013년 4월 14일 17시,일요일,충청남도 금산군 남이면,경상사고,0,0,1,0,차대차 - 측면직각충돌,중앙선침범,건조,맑음,단일로 - 기타,화물,남,52세,상해없음,승용,여,44세,경상
2013041400100384,2013년 4월 14일 18시,일요일,충청남도 서산시 대산읍,중상사고,0,1,0,0,차량단독 - 공작물충돌,안전운전불이행,건조,맑음,단일로 - 기타,승용,남,26세,중상,,,,
2013041400100483,2013년 4월 14일 21시,일요일,충청남도 논산시 광석면,중상사고,0,1,0,1,차대차 - 추돌 - 진행중,과속,건조,맑음,단일로 - 기타,승용,남,43세,부상신고,승용,남,60세,중상
2013041400100498,2013년 4월 14일 22시,일요일,충청남도 홍성군 홍성읍,경상사고,0,0,1,0,차대차 - 기타,안전운전불이행,건조,맑음,교차로 - 교차로안,승용,남,34세,상해없음,승용,여,49세,경상
2013041500100006,2013년 4월 15일 00시,월요일,충청남도 보령시 웅천읍,경상사고,0,0,1,0,차량단독 - 전도전복,안전운전불이행,건조,맑음,단일로 - 기타,승용,남,30세,상해없음,,,,
2013041500100061,2013년 4월 15일 07시,월요일,충청남도 아산시 배미동,중상사고,0,1,0,0,차대사람 - 횡단중,안전운전불이행,건조,맑음,교차로 - 교차로안,승용,남,32세,상해없음,보행자,여,15세,중상
2013041500100091,2013년 4월 15일 08시,월요일,충청남도 홍성군 홍성읍,중상사고,0,1,0,0,차대차 - 측면직각충돌,신호위반,건조,맑음,교차로 - 교차로안,화물,남,34세,상해없음,원동기,여,64세,중상
2013041500100152,2013년 4월 15일 10시,월요일,충청남도 금산군 남일면,중상사고,0,4,2,0,차대차 - 측면직각충돌,신호위반,건조,맑음,교차로 - 교차로안,승용,남,48세,중상,화물,남,56세,중상
2013041500100171,2013년 4월 15일 11시,월요일,충청남도 서산시 운산면,경상사고,0,0,1,0,차대차 - 측면직각충돌,차로위반,건조,맑음,단일로 - 기타,승용,여,62세,상해없음,승용,남,36세,경상
2013041500100172,2013년 4월 15일 11시,월요일,충청남도 보령시 주산면,중상사고,0,1,0,0,차량단독 - 기타,안전운전불이행,건조,맑음,교차로 - 교차로안,승합,남,50세,상해없음,,,,
2013041500100214,2013년 4월 15일 13시,월요일,충청남도 천안시 동남구 신부동,경상사고,0,0,1,0,차대차 - 기타,신호위반,건조,맑음,교차로 - 교차로안,이륜,남,30세,경상,승용,남,63세,상해없음
2013041500100285,2013년 4월 15일 16시,월요일,충청남도 청양군 청양읍,중상사고,0,1,0,0,차대차 - 정면충돌,신호위반,건조,맑음,교차로 - 교차로안,이륜,남,79세,중상,승용,여,67세,상해없음
2013041500100346,2013년 4월 15일 18시,월요일,충청남도 논산시 취암동,경상사고,0,0,3,0,차대차 - 측면직각충돌,교차로운행방법위반,건조,맑음,교차로 - 교차로안,승용,남,56세,경상,승합,남,60세,경상
2013041500100377,2013년 4월 15일 19시,월요일,충청남도 논산시 내동,경상사고,0,0,1,0,차대차 - 측면직각충돌,안전운전불이행,건조,맑음,교차로 - 교차로부근,이륜,남,18세,경상,화물,남,53세,상해없음
2013041500100378,2013년 4월 15일 19시,월요일,충청남도 논산시 연무읍,경상사고,0,0,4,0,차대차 - 기타,안전거리미확보,건조,맑음,단일로 - 기타,화물,남,67세,경상,승용,남,29세,경상
2013041500100379,2013년 4월 15일 19시,월요일,충청남도 보령시 동대동,중상사고,0,1,0,0,차대사람 - 기타,안전운전불이행,건조,맑음,단일로 - 기타,승용,기타불명,기타불명,기타불명,보행자,여,68세,중상
2013041500100380,2013년 4월 15일 19시,월요일,충청남도 예산군 예산읍,경상사고,0,0,2,0,차대차 - 추돌 - 진행중,안전운전불이행,건조,맑음,단일로 - 기타,화물,남,44세,상해없음,승용,남,54세,경상
2013041500100445,2013년 4월 15일 21시,월요일,충청남도 홍성군 홍성읍,경상사고,0,0,1,0,차대차 - 기타,안전운전불이행,건조,맑음,교차로 - 교차로안,승용,남,66세,상해없음,승용,남,30세,경상
2013041500100446,2013년 4월 15일 21시,월요일,충청남도 보령시 웅천읍,경상사고,0,0,1,0,차대차 - 측면직각충돌,안전운전불이행,건조,맑음,단일로 - 기타,화물,남,48세,상해없음,승합,남,46세,상해없음
2013041500100447,2013년 4월 15일 21시,월요일,충청남도 천안시 동남구 용곡동,경상사고,0,0,2,0,차대차 - 기타,안전운전불이행,건조,맑음,단일로 - 기타,승용,남,44세,상해없음,승용,남,30세,경상
2013041500100504,2013년 4월 15일 23시,월요일,충청남도 서산시 음암면,경상사고,0,0,1,0,차량단독 - 공작물충돌,안전운전불이행,건조,맑음,단일로 - 기타,승용,여,43세,경상,,,,
2013041500100505,2013년 4월 15일 23시,월요일,충청남도 천안시 서북구 성정동,경상사고,0,0,3,0,차대차 - 측면직각충돌,직진우회전진행방해,건조,맑음,교차로 - 교차로안,화물,남,41세,경상,승용,남,46세,경상
2013041600100019,2013년 4월 16일 01시,화요일,충청남도 논산시 성동면,중상사고,0,1,0,0,차대차 - 추돌 - 주정차중,안전운전불이행,건조,맑음,단일로 - 기타,승용,여,24세,상해없음,승용,남,28세,상해없음
2013041600100071,2013년 4월 16일 06시,화요일,충청남도 청양군 정산면,중상사고,0,2,4,1,차대차 - 측면직각충돌,직진우회전진행방해,건조,맑음,교차로 - 교차로안,승용,남,62세,상해없음,승용,남,55세,경상
2013041600100093,2013년 4월 16일 07시,화요일,충청남도 청양군 비봉면,중상사고,0,1,0,0,차대사람 - 횡단중,안전운전불이행,건조,맑음,교차로 - 교차로안,승용,여,58세,상해없음,보행자,남,7세,중상
2013041600100118,2013년 4월 16일 08시,화요일,충청남도 보령시 대천동,중상사고,0,1,0,0,차대차 - 측면직각충돌,안전운전불이행,건조,맑음,단일로 - 기타,화물,남,68세,상해없음,이륜,남,84세,중상
2013041600100119,2013년 4월 16일 08시,화요일,충청남도 당진시 합덕읍,중상사고,0,1,0,0,차대차 - 정면충돌,안전운전불이행,건조,맑음,단일로 - 기타,화물,남,76세,상해없음,이륜,남,80세,중상
2013041600100143,2013년 4월 16일 09시,화요일,충청남도 천안시 서북구 성정동,중상사고,0,1,2,0,차대차 - 추돌 - 주정차중,안전운전불이행,건조,맑음,교차로 - 교차로부근,승용,남,27세,상해없음,승용,여,47세,중상
2013041600100144,2013년 4월 16일 09시,화요일,충청남도 천안시 동남구 청수동,중상사고,0,1,0,0,차대차 - 기타,안전운전불이행,건조,맑음,단일로 - 기타,승용,남,57세,상해없음,이륜,남,62세,중상
2013041600100188,2013년 4월 16일 11시,화요일,충청남도 논산시 양촌면,중상사고,0,1,0,0,차대사람 - 기타,안전운전불이행,건조,맑음,단일로 - 기타,승용,남,62세,상해없음,보행자,여,45세,중상
2013041600100206,2013년 4월 16일 12시,화요일,충청남도 당진시 신평면,경상사고,0,0,1,0,차대차 - 측면직각충돌,교차로운행방법위반,건조,맑음,교차로 - 교차로안,승용,남,64세,상해없음,승용,여,48세,경상
2013041600100231,2013년 4월 16일 13시,화요일,충청남도 서산시 예천동,경상사고,0,0,1,0,차대차 - 측면직각충돌,안전운전불이행,건조,맑음,단일로 - 기타,이륜,남,41세,경상,승용,남,24세,상해없음
2013041600100232,2013년 4월 16일 13시,화요일,충청남도 논산시 광석면,경상사고,0,0,1,0,차대차 - 추돌 - 주정차중,안전운전불이행,건조,맑음,단일로 - 기타,화물,남,52세,상해없음,승용,여,27세,경상
2013041600100233,2013년 4월 16일 13시,화요일,충청남도 부여군 부여읍,경상사고,0,0,1,0,차대사람 - 길가장자리구역통행중,안전운전불이행,건조,맑음,단일로 - 기타,승용,남,76세,상해없음,보행자,여,63세,경상
2013041600100270,2013년 4월 16일 14시,화요일,충청남도 금산군 금산읍,경상사고,0,0,1,0,차대차 - 측면직각충돌,신호위반,건조,맑음,교차로 - 교차로안,승용,여,68세,기타불명,승용,남,74세,경상
2013041600100295,2013년 4월 16일 15시,화요일,충청남도 서산시 동문동,중상사고,0,1,0,0,차대차 - 측면직각충돌,신호위반,건조,맑음,교차로 - 교차로안,화물,남,78세,상해없음,승용,여,46세,중상
2013041600100296,2013년 4월 16일 15시,화요일,충청남도 천안시 서북구 성정동,중상사고,0,1,0,0,차대사람 - 횡단중,안전운전불이행,건조,맑음,단일로 - 기타,화물,여,59세,상해없음,보행자,남,22세,중상
2013041600100324,2013년 4월 16일 16시,화요일,충청남도 공주시 의당면,중상사고,0,1,0,0,차대사람 - 횡단중,중앙선침범,건조,맑음,단일로 - 기타,승용,남,59세,상해없음,보행자,남,4세,중상
2013041600100325,2013년 4월 16일 16시,화요일,충청남도 예산군 예산읍,중상사고,0,1,4,0,차대차 - 추돌 - 주정차중,중앙선침범,건조,맑음,단일로 - 기타,승용,남,44세,경상,승용,여,55세,경상
2013041600100326,2013년 4월 16일 16시,화요일,충청남도 당진시 송산면,경상사고,0,0,2,0,차대차 - 측면직각충돌,교차로운행방법위반,건조,맑음,교차로 - 교차로안,승용,남,67세,상해없음,건설기계,남,49세,경상
2013041600100327,2013년 4월 16일 16시,화요일,충청남도 천안시 동남구 안서동,중상사고,0,2,1,0,차대차 - 추돌 - 주정차중,안전운전불이행,건조,맑음,교차로 - 교차로안,승용,남,57세,상해없음,승용,남,55세,경상
2013041600100397,2013년 4월 16일 18시,화요일,충청남도 금산군 금산읍,중상사고,0,1,1,0,차대차 - 측면직각충돌,교차로운행방법위반,건조,맑음,교차로 - 교차로안,승용,여,72세,상해없음,이륜,남,67세,중상
2013041600100429,2013년 4월 16일 19시,화요일,충청남도 천안시 서북구 두정동,중상사고,0,1,0,0,차대차 - 기타,안전운전불이행,건조,맑음,단일로 - 기타,승용,남,24세,상해없음,이륜,남,18세,중상
2013041600100441,2013년 4월 16일 20시,화요일,충청남도 공주시 교동,중상사고,0,1,0,0,차대사람 - 기타,안전운전불이행,건조,맑음,단일로 - 기타,승용,남,28세,상해없음,보행자,여,59세,중상
2013041600100475,2013년 4월 16일 21시,화요일,충청남도 공주시 교동,중상사고,0,2,1,0,차대차 - 기타,안전운전불이행,건조,맑음,단일로 - 기타,승용,남,43세,상해없음,건설기계,남,51세,기타불명
2013041600100507,2013년 4월 16일 22시,화요일,충청남도 공주시 반포면,경상사고,0,0,2,0,차대차 - 추돌 - 진행중,안전운전불이행,건조,맑음,기타 - 기타,승용,남,36세,상해없음,승용,남,28세,경상
2013041600100508,2013년 4월 16일 22시,화요일,충청남도 공주시 신관동,경상사고,0,0,1,0,차대차 - 추돌 - 주정차중,안전운전불이행,기타,기타,교차로 - 교차로부근,승용,남,59세,상해없음,승용,남,35세,경상
2013041700100030,2013년 4월 17일 01시,수요일,충청남도 논산시 강경읍,중상사고,0,1,1,0,차대차 - 측면직각충돌,신호위반,습기,흐림,교차로 - 교차로안,승용,남,63세,경상,승용,남,52세,중상
2013041700100081,2013년 4월 17일 06시,수요일,충청남도 아산시 음봉면,경상사고,0,0,1,0,차대차 - 추돌 - 주정차중,안전운전불이행,건조,맑음,단일로 - 기타,승용,남,29세,상해없음,승용,여,42세,경상
2013041700100098,2013년 4월 17일 07시,수요일,충청남도 서산시 동문동,경상사고,0,0,1,0,차대사람 - 보도통행중,기타,건조,맑음,기타 - 기타,화물,남,30세,상해없음,보행자,여,45세,경상
2013041700100147,2013년 4월 17일 08시,수요일,충청남도 천안시 서북구 성거읍,중상사고,0,1,0,0,차대사람 - 기타,안전운전불이행,건조,맑음,단일로 - 기타,승용,남,35세,상해없음,보행자,남,62세,중상
2013041700100227,2013년 4월 17일 11시,수요일,충청남도 천안시 동남구 목천읍,경상사고,0,0,1,0,차대차 - 추돌 - 진행중,안전운전불이행,건조,맑음,단일로 - 기타,화물,남,32세,상해없음,승용,여,42세,경상
2013041700100269,2013년 4월 17일 13시,수요일,충청남도 서산시 해미면,경상사고,0,0,1,0,차대차 - 기타,중앙선침범,건조,맑음,단일로 - 횡단보도부근,승합,남,48세,상해없음,이륜,남,36세,경상
2013041700100270,2013년 4월 17일 13시,수요일,충청남도 부여군 부여읍,중상사고,0,1,0,0,차대차 - 기타,신호위반,건조,맑음,교차로 - 교차로안,승용,여,41세,상해없음,승합,남,56세,중상
2013041700100317,2013년 4월 17일 15시,수요일,충청남도 태안군 태안읍,중상사고,0,1,4,6,차대차 - 추돌 - 주정차중,안전거리미확보,건조,맑음,교차로 - 교차로부근,건설기계,남,58세,상해없음,승합,여,43세,상해없음
2013041700100318,2013년 4월 17일 15시,수요일,충청남도 천안시 서북구 쌍용동,경상사고,0,0,1,0,차대차 - 추돌 - 주정차중,안전운전불이행,건조,맑음,기타 - 기타,화물,남,29세,상해없음,승용,여,45세,경상
2013041700100345,2013년 4월 17일 16시,수요일,충청남도 아산시 득산동,중상사고,0,2,1,0,차대차 - 정면충돌,신호위반,건조,맑음,교차로 - 교차로안,화물,남,77세,경상,승용,남,23세,중상
2013041700100346,2013년 4월 17일 16시,수요일,충청남도 천안시 동남구 봉명동,부상신고사고,0,0,0,1,차대사람 - 횡단중,안전운전불이행,건조,맑음,교차로 - 교차로부근,승용,남,55세,상해없음,보행자,남,52세,부상신고
2013041700100385,2013년 4월 17일 17시,수요일,충청남도 공주시 신관동,경상사고,0,0,1,0,차대사람 - 기타,안전운전불이행,건조,맑음,단일로 - 기타,승용,남,31세,상해없음,보행자,남,53세,경상
2013041700100387,2013년 4월 17일 17시,수요일,충청남도 천안시 동남구 봉명동,경상사고,0,0,1,0,차대사람 - 차도통행중,안전운전불이행,건조,맑음,단일로 - 기타,승용,남,71세,상해없음,보행자,여,14세,경상
2013041700100457,2013년 4월 17일 19시,수요일,충청남도 천안시 서북구 성거읍,중상사고,0,2,0,0,차대차 - 추돌 - 주정차중,안전운전불이행,건조,맑음,교차로 - 교차로부근,승합,남,50세,상해없음,승용,남,36세,중상
2013041700100522,2013년 4월 17일 21시,수요일,충청남도 보령시 대천동,경상사고,0,0,1,0,차대차 - 측면직각충돌,안전운전불이행,건조,맑음,단일로 - 횡단보도상,자전거,남,13세,경상,승합,남,21세,상해없음
2013041700100523,2013년 4월 17일 21시,수요일,충청남도 공주시 웅진동,중상사고,0,1,0,0,차대차 - 기타,안전운전불이행,건조,맑음,단일로 - 기타,이륜,남,15세,기타불명,승용,남,71세,상해없음
2013041700100524,2013년 4월 17일 21시,수요일,충청남도 당진시 수청리,중상사고,0,1,0,0,차대차 - 추돌 - 주정차중,안전운전불이행,건조,맑음,교차로 - 교차로안,승용,남,48세,상해없음,승용,남,44세,중상
2013041700100561,2013년 4월 17일 22시,수요일,충청남도 천안시 서북구 백석동,중상사고,0,2,3,0,차대차 - 측면직각충돌,신호위반,건조,맑음,교차로 - 교차로안,승용,남,43세,상해없음,승용,남,47세,경상
2013041700100562,2013년 4월 17일 22시,수요일,충청남도 당진시 읍내리,중상사고,0,1,4,0,차대차 - 측면직각충돌,신호위반,건조,맑음,기타 - 기타,화물,남,33세,상해없음,승용,남,29세,중상
2013041700100592,2013년 4월 17일 23시,수요일,충청남도 논산시 내동,경상사고,0,0,2,0,차대사람 - 횡단중,안전운전불이행,건조,맑음,단일로 - 횡단보도부근,이륜,남,19세,상해없음,보행자,남,33세,경상
2013041700100593,2013년 4월 17일 23시,수요일,충청남도 아산시 음봉면,경상사고,0,0,1,0,차대차 - 추돌 - 주정차중,안전거리미확보,건조,맑음,교차로 - 교차로부근,승용,남,31세,상해없음,승용,남,28세,경상
2013041700100594,2013년 4월 17일 23시,수요일,충청남도 청양군 정산면,중상사고,0,1,3,0,차대차 - 추돌 - 진행중,안전운전불이행,건조,맑음,단일로 - 교량,승용,남,38세,상해없음,승용,남,54세,경상
2013041800100012,2013년 4월 18일 00시,목요일,충청남도 서산시 대산읍,경상사고,0,0,1,0,차대차 - 측면직각충돌,안전운전불이행,건조,맑음,교차로 - 교차로부근,기타불명,기타불명,기타불명,기타불명,승용,남,22세,경상
2013041800100013,2013년 4월 18일 00시,목요일,충청남도 부여군 부여읍,중상사고,0,1,0,0,차대차 - 기타,교차로운행방법위반,건조,맑음,교차로 - 교차로안,승용,여,42세,상해없음,승용,여,27세,중상
2013041800100056,2013년 4월 18일 04시,목요일,충청남도 보령시 남포면,중상사고,0,2,1,0,차대차 - 추돌 - 주정차중,안전운전불이행,건조,맑음,단일로 - 기타,승용,남,44세,상해없음,승용,남,31세,중상
2013041800100066,2013년 4월 18일 05시,목요일,충청남도 천안시 동남구 성남면,중상사고,0,2,0,0,차대차 - 측면직각충돌,안전운전불이행,건조,흐림,단일로 - 기타,승용,남,42세,상해없음,화물,남,43세,중상
2013041800100147,2013년 4월 18일 09시,목요일,충청남도 천안시 동남구 구성동,경상사고,0,0,1,0,차대차 - 기타,안전운전불이행,건조,흐림,단일로 - 기타,승용,남,35세,상해없음,승용,여,38세,경상
2013041800100148,2013년 4월 18일 09시,목요일,충청남도 천안시 동남구 봉명동,경상사고,0,0,1,0,차대차 - 기타,안전운전불이행,건조,맑음,단일로 - 기타,승용,남,36세,상해없음,승용,남,31세,경상
2013041800100180,2013년 4월 18일 10시,목요일,충청남도 홍성군 홍성읍,중상사고,0,1,1,0,차대차 - 측면직각충돌,교차로운행방법위반,건조,맑음,교차로 - 교차로안,승용,여,57세,중상,화물,남,58세,경상
2013041800100181,2013년 4월 18일 10시,목요일,충청남도 청양군 정산면,중상사고,0,1,0,0,차대차 - 측면직각충돌,안전운전불이행,건조,맑음,단일로 - 기타,승용,남,35세,상해없음,이륜,남,70세,중상
2013041800100228,2013년 4월 18일 12시,목요일,충청남도 천안시 서북구 입장면,사망사고,1,1,0,0,차대차 - 측면직각충돌,직진우회전진행방해,건조,맑음,교차로 - 교차로안,승용,여,54세,사망,승용,남,28세,중상
2013041800100229,2013년 4월 18일 12시,목요일,충청남도 논산시 덕지동,경상사고,0,0,1,0,차대차 - 기타,신호위반,건조,맑음,교차로 - 교차로안,화물,남,62세,상해없음,승합,여,47세,경상
2013041800100281,2013년 4월 18일 14시,목요일,충청남도 예산군 봉산면,사망사고,1,0,0,0,차대사람 - 횡단중,안전운전불이행,건조,맑음,단일로 - 기타,승용,남,44세,상해없음,보행자,여,82세,사망