사고번호,사고일시,요일,시군구,사고내용,사망자수,중상자수,경상자수,부상신고자수,사고유형,법규위반,노면상태,기상상태,도로형태,가해운전자 차종,가해운전자 성별,가해운전자 연령,가해운전자 상해정도,피해운전자 차종,피해운전자 성별,피해운전자 연령,피해운전자 상해정도
2013041800100282,2013년 4월 18일 14시,목요일,충청남도 천안시 동남구 영성동,경상사고,0,0,1,0,차대차 - 측면직각충돌,교차로운행방법위반,건조,맑음,교차로 - 교차로안,화물,남,53세,상해없음,원동기,남,68세,경상
2013041800100314,2013년 4월 18일 15시,목요일,충청남도 천안시 동남구 광덕면,경상사고,0,0,2,0,차대차 - 추돌 - 진행중,안전운전불이행,건조,맑음,단일로 - 기타,승용,남,54세,상해없음,승용,남,40세,경상
2013041800100339,2013년 4월 18일 16시,목요일,충청남도 천안시 서북구 입장면,경상사고,0,0,1,0,차대차 - 기타,안전운전불이행,건조,맑음,단일로 - 기타,건설기계,남,43세,상해없음,자전거,남,14세,경상
2013041800100340,2013년 4월 18일 16시,목요일,충청남도 계룡시 엄사면,경상사고,0,0,1,0,차대차 - 추돌 - 주정차중,안전운전불이행,건조,맑음,단일로 - 기타,화물,남,59세,경상,승용,여,38세,기타불명
2013041800100341,2013년 4월 18일 16시,목요일,충청남도 천안시 동남구 신부동,중상사고,0,1,0,0,차대사람 - 횡단중,보행자보호의무위반,건조,맑음,단일로 - 횡단보도상,승용,여,38세,상해없음,보행자,여,71세,중상
2013041800100390,2013년 4월 18일 17시,목요일,충청남도 서산시 해미면,경상사고,0,0,2,0,차량단독 - 공작물충돌,안전운전불이행,건조,맑음,교차로 - 교차로부근,승합,남,60세,상해없음,,,,
2013041800100391,2013년 4월 18일 17시,목요일,충청남도 공주시 의당면,경상사고,0,0,5,0,차대차 - 측면직각충돌,직진우회전진행방해,건조,맑음,교차로 - 교차로안,화물,남,51세,기타불명,승합,남,55세,경상
2013041800100392,2013년 4월 18일 17시,목요일,충청남도 천안시 동남구 봉명동,중상사고,0,1,0,0,차대사람 - 차도통행중,안전운전불이행,건조,맑음,교차로 - 교차로부근,기타불명,기타불명,기타불명,기타불명,보행자,여,12세,중상
2013041800100427,2013년 4월 18일 18시,목요일,충청남도 천안시 서북구 성정동,경상사고,0,0,1,0,차대차 - 측면직각충돌,안전운전불이행,건조,맑음,교차로 - 교차로안,승용,여,47세,상해없음,승용,남,39세,경상
2013041800100428,2013년 4월 18일 18시,목요일,충청남도 논산시 취암동,경상사고,0,0,1,0,차대차 - 기타,안전운전불이행,건조,맑음,단일로 - 기타,원동기,남,26세,경상,승합,남,56세,상해없음
2013041800100462,2013년 4월 18일 19시,목요일,충청남도 서산시 음암면,경상사고,0,0,3,0,차대차 - 기타,안전거리미확보,건조,맑음,교차로 - 교차로부근,승용,남,48세,상해없음,승용,남,33세,경상
2013041800100463,2013년 4월 18일 19시,목요일,충청남도 논산시 상월면,중상사고,0,1,0,0,차대사람 - 기타,안전운전불이행,건조,맑음,단일로 - 기타,승합,여,40세,상해없음,보행자,여,16세,중상
2013041800100494,2013년 4월 18일 20시,목요일,충청남도 예산군 예산읍,경상사고,0,0,3,0,차대차 - 추돌 - 진행중,안전거리미확보,건조,맑음,단일로 - 기타,승용,남,48세,상해없음,승용,여,47세,경상
2013041800100495,2013년 4월 18일 20시,목요일,충청남도 당진시 읍내리,경상사고,0,0,1,0,차대차 - 정면충돌,안전운전불이행,건조,맑음,교차로 - 교차로부근,승용,남,31세,상해없음,자전거,여,57세,경상
2013041800100524,2013년 4월 18일 21시,목요일,충청남도 보령시 남포면,경상사고,0,0,1,0,차대차 - 기타,중앙선침범,건조,맑음,단일로 - 기타,승용,남,67세,상해없음,승용,남,30세,경상
2013041800100553,2013년 4월 18일 22시,목요일,충청남도 논산시 연무읍,중상사고,0,1,0,0,차대사람 - 기타,안전운전불이행,건조,맑음,단일로 - 기타,승용,여,38세,상해없음,보행자,남,51세,중상
2013041800100584,2013년 4월 18일 23시,목요일,충청남도 천안시 동남구 청당동,경상사고,0,0,2,0,차대차 - 추돌 - 주정차중,안전운전불이행,건조,기타,교차로 - 교차로부근,화물,남,42세,상해없음,승합,남,46세,상해없음
2013041900100011,2013년 4월 19일 00시,금요일,충청남도 당진시 송악읍,중상사고,0,1,0,0,차량단독 - 공작물충돌,안전운전불이행,건조,맑음,단일로 - 기타,승용,남,33세,상해없음,,,,
2013041900100031,2013년 4월 19일 01시,금요일,충청남도 천안시 서북구 두정동,중상사고,0,1,0,0,차대사람 - 기타,안전운전불이행,건조,맑음,단일로 - 기타,승용,여,29세,상해없음,보행자,남,33세,중상
2013041900100046,2013년 4월 19일 02시,금요일,충청남도 천안시 서북구 성정동,경상사고,0,0,1,0,차대차 - 추돌 - 주정차중,안전운전불이행,건조,맑음,기타 - 기타,승용,남,31세,상해없음,승용,남,32세,경상
2013041900100066,2013년 4월 19일 04시,금요일,충청남도 보령시 동대동,중상사고,0,1,0,0,차대차 - 측면직각충돌,안전운전불이행,건조,맑음,단일로 - 횡단보도부근,승용,남,49세,상해없음,자전거,여,74세,중상
2013041900100080,2013년 4월 19일 05시,금요일,충청남도 아산시 득산동,사망사고,1,0,0,0,차량단독 - 공작물충돌,안전운전불이행,건조,맑음,기타 - 기타,승용,남,36세,사망,,,,
2013041900100144,2013년 4월 19일 08시,금요일,충청남도 논산시 취암동,중상사고,0,2,0,0,차대차 - 측면직각충돌,신호위반,건조,맑음,교차로 - 교차로안,이륜,남,80세,중상,화물,남,38세,상해없음
2013041900100145,2013년 4월 19일 08시,금요일,충청남도 천안시 동남구 봉명동,중상사고,0,1,0,0,차대사람 - 횡단중,보행자보호의무위반,건조,맑음,단일로 - 횡단보도상,승용,남,64세,상해없음,보행자,남,18세,중상
2013041900100197,2013년 4월 19일 10시,금요일,충청남도 논산시 내동,중상사고,0,1,0,0,차대사람 - 횡단중,안전운전불이행,건조,맑음,교차로 - 교차로안,화물,남,36세,상해없음,보행자,여,69세,중상
2013041900100275,2013년 4월 19일 13시,금요일,충청남도 서산시 동문동,중상사고,0,1,0,0,차대사람 - 횡단중,안전운전불이행,건조,맑음,단일로 - 기타,승합,남,56세,상해없음,보행자,여,79세,중상
2013041900100307,2013년 4월 19일 14시,금요일,충청남도 논산시 부적면,중상사고,0,3,0,0,차대차 - 정면충돌,중앙선침범,건조,맑음,단일로 - 기타,승용,남,76세,중상,승용,남,54세,중상
2013041900100350,2013년 4월 19일 15시,금요일,충청남도 홍성군 장곡면,경상사고,0,0,1,0,차대차 - 정면충돌,중앙선침범,건조,맑음,단일로 - 기타,이륜,남,73세,경상,화물,남,35세,상해없음
2013041900100351,2013년 4월 19일 15시,금요일,충청남도 예산군 예산읍,중상사고,0,1,0,0,차대차 - 측면직각충돌,직진우회전진행방해,건조,맑음,교차로 - 교차로안,자전거,남,21세,중상,승용,여,47세,상해없음
2013041900100422,2013년 4월 19일 17시,금요일,충청남도 서천군 기산면,중상사고,0,1,0,0,차대차 - 기타,안전거리미확보,건조,맑음,교차로 - 교차로부근,원동기,남,70세,중상,승용,남,27세,상해없음
2013041900100504,2013년 4월 19일 19시,금요일,충청남도 태안군 남면,중상사고,0,3,0,0,차대차 - 측면직각충돌,신호위반,건조,맑음,교차로 - 교차로안,승용,남,54세,상해없음,화물,남,52세,중상
2013041900100505,2013년 4월 19일 19시,금요일,충청남도 당진시 대덕리,경상사고,0,0,1,0,차대차 - 정면충돌,중앙선침범,건조,맑음,단일로 - 기타,화물,남,68세,상해없음,승용,남,49세,경상
2013041900100543,2013년 4월 19일 20시,금요일,충청남도 논산시 취암동,경상사고,0,0,2,0,차대차 - 추돌 - 주정차중,안전운전불이행,건조,맑음,단일로 - 기타,승용,남,51세,상해없음,승용,남,47세,경상
2013041900100544,2013년 4월 19일 20시,금요일,충청남도 천안시 동남구 신방동,경상사고,0,0,1,0,차대사람 - 기타,안전운전불이행,건조,맑음,단일로 - 기타,이륜,남,29세,상해없음,보행자,여,12세,경상
2013041900100665,2013년 4월 19일 23시,금요일,충청남도 서산시 운산면,중상사고,0,1,0,0,차대차 - 측면직각충돌,안전운전불이행,건조,맑음,교차로 - 교차로부근,승용,여,29세,상해없음,승용,남,42세,중상
2013041900100666,2013년 4월 19일 23시,금요일,충청남도 논산시 취암동,중상사고,0,1,0,0,차대차 - 정면충돌,중앙선침범,건조,맑음,단일로 - 기타,승용,남,44세,상해없음,승용,여,24세,중상
2013041900100667,2013년 4월 19일 23시,금요일,충청남도 예산군 예산읍,중상사고,0,2,0,0,차대차 - 측면직각충돌,직진우회전진행방해,건조,맑음,교차로 - 교차로안,이륜,남,15세,중상,승용,남,44세,상해없음
2013042000100021,2013년 4월 20일 00시,토요일,충청남도 천안시 서북구 성정동,경상사고,0,0,1,0,차대차 - 측면직각충돌,직진우회전진행방해,건조,맑음,교차로 - 교차로안,이륜,남,15세,상해없음,이륜,남,40세,경상
2013042000100051,2013년 4월 20일 01시,토요일,충청남도 아산시 읍내동,경상사고,0,0,2,0,차대차 - 정면충돌,중앙선침범,건조,맑음,단일로 - 기타,승용,남,38세,상해없음,승용,남,53세,경상
2013042000100052,2013년 4월 20일 01시,토요일,충청남도 당진시 송악읍,경상사고,0,0,1,0,차대차 - 추돌 - 주정차중,안전운전불이행,건조,맑음,단일로 - 기타,승용,남,26세,상해없음,승용,남,23세,경상
2013042000100156,2013년 4월 20일 07시,토요일,충청남도 태안군 안면읍,중상사고,0,1,0,0,차량단독 - 공작물충돌,안전운전불이행,습기,비,단일로 - 기타,승용,남,75세,중상,,,,
2013042000100176,2013년 4월 20일 08시,토요일,충청남도 서산시 고북면,경상사고,0,0,1,0,차대차 - 측면직각충돌,교차로운행방법위반,습기,흐림,교차로 - 교차로안,화물,여,55세,경상,승용,남,45세,상해없음
2013042000100177,2013년 4월 20일 08시,토요일,충청남도 태안군 태안읍,경상사고,0,0,1,0,차대차 - 측면직각충돌,신호위반,건조,맑음,교차로 - 교차로안,승용,남,31세,기타불명,승용,여,36세,경상
2013042000100178,2013년 4월 20일 08시,토요일,충청남도 아산시 배방읍,중상사고,0,1,2,0,차대차 - 추돌 - 주정차중,안전운전불이행,습기,비,기타 - 기타,승용,남,25세,상해없음,화물,남,50세,경상
2013042000100179,2013년 4월 20일 08시,토요일,충청남도 공주시 금성동,경상사고,0,0,1,0,차대사람 - 기타,안전운전불이행,습기,비,단일로 - 기타,화물,남,70세,상해없음,보행자,여,57세,경상
2013042000100180,2013년 4월 20일 08시,토요일,충청남도 천안시 동남구 봉명동,경상사고,0,0,1,0,차대차 - 정면충돌,중앙선침범,건조,맑음,단일로 - 기타,승용,남,39세,상해없음,화물,남,49세,경상
2013042000100208,2013년 4월 20일 09시,토요일,충청남도 천안시 서북구 백석동,경상사고,0,0,2,0,차대차 - 추돌 - 진행중,안전운전불이행,습기,비,교차로 - 교차로안,승용,남,32세,상해없음,승용,남,45세,경상
2013042000100247,2013년 4월 20일 10시,토요일,충청남도 서산시 동문동,경상사고,0,0,1,0,차대차 - 추돌 - 진행중,안전운전불이행,건조,맑음,단일로 - 기타,승용,남,66세,상해없음,승용,남,51세,경상
2013042000100248,2013년 4월 20일 10시,토요일,충청남도 서천군 기산면,중상사고,0,1,0,0,차대차 - 추돌 - 진행중,안전운전불이행,습기,비,단일로 - 기타,승용,여,48세,상해없음,승용,여,52세,중상
2013042000100288,2013년 4월 20일 11시,토요일,충청남도 천안시 동남구 다가동,경상사고,0,0,1,0,차대차 - 측면직각충돌,교차로운행방법위반,건조,맑음,교차로 - 교차로안,화물,남,74세,경상,화물,남,41세,상해없음
2013042000100313,2013년 4월 20일 12시,토요일,충청남도 부여군 홍산면,중상사고,0,2,0,0,차대차 - 기타,중앙선침범,습기,비,단일로 - 기타,화물,남,60세,상해없음,원동기,여,57세,중상
2013042000100386,2013년 4월 20일 14시,토요일,충청남도 공주시 교동,경상사고,0,0,3,0,차대차 - 측면직각충돌,중앙선침범,습기,비,단일로 - 기타,승용,남,23세,상해없음,승용,남,56세,경상
2013042000100387,2013년 4월 20일 14시,토요일,충청남도 공주시 반포면,중상사고,0,1,0,0,차량단독 - 기타,안전운전불이행,습기,비,교차로 - 교차로안,승용,남,53세,기타불명,,,,
2013042000100424,2013년 4월 20일 15시,토요일,충청남도 서산시 동문동,경상사고,0,0,1,0,차대사람 - 기타,안전운전불이행,습기,비,단일로 - 기타,승용,남,61세,상해없음,보행자,남,39세,경상
2013042000100425,2013년 4월 20일 15시,토요일,충청남도 논산시 내동,중상사고,0,1,0,0,차대차 - 측면직각충돌,교차로운행방법위반,습기,흐림,교차로 - 교차로안,승용,여,56세,상해없음,원동기,남,22세,중상
2013042000100461,2013년 4월 20일 16시,토요일,충청남도 천안시 서북구 직산읍,경상사고,0,0,2,0,차대차 - 추돌 - 주정차중,안전운전불이행,습기,비,단일로 - 기타,화물,남,28세,상해없음,화물,남,57세,경상
2013042000100462,2013년 4월 20일 16시,토요일,충청남도 논산시 은진면,중상사고,0,1,0,0,차대차 - 정면충돌,중앙선침범,습기,흐림,교차로 - 교차로부근,원동기,남,80세,중상,승용,여,57세,상해없음
2013042000100485,2013년 4월 20일 17시,토요일,충청남도 천안시 동남구 목천읍,경상사고,0,0,1,0,차대차 - 측면직각충돌,교차로운행방법위반,건조,맑음,교차로 - 교차로안,화물,남,65세,상해없음,승합,남,55세,상해없음
2013042000100598,2013년 4월 20일 20시,토요일,충청남도 천안시 서북구 성환읍,경상사고,0,0,1,0,차량단독 - 도로외이탈 - 기타,안전운전불이행,건조,맑음,교차로 - 교차로안,승용,남,22세,상해없음,,,,
2013042000100599,2013년 4월 20일 20시,토요일,충청남도 보령시 신흑동,중상사고,0,1,2,0,차대차 - 측면직각충돌,안전운전불이행,건조,맑음,교차로 - 교차로안,승용,남,18세,경상,승용,남,43세,중상
2013042000100646,2013년 4월 20일 21시,토요일,충청남도 서산시 읍내동,경상사고,0,0,7,0,차대차 - 추돌 - 주정차중,안전운전불이행,건조,맑음,교차로 - 교차로부근,승용,남,47세,상해없음,승용,여,49세,경상
2013042000100675,2013년 4월 20일 22시,토요일,충청남도 서산시 석남동,중상사고,0,1,0,0,차대차 - 측면직각충돌,안전거리미확보,건조,맑음,단일로 - 기타,승용,남,35세,상해없음,원동기,남,30세,중상
2013042000100676,2013년 4월 20일 22시,토요일,충청남도 천안시 서북구 쌍용동,경상사고,0,0,1,0,차대차 - 추돌 - 진행중,안전운전불이행,건조,맑음,교차로 - 교차로부근,승용,남,37세,상해없음,승용,남,39세,경상
2013042000100699,2013년 4월 20일 23시,토요일,충청남도 서산시 죽성동,중상사고,0,1,0,0,차량단독 - 도로외이탈 - 기타,안전운전불이행,건조,맑음,단일로 - 기타,원동기,남,17세,중상,,,,
2013042100100022,2013년 4월 21일 00시,일요일,충청남도 천안시 서북구 두정동,경상사고,0,0,1,0,차대사람 - 기타,안전운전불이행,건조,맑음,교차로 - 교차로부근,승용,남,19세,상해없음,보행자,남,29세,경상
2013042100100023,2013년 4월 21일 00시,일요일,충청남도 금산군 추부면,경상사고,0,0,1,0,차량단독 - 기타,안전운전불이행,건조,흐림,단일로 - 기타,이륜,남,18세,상해없음,,,,
2013042100100068,2013년 4월 21일 03시,일요일,충청남도 당진시 신평면,부상신고사고,0,0,0,1,차량단독 - 도로외이탈 - 추락,안전운전불이행,건조,맑음,단일로 - 기타,화물,남,41세,부상신고,,,,
2013042100100093,2013년 4월 21일 05시,일요일,충청남도 천안시 서북구 두정동,경상사고,0,0,3,0,차대차 - 측면직각충돌,신호위반,건조,맑음,교차로 - 교차로안,승용,남,31세,상해없음,승용,남,34세,경상
2013042100100108,2013년 4월 21일 07시,일요일,충청남도 천안시 서북구 성정동,경상사고,0,0,4,0,차대차 - 추돌 - 주정차중,안전운전불이행,건조,맑음,교차로 - 교차로부근,화물,남,23세,상해없음,승용,남,53세,경상
2013042100100109,2013년 4월 21일 07시,일요일,충청남도 논산시 취암동,경상사고,0,0,1,0,차대차 - 기타,안전운전불이행,건조,맑음,교차로 - 교차로부근,승용,남,21세,상해없음,승용,남,59세,경상
2013042100100143,2013년 4월 21일 09시,일요일,충청남도 보령시 미산면,경상사고,0,0,1,0,차대차 - 측면직각충돌,안전운전불이행,건조,맑음,교차로 - 교차로안,이륜,남,25세,경상,승용,남,53세,상해없음
2013042100100145,2013년 4월 21일 09시,일요일,충청남도 당진시 송악읍,경상사고,0,0,2,0,차대차 - 정면충돌,안전거리미확보,건조,맑음,단일로 - 기타,화물,남,74세,상해없음,승용,남,50세,경상
2013042100100171,2013년 4월 21일 11시,일요일,충청남도 홍성군 홍성읍,중상사고,0,1,1,0,차대사람 - 횡단중,신호위반,건조,맑음,단일로 - 횡단보도상,승용,남,63세,상해없음,보행자,여,57세,경상
2013042100100218,2013년 4월 21일 13시,일요일,충청남도 천안시 서북구 성정동,경상사고,0,0,1,0,차대차 - 측면직각충돌,중앙선침범,건조,맑음,단일로 - 기타,승용,남,25세,상해없음,이륜,남,39세,경상
2013042100100219,2013년 4월 21일 13시,일요일,충청남도 부여군 부여읍,경상사고,0,0,1,0,차대사람 - 기타,안전운전불이행,건조,맑음,교차로 - 교차로부근,승용,여,68세,상해없음,보행자,남,2세,경상
2013042100100242,2013년 4월 21일 14시,일요일,충청남도 논산시 대교동,경상사고,0,0,1,0,차대차 - 측면직각충돌,신호위반,건조,맑음,교차로 - 교차로안,이륜,남,74세,경상,승용,남,59세,상해없음
2013042100100243,2013년 4월 21일 14시,일요일,충청남도 아산시 염치읍,경상사고,0,0,1,0,차대차 - 측면직각충돌,안전운전불이행,건조,맑음,교차로 - 교차로부근,승용,남,54세,상해없음,승용,남,36세,상해없음
2013042100100246,2013년 4월 21일 14시,일요일,충청남도 당진시 송악읍,경상사고,0,0,6,0,차대차 - 추돌 - 진행중,안전운전불이행,건조,맑음,단일로 - 기타,승용,남,36세,상해없음,승용,남,51세,경상
2013042100100307,2013년 4월 21일 16시,일요일,충청남도 부여군 장암면,경상사고,0,0,1,0,차대차 - 정면충돌,안전운전불이행,건조,맑음,단일로 - 기타,승용,여,41세,상해없음,승용,여,38세,경상
2013042100100343,2013년 4월 21일 17시,일요일,충청남도 천안시 동남구 목천읍,경상사고,0,0,3,0,차대차 - 추돌 - 진행중,안전운전불이행,건조,맑음,단일로 - 터널,기타불명,기타불명,기타불명,기타불명,승용,남,44세,경상
2013042100100376,2013년 4월 21일 18시,일요일,충청남도 천안시 동남구 성황동,경상사고,0,0,1,0,차대차 - 기타,안전운전불이행,건조,맑음,교차로 - 교차로안,화물,남,63세,상해없음,이륜,남,34세,경상
2013042100100401,2013년 4월 21일 19시,일요일,충청남도 천안시 서북구 성환읍,경상사고,0,0,1,0,차대차 - 추돌 - 주정차중,안전운전불이행,건조,맑음,교차로 - 교차로부근,승용,남,37세,상해없음,승용,남,31세,경상
2013042100100402,2013년 4월 21일 19시,일요일,충청남도 당진시 송산면,중상사고,0,1,1,0,차대차 - 정면충돌,중앙선침범,건조,맑음,단일로 - 기타,승용,남,43세,중상,승용,남,24세,경상
2013042100100403,2013년 4월 21일 19시,일요일,충청남도 당진시 송악읍,중상사고,0,1,0,0,차량단독 - 전도전복,안전운전불이행,건조,맑음,기타 - 기타,승용,남,59세,중상,,,,
2013042100100443,2013년 4월 21일 20시,일요일,충청남도 공주시 신풍면,중상사고,0,1,0,0,차대차 - 추돌 - 진행중,안전운전불이행,건조,맑음,단일로 - 기타,화물,남,47세,기타불명,농기계,남,42세,중상
2013042100100444,2013년 4월 21일 20시,일요일,충청남도 예산군 덕산면,경상사고,0,0,3,0,차대차 - 추돌 - 주정차중,안전운전불이행,건조,맑음,단일로 - 기타,화물,남,37세,경상,화물,남,42세,경상
2013042100100473,2013년 4월 21일 21시,일요일,충청남도 서산시 동문동,중상사고,0,2,0,0,차대사람 - 횡단중,안전운전불이행,건조,맑음,교차로 - 교차로부근,승용,남,52세,상해없음,보행자,남,26세,중상
2013042100100474,2013년 4월 21일 21시,일요일,충청남도 보령시 신흑동,중상사고,0,1,1,0,차량단독 - 도로외이탈 - 기타,안전운전불이행,건조,흐림,단일로 - 기타,승용,남,22세,경상,,,,
2013042100100504,2013년 4월 21일 22시,일요일,충청남도 당진시 고대면,경상사고,0,0,1,0,차량단독 - 전도전복,안전운전불이행,건조,맑음,단일로 - 기타,이륜,남,14세,상해없음,,,,
2013042100100505,2013년 4월 21일 22시,일요일,충청남도 청양군 청양읍,경상사고,0,0,1,0,차대차 - 기타,안전운전불이행,건조,맑음,교차로 - 교차로안,승용,남,26세,상해없음,화물,남,25세,경상
2013042200100056,2013년 4월 22일 06시,월요일,충청남도 천안시 서북구 두정동,경상사고,0,0,3,0,차대차 - 기타,안전운전불이행,건조,맑음,단일로 - 기타,승용,남,24세,상해없음,승용,남,20세,경상
2013042200100057,2013년 4월 22일 06시,월요일,충청남도 예산군 덕산면,사망사고,1,0,0,0,차량단독 - 기타,안전운전불이행,건조,맑음,단일로 - 기타,승용,남,24세,사망,,,,
2013042200100081,2013년 4월 22일 07시,월요일,충청남도 논산시 노성면,경상사고,0,0,3,0,차대차 - 기타,안전운전불이행,건조,맑음,단일로 - 기타,승용,남,26세,경상,승용,남,66세,경상
2013042200100082,2013년 4월 22일 07시,월요일,충청남도 당진시 석문면,중상사고,0,1,3,0,차대차 - 측면직각충돌,안전운전불이행,건조,맑음,단일로 - 기타,승용,남,28세,상해없음,승용,남,48세,중상
2013042200100126,2013년 4월 22일 08시,월요일,충청남도 천안시 서북구 불당동,경상사고,0,0,1,0,차대사람 - 기타,안전운전불이행,건조,맑음,단일로 - 기타,기타불명,기타불명,기타불명,기타불명,보행자,남,11세,경상
2013042200100127,2013년 4월 22일 08시,월요일,충청남도 예산군 신암면,경상사고,0,0,1,0,차대차 - 측면직각충돌,안전운전불이행,건조,맑음,교차로 - 교차로안,화물,남,65세,상해없음,승용,여,34세,경상
2013042200100189,2013년 4월 22일 10시,월요일,충청남도 서천군 서면,중상사고,0,1,0,0,차대차 - 기타,기타,건조,맑음,교차로 - 교차로안,화물,남,76세,상해없음,원동기,남,76세,중상
2013042200100190,2013년 4월 22일 10시,월요일,충청남도 당진시 송악읍,경상사고,0,0,1,0,차대차 - 측면직각충돌,교차로운행방법위반,건조,맑음,교차로 - 교차로안,화물,남,56세,상해없음,승용,남,57세,경상
2013042200100191,2013년 4월 22일 10시,월요일,충청남도 청양군 청양읍,중상사고,0,1,0,0,차대차 - 추돌 - 진행중,안전운전불이행,건조,맑음,단일로 - 기타,화물,남,55세,상해없음,승용,여,54세,중상
2013042200100192,2013년 4월 22일 10시,월요일,충청남도 천안시 동남구 영성동,부상신고사고,0,0,0,1,차대차 - 기타,기타,건조,맑음,단일로 - 기타,기타불명,기타불명,기타불명,기타불명,자전거,남,70세,부상신고
2013042200100306,2013년 4월 22일 14시,월요일,충청남도 보령시 남곡동,경상사고,0,0,3,0,차대차 - 측면직각충돌,안전운전불이행,건조,맑음,단일로 - 기타,승합,남,33세,상해없음,화물,남,45세,경상
2013042200100307,2013년 4월 22일 14시,월요일,충청남도 천안시 동남구 청당동,중상사고,0,1,0,0,차대사람 - 기타,안전운전불이행,건조,맑음,교차로 - 교차로안,화물,남,48세,상해없음,보행자,남,51세,중상
2013042200100333,2013년 4월 22일 15시,월요일,충청남도 천안시 동남구 다가동,중상사고,0,1,0,0,차대차 - 추돌 - 진행중,안전운전불이행,건조,맑음,단일로 - 기타,이륜,남,19세,중상,승용,남,68세,상해없음
2013042200100359,2013년 4월 22일 16시,월요일,충청남도 논산시 등화동,중상사고,0,1,0,0,차대사람 - 횡단중,안전운전불이행,건조,맑음,단일로 - 기타,승용,여,54세,상해없음,보행자,여,68세,중상
2013042200100434,2013년 4월 22일 18시,월요일,충청남도 논산시 반월동,경상사고,0,0,1,0,차대사람 - 횡단중,안전운전불이행,건조,맑음,단일로 - 기타,화물,남,33세,상해없음,보행자,여,12세,경상
2013042200100435,2013년 4월 22일 18시,월요일,충청남도 부여군 부여읍,중상사고,0,1,0,0,차대차 - 기타,안전운전불이행,건조,맑음,단일로 - 기타,승용,남,40세,상해없음,이륜,여,56세,중상
2013042200100503,2013년 4월 22일 20시,월요일,충청남도 아산시 탕정면,중상사고,0,1,0,0,차대차 - 기타,안전운전불이행,건조,맑음,교차로 - 교차로안,승용,남,51세,상해없음,원동기,남,17세,중상
2013042200100504,2013년 4월 22일 20시,월요일,충청남도 보령시 내항동,중상사고,0,1,0,0,차대사람 - 기타,안전운전불이행,건조,맑음,단일로 - 기타,기타불명,기타불명,기타불명,기타불명,보행자,남,64세,중상
2013042200100536,2013년 4월 22일 21시,월요일,충청남도 천안시 서북구 쌍용동,경상사고,0,0,1,0,차대차 - 추돌 - 주정차중,안전운전불이행,건조,맑음,단일로 - 기타,승용,남,43세,상해없음,승용,여,30세,경상
2013042200100537,2013년 4월 22일 21시,월요일,충청남도 계룡시 엄사면,경상사고,0,0,1,0,차대사람 - 보도통행중,기타,건조,맑음,단일로 - 교량,이륜,남,44세,상해없음,보행자,남,18세,경상
2013042200100570,2013년 4월 22일 22시,월요일,충청남도 서산시 죽성동,중상사고,0,1,0,0,차량단독 - 기타,안전운전불이행,건조,맑음,단일로 - 기타,승용,남,41세,중상,,,,
2013042200100572,2013년 4월 22일 22시,월요일,충청남도 천안시 동남구 청당동,경상사고,0,0,1,0,차대차 - 추돌 - 진행중,안전운전불이행,건조,맑음,단일로 - 기타,승용,남,40세,상해없음,승용,여,20세,경상
2013042200100596,2013년 4월 22일 23시,월요일,충청남도 서산시 양대동,중상사고,0,2,0,0,차량단독 - 전도전복,안전운전불이행,건조,맑음,단일로 - 기타,승용,남,48세,중상,,,,
2013042300100044,2013년 4월 23일 02시,화요일,충청남도 천안시 서북구 두정동,경상사고,0,0,4,0,차대차 - 추돌 - 주정차중,안전운전불이행,건조,맑음,교차로 - 교차로부근,승용,남,31세,상해없음,승용,남,24세,경상
2013042300100087,2013년 4월 23일 06시,화요일,충청남도 서산시 지곡면,중상사고,0,2,1,0,차대차 - 측면직각충돌,신호위반,건조,맑음,교차로 - 교차로안,승용,남,31세,중상,농기계,남,52세,경상
2013042300100125,2013년 4월 23일 08시,화요일,충청남도 홍성군 홍성읍,경상사고,0,0,1,0,차대차 - 측면직각충돌,교차로운행방법위반,습기,비,교차로 - 교차로안,승용,여,51세,상해없음,승용,여,30세,경상
2013042300100126,2013년 4월 23일 08시,화요일,충청남도 아산시 권곡동,경상사고,0,0,1,0,차대차 - 기타,안전운전불이행,건조,흐림,기타 - 기타,승용,남,38세,상해없음,승용,남,34세,경상
2013042300100127,2013년 4월 23일 08시,화요일,충청남도 서천군 종천면,경상사고,0,0,2,0,차대차 - 추돌 - 진행중,안전거리미확보,습기,비,교차로 - 교차로부근,화물,남,47세,상해없음,승용,여,42세,경상
2013042300100128,2013년 4월 23일 08시,화요일,충청남도 당진시 송악읍,경상사고,0,0,2,0,차대차 - 측면직각충돌,차로위반,건조,맑음,단일로 - 기타,건설기계,남,40세,상해없음,승용,남,26세,경상
2013042300100157,2013년 4월 23일 09시,화요일,충청남도 부여군 외산면,경상사고,0,0,1,0,차대차 - 기타,기타,습기,비,단일로 - 기타,특수,남,39세,상해없음,승용,여,54세,경상
2013042300100259,2013년 4월 23일 13시,화요일,충청남도 당진시 송악읍,중상사고,0,1,0,0,차대차 - 측면직각충돌,안전거리미확보,습기,비,단일로 - 기타,화물,남,51세,상해없음,화물,남,48세,상해없음
2013042300100353,2013년 4월 23일 16시,화요일,충청남도 계룡시 금암동,경상사고,0,0,2,0,차대차 - 측면직각충돌,신호위반,습기,비,교차로 - 교차로안,승용,남,49세,상해없음,승용,여,51세,경상