사고번호,사고일시,요일,시군구,사고내용,사망자수,중상자수,경상자수,부상신고자수,사고유형,법규위반,노면상태,기상상태,도로형태,가해운전자 차종,가해운전자 성별,가해운전자 연령,가해운전자 상해정도,피해운전자 차종,피해운전자 성별,피해운전자 연령,피해운전자 상해정도
2013042300100424,2013년 4월 23일 18시,화요일,충청남도 보령시 대천동,경상사고,0,0,3,0,차대차 - 측면직각충돌,직진우회전진행방해,습기,비,교차로 - 교차로안,승합,남,39세,상해없음,승용,여,28세,경상
2013042300100425,2013년 4월 23일 18시,화요일,충청남도 예산군 예산읍,중상사고,0,1,0,0,차량단독 - 공작물충돌,안전운전불이행,습기,비,교차로 - 교차로부근,승용,여,38세,중상,,,,
2013042300100483,2013년 4월 23일 19시,화요일,충청남도 천안시 서북구 성거읍,부상신고사고,0,0,0,2,차대차 - 추돌 - 진행중,안전운전불이행,습기,비,단일로 - 기타,승용,남,42세,상해없음,승용,남,51세,부상신고
2013042300100484,2013년 4월 23일 19시,화요일,충청남도 천안시 서북구 직산읍,중상사고,0,1,0,0,차대사람 - 횡단중,안전운전불이행,습기,비,교차로 - 교차로안,승용,여,25세,상해없음,보행자,남,54세,중상
2013042300100485,2013년 4월 23일 19시,화요일,충청남도 아산시 용화동,중상사고,0,1,0,0,차대사람 - 횡단중,신호위반,습기,비,기타 - 기타,화물,남,53세,상해없음,보행자,여,50세,중상
2013042300100486,2013년 4월 23일 19시,화요일,충청남도 예산군 예산읍,경상사고,0,0,9,0,차대차 - 측면직각충돌,신호위반,습기,비,교차로 - 교차로안,승용,남,42세,상해없음,승용,남,32세,경상
2013042300100540,2013년 4월 23일 20시,화요일,충청남도 태안군 안면읍,중상사고,0,1,0,0,차대차 - 측면직각충돌,교차로운행방법위반,습기,비,교차로 - 교차로안,승용,여,53세,상해없음,승용,여,38세,상해없음
2013042300100592,2013년 4월 23일 21시,화요일,충청남도 천안시 서북구 백석동,중상사고,0,1,0,0,차대사람 - 횡단중,안전운전불이행,습기,비,기타 - 기타,승용,남,28세,상해없음,보행자,남,55세,중상
2013042300100593,2013년 4월 23일 21시,화요일,충청남도 공주시 옥룡동,경상사고,0,0,3,0,차대차 - 추돌 - 주정차중,안전운전불이행,습기,비,단일로 - 기타,승용,남,47세,기타불명,승합,남,66세,경상
2013042300100594,2013년 4월 23일 21시,화요일,충청남도 공주시 신관동,중상사고,0,1,0,0,차대사람 - 기타,안전운전불이행,습기,비,단일로 - 기타,승합,남,56세,상해없음,보행자,여,18세,중상
2013042300100638,2013년 4월 23일 22시,화요일,충청남도 당진시 원당리,경상사고,0,0,2,0,차대차 - 측면직각충돌,안전거리미확보,습기,비,단일로 - 기타,승용,남,42세,상해없음,승용,남,30세,경상
2013042300100686,2013년 4월 23일 23시,화요일,충청남도 천안시 서북구 성정동,경상사고,0,0,1,0,차대사람 - 기타,안전운전불이행,습기,비,교차로 - 교차로안,이륜,남,44세,상해없음,보행자,남,48세,경상
2013042300100687,2013년 4월 23일 23시,화요일,충청남도 보령시 동대동,중상사고,0,1,0,0,차대차 - 측면직각충돌,직진우회전진행방해,습기,비,교차로 - 교차로안,이륜,남,48세,중상,승용,남,52세,상해없음
2013042300100688,2013년 4월 23일 23시,화요일,충청남도 당진시 읍내리,부상신고사고,0,0,0,1,차대사람 - 길가장자리구역통행중,안전운전불이행,습기,비,단일로 - 기타,승용,남,35세,상해없음,보행자,남,49세,부상신고
2013042400100019,2013년 4월 24일 00시,수요일,충청남도 공주시 사곡면,경상사고,0,0,1,0,차대차 - 추돌 - 진행중,안전운전불이행,습기,비,단일로 - 기타,승용,남,45세,상해없음,화물,남,41세,경상
2013042400100043,2013년 4월 24일 01시,수요일,충청남도 천안시 서북구 두정동,경상사고,0,0,1,0,차대사람 - 횡단중,보행자보호의무위반,건조,맑음,교차로 - 교차로부근,승용,여,48세,상해없음,보행자,남,19세,경상
2013042400100114,2013년 4월 24일 07시,수요일,충청남도 계룡시 엄사면,경상사고,0,0,1,0,차대차 - 측면직각충돌,신호위반,습기,비,교차로 - 교차로부근,승용,여,57세,경상,승용,여,42세,상해없음
2013042400100177,2013년 4월 24일 09시,수요일,충청남도 서산시 동문동,경상사고,0,0,1,0,차대사람 - 기타,안전운전불이행,건조,맑음,단일로 - 기타,원동기,남,64세,상해없음,보행자,남,44세,경상
2013042400100194,2013년 4월 24일 10시,수요일,충청남도 금산군 금산읍,경상사고,0,0,2,0,차대차 - 기타,차로위반,건조,맑음,단일로 - 기타,이륜,남,73세,기타불명,승용,남,32세,경상
2013042400100195,2013년 4월 24일 10시,수요일,충청남도 천안시 동남구 구성동,경상사고,0,0,1,0,차대차 - 기타,안전운전불이행,건조,맑음,교차로 - 교차로부근,화물,남,49세,상해없음,화물,남,38세,경상
2013042400100237,2013년 4월 24일 12시,수요일,충청남도 부여군 규암면,중상사고,0,1,0,0,차대사람 - 기타,안전운전불이행,건조,맑음,기타 - 기타,승용,여,35세,상해없음,보행자,남,59세,중상
2013042400100238,2013년 4월 24일 12시,수요일,충청남도 천안시 동남구 성남면,중상사고,0,2,0,0,차대차 - 측면직각충돌,안전운전불이행,건조,맑음,단일로 - 기타,승용,남,49세,상해없음,승용,남,42세,중상
2013042400100260,2013년 4월 24일 13시,수요일,충청남도 서산시 읍내동,경상사고,0,0,1,0,차대차 - 측면직각충돌,안전운전불이행,건조,맑음,교차로 - 교차로안,승용,남,44세,상해없음,승합,남,57세,경상
2013042400100290,2013년 4월 24일 14시,수요일,충청남도 논산시 부창동,경상사고,0,0,1,0,차대차 - 측면직각충돌,안전거리미확보,건조,맑음,교차로 - 교차로부근,이륜,남,79세,경상,승용,여,58세,상해없음
2013042400100328,2013년 4월 24일 15시,수요일,충청남도 청양군 목면,중상사고,0,1,0,0,차대차 - 기타,직진우회전진행방해,건조,맑음,교차로 - 교차로안,승용,남,30세,상해없음,승용,남,82세,중상
2013042400100409,2013년 4월 24일 17시,수요일,충청남도 청양군 화성면,중상사고,0,1,0,0,차대차 - 추돌 - 진행중,안전운전불이행,건조,맑음,단일로 - 기타,승용,남,56세,상해없음,승용,남,57세,상해없음
2013042400100451,2013년 4월 24일 18시,수요일,충청남도 천안시 서북구 입장면,중상사고,0,1,0,0,차대사람 - 횡단중,안전운전불이행,건조,맑음,단일로 - 기타,화물,남,44세,상해없음,보행자,여,8세,중상
2013042400100452,2013년 4월 24일 18시,수요일,충청남도 금산군 부리면,중상사고,0,2,0,0,차대차 - 측면직각충돌,직진우회전진행방해,건조,맑음,교차로 - 교차로안,승용,여,43세,중상,승용,여,58세,중상
2013042400100453,2013년 4월 24일 18시,수요일,충청남도 천안시 동남구 구성동,중상사고,0,1,0,0,차대차 - 정면충돌,안전운전불이행,건조,맑음,단일로 - 기타,승합,남,53세,상해없음,승용,남,54세,상해없음
2013042400100480,2013년 4월 24일 19시,수요일,충청남도 천안시 서북구 백석동,경상사고,0,0,1,0,차대차 - 측면직각충돌,안전운전불이행,건조,맑음,교차로 - 교차로부근,승용,여,51세,기타불명,승용,남,50세,경상
2013042400100481,2013년 4월 24일 19시,수요일,충청남도 계룡시 엄사면,경상사고,0,0,1,0,차대차 - 추돌 - 진행중,안전운전불이행,건조,맑음,단일로 - 기타,이륜,남,61세,경상,승용,남,25세,상해없음
2013042400100482,2013년 4월 24일 19시,수요일,충청남도 금산군 군북면,중상사고,0,1,0,0,차량단독 - 공작물충돌,안전운전불이행,건조,맑음,기타 - 기타,승용,남,49세,중상,,,,
2013042400100483,2013년 4월 24일 19시,수요일,충청남도 공주시 정안면,경상사고,0,0,1,0,차량단독 - 공작물충돌,안전운전불이행,건조,맑음,단일로 - 기타,승용,여,42세,경상,,,,
2013042400100512,2013년 4월 24일 20시,수요일,충청남도 천안시 동남구 신부동,부상신고사고,0,0,0,1,차대차 - 측면직각충돌,교차로운행방법위반,건조,맑음,교차로 - 교차로안,승용,남,65세,상해없음,승용,여,56세,부상신고
2013042400100541,2013년 4월 24일 21시,수요일,충청남도 아산시 영인면,중상사고,0,2,0,0,차대차 - 기타,안전운전불이행,건조,맑음,단일로 - 기타,승용,남,58세,상해없음,승용,남,50세,중상
2013042400100542,2013년 4월 24일 21시,수요일,충청남도 금산군 금성면,사망사고,2,1,0,0,차량단독 - 도로외이탈 - 추락,과속,건조,맑음,단일로 - 기타,승용,여,35세,사망,,,,
2013042400100543,2013년 4월 24일 21시,수요일,충청남도 천안시 동남구 봉명동,경상사고,0,0,1,0,차대사람 - 횡단중,보행자보호의무위반,건조,맑음,단일로 - 횡단보도상,승용,남,46세,상해없음,보행자,여,64세,경상
2013042500100070,2013년 4월 25일 06시,목요일,충청남도 홍성군 홍북면,중상사고,0,2,0,0,차대차 - 기타,교차로운행방법위반,습기,안개,교차로 - 교차로안,화물,남,73세,중상,화물,남,50세,중상
2013042500100223,2013년 4월 25일 12시,목요일,충청남도 천안시 서북구 성정동,경상사고,0,0,1,0,차대차 - 기타,안전운전불이행,습기,비,교차로 - 교차로안,이륜,남,74세,상해없음,이륜,남,20세,경상
2013042500100246,2013년 4월 25일 13시,목요일,충청남도 보령시 대천동,경상사고,0,0,1,0,차대차 - 기타,신호위반,습기,흐림,교차로 - 교차로안,승용,남,78세,상해없음,승용,남,31세,경상
2013042500100275,2013년 4월 25일 14시,목요일,충청남도 예산군 예산읍,중상사고,0,1,0,0,차대차 - 측면직각충돌,직진우회전진행방해,건조,흐림,교차로 - 교차로안,승용,여,38세,상해없음,이륜,남,71세,중상
2013042500100341,2013년 4월 25일 16시,목요일,충청남도 당진시 읍내리,경상사고,0,0,1,0,차대사람 - 기타,안전운전불이행,건조,맑음,교차로 - 교차로안,승용,기타불명,기타불명,기타불명,보행자,여,14세,경상
2013042500100342,2013년 4월 25일 16시,목요일,충청남도 천안시 동남구 구성동,경상사고,0,0,1,0,차대사람 - 길가장자리구역통행중,안전운전불이행,건조,맑음,단일로 - 기타,승용,남,58세,상해없음,보행자,남,14세,경상
2013042500100370,2013년 4월 25일 17시,목요일,충청남도 아산시 온천동,경상사고,0,0,1,0,차대차 - 측면직각충돌,중앙선침범,건조,맑음,교차로 - 교차로부근,승용,남,55세,상해없음,승용,남,35세,경상
2013042500100371,2013년 4월 25일 17시,목요일,충청남도 부여군 장암면,중상사고,0,1,0,0,차량단독 - 전도전복,안전운전불이행,건조,맑음,단일로 - 기타,화물,남,59세,중상,,,,
2013042500100397,2013년 4월 25일 18시,목요일,충청남도 당진시 송산면,사망사고,1,0,0,0,차대차 - 측면직각충돌,교차로운행방법위반,건조,맑음,교차로 - 교차로안,화물,남,43세,상해없음,이륜,남,76세,사망
2013042500100398,2013년 4월 25일 18시,목요일,충청남도 당진시 읍내리,중상사고,0,1,0,0,차대사람 - 횡단중,안전운전불이행,건조,맑음,단일로 - 기타,승용,여,34세,상해없음,보행자,남,10세,중상
2013042500100424,2013년 4월 25일 19시,목요일,충청남도 태안군 태안읍,경상사고,0,0,2,0,차대차 - 추돌 - 주정차중,안전운전불이행,건조,맑음,단일로 - 기타,승용,남,40세,상해없음,승용,남,31세,경상
2013042500100425,2013년 4월 25일 19시,목요일,충청남도 천안시 동남구 쌍용동,경상사고,0,0,1,0,차대차 - 측면직각충돌,안전운전불이행,건조,맑음,단일로 - 기타,기타불명,기타불명,기타불명,기타불명,자전거,여,20세,경상
2013042500100454,2013년 4월 25일 20시,목요일,충청남도 태안군 안면읍,경상사고,0,0,1,0,차량단독 - 전도전복,기타,건조,맑음,단일로 - 기타,승용,남,34세,경상,,,,
2013042500100487,2013년 4월 25일 21시,목요일,충청남도 홍성군 광천읍,중상사고,0,1,0,0,차대차 - 측면직각충돌,교차로운행방법위반,건조,맑음,교차로 - 교차로안,승용,여,56세,중상,승용,여,35세,상해없음
2013042500100488,2013년 4월 25일 21시,목요일,충청남도 부여군 부여읍,중상사고,0,1,0,0,차량단독 - 공작물충돌,기타,건조,맑음,단일로 - 기타,화물,남,46세,중상,,,,
2013042500100528,2013년 4월 25일 22시,목요일,충청남도 천안시 서북구 성환읍,경상사고,0,0,1,0,차대차 - 측면직각충돌,신호위반,건조,맑음,교차로 - 교차로안,승용,남,42세,상해없음,승용,여,39세,경상
2013042600100015,2013년 4월 26일 00시,금요일,충청남도 천안시 서북구 성정동,경상사고,0,0,1,0,차대차 - 측면직각충돌,안전운전불이행,건조,맑음,교차로 - 교차로부근,승용,남,26세,상해없음,승용,남,53세,기타불명
2013042600100122,2013년 4월 26일 07시,금요일,충청남도 서천군 비인면,경상사고,0,0,2,0,차대차 - 기타,신호위반,건조,맑음,교차로 - 교차로안,승용,남,58세,상해없음,승용,여,48세,경상
2013042600100123,2013년 4월 26일 07시,금요일,충청남도 예산군 예산읍,중상사고,0,1,0,0,차대차 - 기타,신호위반,건조,맑음,교차로 - 교차로안,승용,남,66세,상해없음,화물,남,60세,중상
2013042600100158,2013년 4월 26일 08시,금요일,충청남도 공주시 신풍면,중상사고,0,3,15,0,차대차 - 측면직각충돌,과속,기타,안개,교차로 - 교차로안,승합,남,58세,상해없음,승용,여,41세,경상
2013042600100219,2013년 4월 26일 10시,금요일,충청남도 공주시 송선동,중상사고,0,1,0,0,차대차 - 측면직각충돌,안전거리미확보,건조,맑음,교차로 - 교차로부근,화물,남,66세,상해없음,원동기,남,66세,중상
2013042600100220,2013년 4월 26일 10시,금요일,충청남도 천안시 동남구 신부동,부상신고사고,0,0,0,1,차대사람 - 차도통행중,안전운전불이행,건조,맑음,단일로 - 기타,기타불명,기타불명,기타불명,기타불명,보행자,여,21세,부상신고
2013042600100248,2013년 4월 26일 11시,금요일,충청남도 서천군 기산면,경상사고,0,0,1,0,차대차 - 기타,중앙선침범,건조,맑음,단일로 - 기타,승용,여,39세,상해없음,승용,남,65세,경상
2013042600100249,2013년 4월 26일 11시,금요일,충청남도 공주시 우성면,경상사고,0,0,1,0,차대차 - 추돌 - 진행중,안전운전불이행,건조,맑음,교차로 - 교차로부근,화물,남,50세,기타불명,화물,남,63세,경상
2013042600100318,2013년 4월 26일 14시,금요일,충청남도 논산시 덕지동,중상사고,0,1,0,0,차대차 - 측면직각충돌,중앙선침범,건조,맑음,단일로 - 기타,화물,남,62세,상해없음,승용,여,50세,중상
2013042600100319,2013년 4월 26일 14시,금요일,충청남도 계룡시 금암동,중상사고,0,1,1,1,차대차 - 측면직각충돌,신호위반,건조,맑음,교차로 - 교차로안,화물,남,51세,부상신고,승용,남,56세,중상
2013042600100320,2013년 4월 26일 14시,금요일,충청남도 홍성군 홍성읍,경상사고,0,0,1,0,차대차 - 측면직각충돌,신호위반,건조,맑음,교차로 - 교차로안,화물,남,62세,상해없음,승용,남,54세,경상
2013042600100388,2013년 4월 26일 16시,금요일,충청남도 태안군 남면,경상사고,0,0,2,0,차대차 - 측면직각충돌,직진우회전진행방해,건조,맑음,교차로 - 교차로안,승용,남,45세,상해없음,승용,여,31세,경상
2013042600100389,2013년 4월 26일 16시,금요일,충청남도 공주시 신풍면,중상사고,0,1,0,0,차량단독 - 도로외이탈 - 추락,안전운전불이행,건조,맑음,교차로 - 교차로부근,화물,남,53세,중상,,,,
2013042600100425,2013년 4월 26일 17시,금요일,충청남도 보령시 대천동,중상사고,0,1,0,0,차대차 - 측면직각충돌,과속,건조,맑음,교차로 - 교차로안,승용,남,49세,상해없음,원동기,남,68세,중상
2013042600100426,2013년 4월 26일 17시,금요일,충청남도 천안시 동남구 봉명동,경상사고,0,0,1,0,차대사람 - 횡단중,보행자보호의무위반,건조,맑음,단일로 - 횡단보도상,승용,남,35세,상해없음,보행자,여,30세,경상
2013042600100469,2013년 4월 26일 18시,금요일,충청남도 부여군 부여읍,중상사고,0,1,0,0,차대차 - 측면직각충돌,신호위반,건조,맑음,교차로 - 교차로안,승용,남,36세,상해없음,승용,남,29세,상해없음
2013042600100470,2013년 4월 26일 18시,금요일,충청남도 논산시 성동면,사망사고,1,0,1,0,차대차 - 기타,기타,건조,맑음,단일로 - 기타,승용,남,46세,상해없음,승용,여,39세,경상
2013042600100496,2013년 4월 26일 19시,금요일,충청남도 천안시 서북구 불당동,중상사고,0,1,2,0,차대차 - 기타,신호위반,건조,맑음,교차로 - 교차로안,승용,남,26세,상해없음,승용,남,31세,경상
2013042600100497,2013년 4월 26일 19시,금요일,충청남도 보령시 청소면,경상사고,0,0,1,0,차대차 - 측면직각충돌,직진우회전진행방해,건조,맑음,교차로 - 교차로안,원동기,남,65세,경상,승용,여,44세,상해없음
2013042600100533,2013년 4월 26일 20시,금요일,충청남도 홍성군 광천읍,중상사고,0,1,0,0,차대차 - 측면직각충돌,안전운전불이행,건조,맑음,교차로 - 교차로부근,승합,여,46세,상해없음,자전거,남,39세,중상
2013042600100534,2013년 4월 26일 20시,금요일,충청남도 예산군 덕산면,경상사고,0,0,1,0,차대차 - 기타,중앙선침범,건조,맑음,교차로 - 교차로부근,승용,남,39세,상해없음,승용,여,59세,경상
2013042600100583,2013년 4월 26일 21시,금요일,충청남도 논산시 내동,중상사고,0,1,0,0,차대차 - 측면직각충돌,교차로운행방법위반,건조,맑음,교차로 - 교차로안,승용,여,38세,상해없음,원동기,남,16세,중상
2013042600100584,2013년 4월 26일 21시,금요일,충청남도 서천군 서천읍,사망사고,1,0,0,0,차대사람 - 횡단중,신호위반,건조,맑음,교차로 - 교차로부근,승용,남,51세,상해없음,보행자,여,63세,사망
2013042600100655,2013년 4월 26일 23시,금요일,충청남도 당진시 면천면,중상사고,0,1,2,0,차대차 - 측면직각충돌,안전운전불이행,건조,맑음,단일로 - 기타,승용,남,38세,상해없음,승용,여,43세,중상
2013042700100015,2013년 4월 27일 00시,토요일,충청남도 당진시 송산면,중상사고,0,1,0,0,차대사람 - 기타,안전운전불이행,건조,맑음,단일로 - 기타,승용,남,36세,상해없음,보행자,남,48세,중상
2013042700100034,2013년 4월 27일 01시,토요일,충청남도 홍성군 홍성읍,경상사고,0,0,1,0,차대차 - 기타,안전운전불이행,건조,맑음,교차로 - 교차로안,승용,여,41세,상해없음,승용,여,54세,경상
2013042700100071,2013년 4월 27일 03시,토요일,충청남도 천안시 서북구 두정동,경상사고,0,0,1,0,차대사람 - 기타,안전운전불이행,건조,맑음,단일로 - 기타,기타불명,기타불명,기타불명,기타불명,보행자,여,23세,경상
2013042700100091,2013년 4월 27일 04시,토요일,충청남도 아산시 모종동,경상사고,0,0,4,0,차대차 - 추돌 - 주정차중,안전운전불이행,건조,맑음,기타 - 기타,승용,남,47세,상해없음,승용,남,46세,경상
2013042700100092,2013년 4월 27일 04시,토요일,충청남도 아산시 배방읍,경상사고,0,0,1,0,차대차 - 추돌 - 주정차중,안전운전불이행,건조,맑음,기타 - 기타,승용,남,40세,상해없음,승용,여,32세,경상
2013042700100106,2013년 4월 27일 05시,토요일,충청남도 서산시 석남동,중상사고,0,1,0,0,차대차 - 측면직각충돌,신호위반,건조,맑음,교차로 - 교차로안,화물,남,53세,상해없음,승용,남,48세,중상
2013042700100141,2013년 4월 27일 07시,토요일,충청남도 부여군 세도면,경상사고,0,0,1,0,차대차 - 측면직각충돌,교차로운행방법위반,건조,맑음,교차로 - 교차로안,건설기계,남,51세,상해없음,화물,남,37세,상해없음
2013042700100163,2013년 4월 27일 08시,토요일,충청남도 천안시 서북구 불당동,중상사고,0,1,0,0,차대차 - 측면직각충돌,안전운전불이행,건조,맑음,단일로 - 기타,이륜,남,24세,상해없음,승용,여,48세,상해없음
2013042700100201,2013년 4월 27일 10시,토요일,충청남도 서천군 서천읍,경상사고,0,0,1,0,차대사람 - 기타,안전운전불이행,건조,맑음,기타 - 기타,승용,남,56세,상해없음,보행자,남,80세,경상
2013042700100266,2013년 4월 27일 12시,토요일,충청남도 아산시 탕정면,경상사고,0,0,1,0,차대차 - 기타,안전운전불이행,건조,맑음,단일로 - 기타,화물,남,47세,상해없음,승용,남,49세,경상
2013042700100267,2013년 4월 27일 12시,토요일,충청남도 보령시 대천동,중상사고,0,1,0,0,차대차 - 측면직각충돌,직진우회전진행방해,건조,흐림,교차로 - 교차로안,승용,남,69세,상해없음,이륜,남,70세,중상
2013042700100268,2013년 4월 27일 12시,토요일,충청남도 부여군 석성면,사망사고,1,0,0,0,차대차 - 기타,신호위반,건조,맑음,교차로 - 교차로안,승용,남,36세,상해없음,원동기,남,64세,사망
2013042700100269,2013년 4월 27일 12시,토요일,충청남도 천안시 동남구 삼룡동,중상사고,0,3,1,0,차대차 - 기타,신호위반,건조,맑음,교차로 - 교차로안,승용,여,52세,기타불명,승합,남,40세,경상
2013042700100299,2013년 4월 27일 13시,토요일,충청남도 보령시 내항동,중상사고,0,2,0,0,차량단독 - 공작물충돌,안전운전불이행,건조,맑음,단일로 - 기타,승용,남,19세,상해없음,,,,
2013042700100325,2013년 4월 27일 14시,토요일,충청남도 청양군 정산면,중상사고,0,1,0,0,차대사람 - 횡단중,보행자보호의무위반,건조,맑음,교차로 - 교차로안,승용,남,60세,상해없음,보행자,남,6세,중상
2013042700100326,2013년 4월 27일 14시,토요일,충청남도 천안시 동남구 목천읍,경상사고,0,0,1,0,차대차 - 기타,안전운전불이행,건조,맑음,단일로 - 기타,승용,남,59세,기타불명,승용,남,29세,경상
2013042700100362,2013년 4월 27일 15시,토요일,충청남도 태안군 태안읍,중상사고,0,1,0,0,차대차 - 추돌 - 진행중,안전운전불이행,건조,맑음,단일로 - 기타,화물,남,33세,상해없음,승용,여,41세,중상
2013042700100363,2013년 4월 27일 15시,토요일,충청남도 공주시 정안면,경상사고,0,0,2,0,차대차 - 기타,중앙선침범,건조,맑음,단일로 - 기타,승용,남,74세,상해없음,승용,남,38세,경상
2013042700100430,2013년 4월 27일 17시,토요일,충청남도 당진시 합덕읍,부상신고사고,0,0,0,1,차대차 - 정면충돌,안전운전불이행,건조,맑음,단일로 - 기타,승용,남,58세,상해없음,승용,남,30세,부상신고
2013042700100481,2013년 4월 27일 18시,토요일,충청남도 천안시 서북구 불당동,경상사고,0,0,2,0,차대차 - 추돌 - 주정차중,안전운전불이행,건조,맑음,교차로 - 교차로부근,화물,남,44세,상해없음,승용,여,41세,경상
2013042700100482,2013년 4월 27일 18시,토요일,충청남도 홍성군 서부면,중상사고,0,1,0,0,차대사람 - 횡단중,안전운전불이행,건조,맑음,기타 - 기타,화물,남,40세,상해없음,보행자,여,5세,중상
2013042700100483,2013년 4월 27일 18시,토요일,충청남도 아산시 음봉면,중상사고,0,2,0,0,차대차 - 기타,중앙선침범,건조,맑음,단일로 - 기타,화물,남,67세,상해없음,화물,남,42세,중상
2013042700100484,2013년 4월 27일 18시,토요일,충청남도 서천군 장항읍,경상사고,0,0,1,0,차대차 - 기타,직진우회전진행방해,습기,비,교차로 - 교차로안,승용,남,40세,상해없음,승용,여,65세,경상
2013042700100485,2013년 4월 27일 18시,토요일,충청남도 공주시 신풍면,중상사고,0,1,1,0,차대차 - 기타,안전운전불이행,건조,흐림,교차로 - 교차로안,승용,남,67세,기타불명,승용,남,28세,중상
2013042700100521,2013년 4월 27일 19시,토요일,충청남도 논산시 강산동,경상사고,0,0,3,0,차대차 - 추돌 - 진행중,안전운전불이행,건조,맑음,교차로 - 교차로부근,승용,남,37세,상해없음,승용,남,46세,경상
2013042700100522,2013년 4월 27일 19시,토요일,충청남도 천안시 동남구 청당동,중상사고,0,1,2,0,차대차 - 기타,중앙선침범,건조,맑음,단일로 - 기타,승용,남,21세,경상,화물,남,56세,경상
2013042700100559,2013년 4월 27일 20시,토요일,충청남도 서산시 읍내동,중상사고,0,1,0,0,차대차 - 측면직각충돌,신호위반,건조,맑음,교차로 - 교차로안,승용,여,56세,상해없음,원동기,남,16세,중상
2013042700100560,2013년 4월 27일 20시,토요일,충청남도 계룡시 엄사면,경상사고,0,0,4,0,차대차 - 정면충돌,신호위반,건조,맑음,교차로 - 교차로안,화물,남,32세,상해없음,승용,남,47세,경상
2013042700100600,2013년 4월 27일 21시,토요일,충청남도 아산시 인주면,중상사고,0,1,0,0,차대차 - 기타,차로위반,건조,맑음,단일로 - 기타,승용,남,28세,상해없음,승용,남,53세,중상
2013042800100036,2013년 4월 28일 01시,일요일,충청남도 서산시 읍내동,중상사고,0,1,0,0,차대사람 - 횡단중,보행자보호의무위반,건조,맑음,교차로 - 교차로안,승용,남,30세,상해없음,보행자,남,27세,중상
2013042800100037,2013년 4월 28일 01시,일요일,충청남도 보령시 동대동,경상사고,0,0,2,0,차대차 - 측면직각충돌,신호위반,건조,맑음,교차로 - 교차로안,승용,여,41세,상해없음,승용,남,34세,경상
2013042800100077,2013년 4월 28일 04시,일요일,충청남도 천안시 서북구 두정동,경상사고,0,0,1,0,차대사람 - 차도통행중,중앙선침범,건조,맑음,단일로 - 기타,승용,남,34세,상해없음,보행자,남,26세,경상
2013042800100117,2013년 4월 28일 07시,일요일,충청남도 당진시 수청리,중상사고,0,3,0,0,차대차 - 정면충돌,중앙선침범,건조,맑음,단일로 - 기타,승용,남,56세,상해없음,화물,남,52세,중상
2013042800100118,2013년 4월 28일 07시,일요일,충청남도 당진시 읍내리,경상사고,0,0,1,0,차대차 - 추돌 - 주정차중,안전운전불이행,건조,맑음,기타 - 기타,승용,남,52세,상해없음,승용,남,43세,경상
2013042800100138,2013년 4월 28일 09시,일요일,충청남도 논산시 상월면,중상사고,0,1,0,0,차대차 - 측면직각충돌,중앙선침범,건조,맑음,단일로 - 기타,승용,여,20세,상해없음,화물,남,49세,중상
2013042800100153,2013년 4월 28일 10시,일요일,충청남도 서산시 성연면,중상사고,0,1,0,0,차대차 - 추돌 - 진행중,안전운전불이행,건조,맑음,단일로 - 기타,승용,남,42세,상해없음,승용,여,56세,중상
2013042800100154,2013년 4월 28일 10시,일요일,충청남도 태안군 근흥면,중상사고,0,2,1,0,차대차 - 정면충돌,중앙선침범,건조,맑음,단일로 - 기타,화물,남,42세,중상,승합,남,51세,중상
2013042800100176,2013년 4월 28일 11시,일요일,충청남도 논산시 채운면,경상사고,0,0,2,0,차대차 - 측면직각충돌,안전운전불이행,건조,맑음,단일로 - 기타,승용,여,49세,상해없음,이륜,남,83세,경상
2013042800100200,2013년 4월 28일 12시,일요일,충청남도 계룡시 엄사면,경상사고,0,0,4,0,차대차 - 추돌 - 진행중,안전거리미확보,건조,맑음,단일로 - 기타,승용,남,54세,경상,승용,남,36세,경상
2013042800100202,2013년 4월 28일 12시,일요일,충청남도 예산군 예산읍,중상사고,0,1,0,0,차대차 - 기타,신호위반,건조,맑음,교차로 - 교차로부근,화물,남,57세,상해없음,이륜,남,41세,중상
2013042800100230,2013년 4월 28일 13시,일요일,충청남도 보령시 웅천읍,경상사고,0,0,5,0,차대차 - 측면직각충돌,직진우회전진행방해,건조,맑음,교차로 - 교차로안,승합,남,54세,상해없음,승용,남,38세,경상
2013042800100267,2013년 4월 28일 14시,일요일,충청남도 서천군 장항읍,부상신고사고,0,0,0,1,차량단독 - 공작물충돌,안전운전불이행,건조,맑음,단일로 - 기타,승용,여,24세,부상신고,,,,
2013042800100298,2013년 4월 28일 15시,일요일,충청남도 논산시 연산면,경상사고,0,0,3,0,차대차 - 측면직각충돌,중앙선침범,건조,맑음,단일로 - 교량,승용,남,58세,경상,승용,남,36세,경상
2013042800100336,2013년 4월 28일 16시,일요일,충청남도 서산시 석남동,경상사고,0,0,2,0,차대차 - 측면직각충돌,신호위반,건조,맑음,교차로 - 교차로안,승용,남,53세,상해없음,승용,남,34세,경상
2013042800100337,2013년 4월 28일 16시,일요일,충청남도 서천군 서천읍,중상사고,0,1,0,0,차량단독 - 공작물충돌,안전운전불이행,건조,맑음,단일로 - 기타,화물,여,56세,중상,,,,