사고번호,사고일시,요일,시군구,사고내용,사망자수,중상자수,경상자수,부상신고자수,사고유형,법규위반,노면상태,기상상태,도로형태,가해운전자 차종,가해운전자 성별,가해운전자 연령,가해운전자 상해정도,피해운전자 차종,피해운전자 성별,피해운전자 연령,피해운전자 상해정도
2013052400100056,2013년 5월 24일 04시,금요일,충청남도 서산시 대산읍,부상신고사고,0,0,0,1,차량단독 - 전도전복,안전운전불이행,건조,맑음,단일로 - 기타,원동기,남,44세,부상신고,,,,
2013052400100066,2013년 5월 24일 05시,금요일,충청남도 서산시 부석면,경상사고,0,0,1,0,차대차 - 정면충돌,직진우회전진행방해,습기,안개,교차로 - 교차로안,승용,남,26세,상해없음,승용,여,56세,경상
2013052400100082,2013년 5월 24일 06시,금요일,충청남도 예산군 삽교읍,경상사고,0,0,7,0,차대차 - 기타,안전운전불이행,습기,안개,교차로 - 교차로부근,화물,남,56세,상해없음,승합,남,47세,경상
2013052400100083,2013년 5월 24일 06시,금요일,충청남도 부여군 옥산면,중상사고,0,3,0,0,차대차 - 기타,신호위반,건조,맑음,교차로 - 교차로안,승용,남,53세,상해없음,화물,남,60세,중상
2013052400100084,2013년 5월 24일 06시,금요일,충청남도 천안시 동남구 성황동,경상사고,0,0,1,0,차대차 - 추돌 - 진행중,신호위반,건조,맑음,교차로 - 교차로안,승용,남,67세,상해없음,승용,남,54세,경상
2013052400100149,2013년 5월 24일 08시,금요일,충청남도 천안시 동남구 병천면,중상사고,0,1,0,0,차대사람 - 기타,보행자보호의무위반,건조,맑음,교차로 - 교차로부근,승용,남,74세,상해없음,보행자,남,15세,중상
2013052400100182,2013년 5월 24일 09시,금요일,충청남도 예산군 예산읍,중상사고,0,1,0,0,차대차 - 측면직각충돌,직진우회전진행방해,건조,맑음,교차로 - 교차로안,원동기,여,79세,중상,승용,남,57세,상해없음
2013052400100305,2013년 5월 24일 14시,금요일,충청남도 서산시 성연면,경상사고,0,0,1,0,차대차 - 측면직각충돌,신호위반,건조,맑음,교차로 - 교차로안,승용,남,58세,상해없음,건설기계,남,34세,경상
2013052400100306,2013년 5월 24일 14시,금요일,충청남도 논산시 지산동,중상사고,0,1,1,0,차대차 - 측면직각충돌,불법유턴,건조,맑음,단일로 - 기타,승용,남,77세,중상,승용,여,42세,경상
2013052400100324,2013년 5월 24일 15시,금요일,충청남도 천안시 서북구 부대동,경상사고,0,0,1,0,차대차 - 기타,안전거리미확보,건조,맑음,단일로 - 기타,승용,남,36세,상해없음,승용,여,29세,경상
2013052400100364,2013년 5월 24일 16시,금요일,충청남도 당진시 읍내리,경상사고,0,0,3,0,차대차 - 추돌 - 주정차중,안전운전불이행,건조,맑음,교차로 - 교차로부근,화물,남,47세,상해없음,화물,남,50세,경상
2013052400100365,2013년 5월 24일 16시,금요일,충청남도 서천군 서천읍,중상사고,0,1,0,1,차대차 - 기타,직진우회전진행방해,건조,맑음,교차로 - 교차로안,이륜,남,74세,부상신고,승용,여,57세,상해없음
2013052400100413,2013년 5월 24일 17시,금요일,충청남도 당진시 읍내리,중상사고,0,1,0,0,차대차 - 기타,교차로운행방법위반,건조,맑음,교차로 - 교차로안,승용,여,47세,상해없음,이륜,남,37세,중상
2013052400100464,2013년 5월 24일 18시,금요일,충청남도 서산시 동문동,중상사고,0,1,0,0,차대차 - 추돌 - 주정차중,안전운전불이행,건조,맑음,교차로 - 교차로부근,승용,남,45세,상해없음,화물,남,53세,중상
2013052400100465,2013년 5월 24일 18시,금요일,충청남도 홍성군 홍성읍,중상사고,0,1,0,0,차대사람 - 기타,안전운전불이행,건조,맑음,단일로 - 기타,화물,남,60세,상해없음,보행자,여,17세,중상
2013052400100466,2013년 5월 24일 18시,금요일,충청남도 예산군 덕산면,경상사고,0,0,1,0,차대사람 - 기타,보행자보호의무위반,건조,맑음,단일로 - 횡단보도상,승용,남,58세,상해없음,보행자,남,6세,경상
2013052400100536,2013년 5월 24일 20시,금요일,충청남도 천안시 서북구 성환읍,경상사고,0,0,8,0,차대차 - 추돌 - 주정차중,안전운전불이행,건조,맑음,교차로 - 교차로부근,승용,남,41세,상해없음,승용,남,42세,경상
2013052400100608,2013년 5월 24일 22시,금요일,충청남도 공주시 사곡면,사망사고,2,4,1,0,차량단독 - 공작물충돌,안전운전불이행,건조,맑음,단일로 - 기타,승용,남,19세,경상,,,,
2013052400100646,2013년 5월 24일 23시,금요일,충청남도 홍성군 홍성읍,경상사고,0,0,2,0,차대차 - 기타,교차로운행방법위반,건조,맑음,교차로 - 교차로안,승용,여,47세,경상,승용,남,66세,경상
2013052400100647,2013년 5월 24일 23시,금요일,충청남도 당진시 읍내리,경상사고,0,0,1,0,차대차 - 기타,안전거리미확보,건조,맑음,단일로 - 기타,승용,남,38세,상해없음,이륜,남,31세,경상
2013052500100016,2013년 5월 25일 00시,토요일,충청남도 서산시 석림동,중상사고,0,1,0,0,차대차 - 측면직각충돌,신호위반,건조,맑음,교차로 - 교차로안,승용,남,28세,상해없음,승용,남,33세,상해없음
2013052500100042,2013년 5월 25일 01시,토요일,충청남도 천안시 동남구 신부동,경상사고,0,0,2,0,차대차 - 기타,신호위반,건조,맑음,교차로 - 교차로안,승용,남,23세,상해없음,승용,여,58세,경상
2013052500100043,2013년 5월 25일 01시,토요일,충청남도 천안시 동남구 목천읍,중상사고,0,1,1,0,차대차 - 기타,안전운전불이행,건조,맑음,교차로 - 교차로안,승용,남,39세,상해없음,승용,남,35세,경상
2013052500100067,2013년 5월 25일 02시,토요일,충청남도 천안시 서북구 쌍용동,경상사고,0,0,1,0,차대차 - 추돌 - 주정차중,안전운전불이행,건조,맑음,교차로 - 교차로안,승용,남,27세,상해없음,승용,남,43세,경상
2013052500100157,2013년 5월 25일 07시,토요일,충청남도 천안시 서북구 직산읍,경상사고,0,0,1,0,차대차 - 추돌 - 주정차중,안전운전불이행,건조,맑음,단일로 - 기타,화물,남,60세,상해없음,화물,남,47세,경상
2013052500100158,2013년 5월 25일 07시,토요일,충청남도 논산시 반월동,중상사고,0,1,0,0,차대차 - 기타,안전운전불이행,건조,맑음,단일로 - 기타,화물,남,57세,상해없음,이륜,남,84세,중상
2013052500100159,2013년 5월 25일 07시,토요일,충청남도 천안시 동남구 목천읍,중상사고,0,1,0,0,차대차 - 추돌 - 진행중,안전운전불이행,건조,맑음,단일로 - 터널,승용,남,27세,상해없음,승합,남,46세,중상
2013052500100187,2013년 5월 25일 08시,토요일,충청남도 논산시 강경읍,중상사고,0,1,0,0,차대차 - 측면직각충돌,중앙선침범,건조,맑음,단일로 - 기타,승용,여,33세,상해없음,이륜,남,55세,중상
2013052500100248,2013년 5월 25일 10시,토요일,충청남도 예산군 예산읍,경상사고,0,0,1,0,차대차 - 기타,안전운전불이행,건조,맑음,단일로 - 기타,승용,남,64세,상해없음,승용,여,45세,경상
2013052500100249,2013년 5월 25일 10시,토요일,충청남도 금산군 금산읍,중상사고,0,1,0,0,차대차 - 기타,안전운전불이행,건조,맑음,교차로 - 교차로부근,이륜,여,51세,중상,승합,남,56세,상해없음
2013052500100281,2013년 5월 25일 11시,토요일,충청남도 서천군 판교면,중상사고,0,1,0,0,차대차 - 기타,안전운전불이행,건조,맑음,기타 - 기타,화물,남,71세,상해없음,이륜,남,72세,중상
2013052500100282,2013년 5월 25일 11시,토요일,충청남도 천안시 동남구 목천읍,경상사고,0,0,1,0,차대차 - 기타,안전거리미확보,건조,맑음,단일로 - 기타,화물,남,52세,상해없음,승용,여,29세,상해없음
2013052500100316,2013년 5월 25일 12시,토요일,충청남도 서산시 동문동,경상사고,0,0,1,0,차대차 - 기타,교차로운행방법위반,건조,맑음,교차로 - 교차로안,승용,여,38세,상해없음,원동기,남,18세,경상
2013052500100317,2013년 5월 25일 12시,토요일,충청남도 공주시 우성면,경상사고,0,0,1,0,차대차 - 기타,안전거리미확보,건조,맑음,단일로 - 기타,기타불명,기타불명,기타불명,기타불명,화물,남,46세,경상
2013052500100352,2013년 5월 25일 13시,토요일,충청남도 서산시 운산면,경상사고,0,0,2,0,차대차 - 기타,안전운전불이행,건조,맑음,단일로 - 기타,승용,남,18세,상해없음,승용,여,31세,경상
2013052500100390,2013년 5월 25일 14시,토요일,충청남도 논산시 강산동,사망사고,1,0,0,0,차대차 - 측면직각충돌,차로위반,건조,맑음,교차로 - 교차로부근,원동기,여,69세,사망,특수,남,44세,상해없음
2013052500100391,2013년 5월 25일 14시,토요일,충청남도 홍성군 광천읍,경상사고,0,0,1,0,차대차 - 측면직각충돌,신호위반,건조,맑음,교차로 - 교차로안,이륜,남,78세,경상,승용,남,44세,상해없음
2013052500100429,2013년 5월 25일 15시,토요일,충청남도 천안시 서북구 성정동,경상사고,0,0,1,0,차대차 - 측면직각충돌,안전운전불이행,건조,맑음,단일로 - 기타,승용,남,22세,상해없음,승용,남,48세,상해없음
2013052500100461,2013년 5월 25일 16시,토요일,충청남도 공주시 우성면,중상사고,0,1,0,0,차대사람 - 기타,안전운전불이행,건조,맑음,단일로 - 기타,화물,남,64세,상해없음,보행자,남,45세,중상
2013052500100462,2013년 5월 25일 16시,토요일,충청남도 청양군 남양면,중상사고,0,1,0,0,차대차 - 정면충돌,안전운전불이행,건조,맑음,단일로 - 기타,화물,남,69세,중상,승합,남,52세,상해없음
2013052500100463,2013년 5월 25일 16시,토요일,충청남도 천안시 동남구 신부동,경상사고,0,0,3,0,차대사람 - 기타,안전운전불이행,건조,맑음,단일로 - 기타,승용,남,42세,상해없음,보행자,남,8세,경상
2013052500100501,2013년 5월 25일 17시,토요일,충청남도 태안군 근흥면,중상사고,0,1,1,0,차대차 - 정면충돌,중앙선침범,건조,맑음,단일로 - 기타,화물,여,39세,중상,화물,남,45세,경상
2013052500100502,2013년 5월 25일 17시,토요일,충청남도 천안시 서북구 쌍용동,부상신고사고,0,0,0,1,차대차 - 측면직각충돌,안전거리미확보,건조,맑음,단일로 - 기타,이륜,남,30세,부상신고,승용,남,57세,상해없음
2013052500100503,2013년 5월 25일 17시,토요일,충청남도 당진시 원당리,경상사고,0,0,2,0,차대차 - 측면직각충돌,신호위반,건조,맑음,교차로 - 교차로안,승합,남,57세,상해없음,승용,여,42세,경상
2013052500100504,2013년 5월 25일 17시,토요일,충청남도 당진시 고대면,경상사고,0,0,1,0,차대차 - 측면직각충돌,안전거리미확보,건조,맑음,단일로 - 기타,승용,남,48세,기타불명,승용,남,56세,경상
2013052500100542,2013년 5월 25일 18시,토요일,충청남도 서산시 예천동,경상사고,0,0,2,0,차대차 - 기타,신호위반,건조,맑음,교차로 - 교차로부근,승용,남,39세,상해없음,승합,남,26세,경상
2013052500100543,2013년 5월 25일 18시,토요일,충청남도 논산시 연무읍,중상사고,0,1,0,0,차대차 - 정면충돌,교차로운행방법위반,건조,맑음,교차로 - 교차로안,승용,남,53세,상해없음,자전거,여,77세,중상
2013052500100544,2013년 5월 25일 18시,토요일,충청남도 아산시 탕정면,경상사고,0,0,2,0,차대차 - 추돌 - 주정차중,안전운전불이행,건조,맑음,단일로 - 기타,승용,남,53세,상해없음,승용,남,34세,경상
2013052500100545,2013년 5월 25일 18시,토요일,충청남도 보령시 대천동,경상사고,0,0,2,0,차대차 - 측면직각충돌,직진우회전진행방해,건조,맑음,교차로 - 교차로안,승용,여,33세,경상,승용,여,45세,경상
2013052500100546,2013년 5월 25일 18시,토요일,충청남도 보령시 죽정동,사망사고,1,0,0,0,차량단독 - 공작물충돌,안전운전불이행,건조,맑음,단일로 - 기타,이륜,남,64세,사망,,,,
2013052500100547,2013년 5월 25일 18시,토요일,충청남도 금산군 진산면,경상사고,0,0,2,0,차대차 - 기타,안전운전불이행,건조,맑음,단일로 - 기타,승용,여,25세,경상,승용,여,53세,경상
2013052500100677,2013년 5월 25일 22시,토요일,충청남도 천안시 서북구 성정동,중상사고,0,1,0,0,차량단독 - 기타,안전운전불이행,건조,맑음,교차로 - 교차로부근,승합,남,51세,상해없음,,,,
2013052600100034,2013년 5월 26일 01시,일요일,충청남도 공주시 신관동,경상사고,0,0,1,0,차대차 - 측면직각충돌,신호위반,건조,맑음,교차로 - 교차로안,승용,남,29세,상해없음,승용,남,51세,경상
2013052600100068,2013년 5월 26일 03시,일요일,충청남도 천안시 서북구 두정동,경상사고,0,0,3,0,차대차 - 추돌 - 진행중,안전운전불이행,건조,맑음,교차로 - 교차로부근,승용,남,22세,상해없음,승용,남,62세,경상
2013052600100069,2013년 5월 26일 03시,일요일,충청남도 천안시 서북구 성정동,중상사고,0,1,0,0,차대사람 - 횡단중,안전운전불이행,건조,맑음,단일로 - 기타,승용,남,58세,상해없음,보행자,남,28세,중상
2013052600100097,2013년 5월 26일 05시,일요일,충청남도 당진시 정미면,중상사고,0,1,0,0,차량단독 - 공작물충돌,안전운전불이행,건조,맑음,단일로 - 기타,승용,남,35세,중상,,,,
2013052600100113,2013년 5월 26일 06시,일요일,충청남도 홍성군 홍성읍,경상사고,0,0,1,0,차대차 - 기타,교차로운행방법위반,건조,맑음,교차로 - 교차로안,기타불명,기타불명,기타불명,기타불명,자전거,남,49세,경상
2013052600100164,2013년 5월 26일 09시,일요일,충청남도 논산시 성동면,중상사고,0,1,1,0,차대차 - 측면직각충돌,기타,건조,맑음,교차로 - 교차로안,승용,남,43세,중상,승용,여,39세,경상
2013052600100204,2013년 5월 26일 11시,일요일,충청남도 보령시 신흑동,경상사고,0,0,1,0,차대차 - 기타,교차로운행방법위반,건조,맑음,교차로 - 교차로안,승용,남,55세,상해없음,승용,남,62세,경상
2013052600100266,2013년 5월 26일 13시,일요일,충청남도 아산시 배방읍,중상사고,0,2,1,0,차대차 - 추돌 - 주정차중,안전운전불이행,건조,맑음,교차로 - 교차로부근,화물,남,51세,상해없음,승용,여,35세,중상
2013052600100292,2013년 5월 26일 14시,일요일,충청남도 당진시 송악읍,경상사고,0,0,1,0,차대차 - 기타,교차로운행방법위반,건조,맑음,교차로 - 교차로안,승용,남,55세,상해없음,이륜,남,41세,경상
2013052600100293,2013년 5월 26일 14시,일요일,충청남도 금산군 금산읍,중상사고,0,2,1,0,차대차 - 기타,신호위반,건조,맑음,교차로 - 교차로안,승용,여,36세,상해없음,승용,남,40세,중상
2013052600100326,2013년 5월 26일 15시,일요일,충청남도 논산시 채운면,중상사고,0,2,0,0,차대차 - 추돌 - 진행중,안전운전불이행,건조,맑음,단일로 - 기타,승용,여,28세,상해없음,농기계,남,64세,중상
2013052600100383,2013년 5월 26일 17시,일요일,충청남도 당진시 석문면,경상사고,0,0,1,0,차대사람 - 횡단중,안전운전불이행,건조,맑음,기타 - 기타,화물,남,48세,상해없음,보행자,남,6세,경상
2013052600100443,2013년 5월 26일 19시,일요일,충청남도 서산시 장동,중상사고,0,1,0,0,차대차 - 추돌 - 주정차중,안전운전불이행,건조,맑음,교차로 - 교차로부근,이륜,남,65세,중상,승용,남,27세,상해없음
2013052600100482,2013년 5월 26일 20시,일요일,충청남도 예산군 예산읍,중상사고,0,1,0,0,차대차 - 기타,직진우회전진행방해,건조,맑음,교차로 - 교차로안,화물,남,60세,상해없음,원동기,남,48세,중상
2013052600100483,2013년 5월 26일 20시,일요일,충청남도 당진시 채운동,중상사고,0,1,0,0,차대차 - 추돌 - 주정차중,안전운전불이행,건조,맑음,단일로 - 기타,승용,남,37세,상해없음,화물,남,53세,상해없음
2013052600100512,2013년 5월 26일 21시,일요일,충청남도 천안시 동남구 신방동,경상사고,0,0,4,0,차대차 - 추돌 - 주정차중,안전운전불이행,건조,맑음,단일로 - 기타,승합,남,46세,상해없음,승용,남,22세,경상
2013052700100011,2013년 5월 27일 00시,월요일,충청남도 천안시 동남구 쌍용동,중상사고,0,2,0,0,차대차 - 측면직각충돌,신호위반,건조,맑음,교차로 - 교차로안,승용,여,42세,상해없음,승용,남,45세,중상
2013052700100012,2013년 5월 27일 00시,월요일,충청남도 공주시 신관동,경상사고,0,0,1,0,차대차 - 측면직각충돌,교차로운행방법위반,건조,흐림,교차로 - 교차로안,승용,남,35세,기타불명,승용,남,65세,경상
2013052700100013,2013년 5월 27일 00시,월요일,충청남도 서천군 비인면,경상사고,0,0,1,0,차대차 - 기타,안전거리미확보,건조,흐림,단일로 - 기타,승용,남,19세,상해없음,승용,남,34세,경상
2013052700100038,2013년 5월 27일 03시,월요일,충청남도 천안시 서북구 두정동,경상사고,0,0,1,0,차대사람 - 기타,안전운전불이행,건조,맑음,교차로 - 교차로부근,승용,남,33세,상해없음,보행자,남,24세,경상
2013052700100131,2013년 5월 27일 08시,월요일,충청남도 천안시 동남구 신부동,경상사고,0,0,1,0,차대차 - 기타,교차로운행방법위반,습기,비,교차로 - 교차로안,화물,남,51세,상해없음,승용,남,40세,상해없음
2013052700100165,2013년 5월 27일 09시,월요일,충청남도 태안군 태안읍,중상사고,0,1,2,0,차대차 - 측면직각충돌,안전운전불이행,습기,비,교차로 - 교차로안,승용,남,38세,상해없음,승용,여,45세,중상
2013052700100166,2013년 5월 27일 09시,월요일,충청남도 논산시 강경읍,중상사고,0,1,1,0,차대차 - 측면직각충돌,중앙선침범,습기,비,단일로 - 교량,화물,남,73세,중상,화물,남,40세,경상
2013052700100167,2013년 5월 27일 09시,월요일,충청남도 서천군 서면,중상사고,0,1,0,0,차대사람 - 길가장자리구역통행중,안전운전불이행,습기,비,단일로 - 기타,화물,남,41세,상해없음,보행자,여,68세,중상
2013052700100224,2013년 5월 27일 11시,월요일,충청남도 당진시 합덕읍,중상사고,0,1,0,0,차대차 - 측면직각충돌,신호위반,습기,비,교차로 - 교차로안,화물,남,26세,상해없음,화물,남,46세,중상
2013052700100225,2013년 5월 27일 11시,월요일,충청남도 금산군 금산읍,경상사고,0,0,1,0,차대차 - 기타,중앙선침범,습기,비,단일로 - 기타,승용,남,76세,상해없음,화물,남,23세,경상
2013052700100254,2013년 5월 27일 12시,월요일,충청남도 천안시 서북구 쌍용동,중상사고,0,1,0,0,차대차 - 기타,교차로운행방법위반,습기,비,교차로 - 교차로안,승용,여,34세,상해없음,승용,여,37세,중상
2013052700100279,2013년 5월 27일 13시,월요일,충청남도 천안시 동남구 구성동,경상사고,0,0,2,0,차대차 - 기타,안전운전불이행,습기,비,단일로 - 기타,화물,남,53세,상해없음,승용,남,30세,경상
2013052700100321,2013년 5월 27일 14시,월요일,충청남도 공주시 이인면,중상사고,0,1,0,0,차대차 - 기타,안전운전불이행,습기,비,단일로 - 기타,승용,남,65세,상해없음,화물,남,30세,중상
2013052700100322,2013년 5월 27일 14시,월요일,충청남도 홍성군 은하면,중상사고,0,2,0,0,차대차 - 측면직각충돌,안전운전불이행,습기,비,단일로 - 기타,승합,남,60세,중상,승용,남,56세,상해없음
2013052700100352,2013년 5월 27일 15시,월요일,충청남도 천안시 서북구 성정동,중상사고,0,1,0,0,차대사람 - 기타,안전운전불이행,습기,비,기타 - 기타,승용,남,61세,상해없음,보행자,남,71세,중상
2013052700100353,2013년 5월 27일 15시,월요일,충청남도 논산시 강산동,경상사고,0,0,6,0,차대차 - 추돌 - 주정차중,안전운전불이행,습기,비,교차로 - 교차로부근,승용,남,25세,상해없음,승용,남,75세,경상
2013052700100354,2013년 5월 27일 15시,월요일,충청남도 보령시 명천동,경상사고,0,0,2,0,차대사람 - 기타,신호위반,습기,비,단일로 - 기타,승용,남,41세,경상,보행자,여,11세,경상
2013052700100355,2013년 5월 27일 15시,월요일,충청남도 당진시 읍내리,경상사고,0,0,1,0,차대차 - 측면직각충돌,안전운전불이행,습기,비,교차로 - 교차로안,승용,여,28세,상해없음,승용,남,39세,상해없음
2013052700100388,2013년 5월 27일 16시,월요일,충청남도 서산시 대산읍,경상사고,0,0,1,0,차대차 - 측면직각충돌,중앙선침범,습기,비,단일로 - 기타,승용,남,44세,상해없음,승용,남,30세,경상
2013052700100389,2013년 5월 27일 16시,월요일,충청남도 아산시 둔포면,사망사고,1,0,0,0,차량단독 - 전도전복,안전운전불이행,습기,비,단일로 - 기타,이륜,남,75세,사망,,,,
2013052700100390,2013년 5월 27일 16시,월요일,충청남도 아산시 영인면,경상사고,0,0,1,0,차대차 - 정면충돌,중앙선침범,습기,비,단일로 - 기타,화물,남,44세,상해없음,승용,남,36세,경상
2013052700100391,2013년 5월 27일 16시,월요일,충청남도 서천군 종천면,중상사고,0,1,0,0,차대차 - 추돌 - 진행중,안전거리미확보,습기,비,교차로 - 교차로부근,화물,남,44세,상해없음,승용,남,61세,중상
2013052700100429,2013년 5월 27일 17시,월요일,충청남도 서천군 서천읍,중상사고,0,1,2,1,차대차 - 추돌 - 주정차중,안전거리미확보,습기,비,단일로 - 기타,화물,남,46세,상해없음,화물,남,39세,부상신고
2013052700100475,2013년 5월 27일 18시,월요일,충청남도 공주시 신관동,경상사고,0,0,1,0,차대사람 - 기타,안전운전불이행,습기,비,교차로 - 교차로부근,승용,남,47세,상해없음,보행자,남,13세,경상
2013052700100529,2013년 5월 27일 19시,월요일,충청남도 논산시 취암동,경상사고,0,0,4,0,차대차 - 측면직각충돌,안전운전불이행,습기,비,교차로 - 교차로안,승용,여,51세,상해없음,승용,남,31세,경상
2013052700100530,2013년 5월 27일 19시,월요일,충청남도 보령시 성주면,경상사고,0,0,2,0,차대차 - 정면충돌,중앙선침범,습기,비,단일로 - 기타,승용,남,55세,경상,화물,남,58세,경상
2013052700100531,2013년 5월 27일 19시,월요일,충청남도 청양군 운곡면,중상사고,0,3,0,0,차량단독 - 공작물충돌,안전운전불이행,습기,비,단일로 - 기타,화물,남,61세,중상,,,,
2013052700100598,2013년 5월 27일 20시,월요일,충청남도 공주시 신관동,경상사고,0,0,1,0,차대차 - 기타,안전운전불이행,습기,비,교차로 - 교차로부근,승용,남,57세,기타불명,승용,남,58세,기타불명
2013052700100662,2013년 5월 27일 21시,월요일,충청남도 천안시 동남구 원성동,경상사고,0,0,2,0,차대차 - 기타,안전거리미확보,습기,비,교차로 - 교차로안,승용,남,52세,상해없음,승용,남,50세,경상
2013052700100728,2013년 5월 27일 22시,월요일,충청남도 천안시 서북구 성정동,경상사고,0,0,2,0,차대차 - 측면직각충돌,신호위반,습기,비,교차로 - 교차로안,승용,남,36세,상해없음,승용,여,47세,경상
2013052700100729,2013년 5월 27일 22시,월요일,충청남도 서천군 마서면,사망사고,1,0,0,0,차량단독 - 도로외이탈 - 추락,안전운전불이행,습기,비,교차로 - 교차로부근,승용,남,75세,사망,,,,
2013052700100794,2013년 5월 27일 23시,월요일,충청남도 천안시 서북구 직산읍,경상사고,0,0,1,0,차대차 - 기타,신호위반,습기,흐림,교차로 - 교차로안,승용,남,20세,상해없음,승용,여,29세,경상
2013052700100795,2013년 5월 27일 23시,월요일,충청남도 천안시 서북구 불당동,경상사고,0,0,1,0,차대차 - 기타,안전운전불이행,습기,비,교차로 - 교차로부근,기타불명,기타불명,기타불명,기타불명,승용,남,26세,경상
2013052700100796,2013년 5월 27일 23시,월요일,충청남도 천안시 서북구 불당동,경상사고,0,0,1,0,차대차 - 기타,중앙선침범,습기,비,단일로 - 기타,승용,남,30세,상해없음,승용,남,33세,경상
2013052700100798,2013년 5월 27일 23시,월요일,충청남도 천안시 서북구 성거읍,경상사고,0,0,1,0,차대차 - 기타,안전운전불이행,습기,맑음,단일로 - 기타,승용,남,22세,상해없음,승용,남,32세,경상
2013052800100026,2013년 5월 28일 00시,화요일,충청남도 천안시 서북구 성정동,경상사고,0,0,2,0,차대차 - 정면충돌,중앙선침범,습기,비,교차로 - 교차로부근,승용,남,30세,상해없음,승용,여,44세,경상
2013052800100078,2013년 5월 28일 02시,화요일,충청남도 천안시 서북구 쌍용동,경상사고,0,0,1,0,차대차 - 기타,안전운전불이행,습기,비,교차로 - 교차로안,기타불명,기타불명,기타불명,기타불명,원동기,남,30세,경상
2013052800100079,2013년 5월 28일 02시,화요일,충청남도 천안시 서북구 쌍용동,경상사고,0,0,1,0,차대차 - 기타,안전운전불이행,습기,맑음,교차로 - 교차로안,승용,남,27세,상해없음,승용,남,44세,경상
2013052800100080,2013년 5월 28일 02시,화요일,충청남도 천안시 동남구 봉명동,경상사고,0,0,2,0,차대차 - 기타,안전운전불이행,건조,맑음,단일로 - 기타,승용,남,42세,상해없음,승용,남,38세,경상
2013052800100143,2013년 5월 28일 07시,화요일,충청남도 당진시 송산면,중상사고,0,1,0,0,차대차 - 측면직각충돌,교차로운행방법위반,습기,비,교차로 - 교차로안,승합,남,52세,기타불명,화물,남,54세,중상
2013052800100205,2013년 5월 28일 09시,화요일,충청남도 논산시 가야곡면,사망사고,1,0,0,0,차대사람 - 차도통행중,안전운전불이행,습기,흐림,단일로 - 기타,승용,남,56세,상해없음,보행자,여,63세,사망
2013052800100206,2013년 5월 28일 09시,화요일,충청남도 홍성군 홍성읍,중상사고,0,1,0,0,차대차 - 측면직각충돌,차로위반,습기,비,교차로 - 교차로안,승용,여,55세,상해없음,승용,여,24세,중상
2013052800100207,2013년 5월 28일 09시,화요일,충청남도 천안시 동남구 봉명동,경상사고,0,0,1,0,차대차 - 측면직각충돌,안전운전불이행,건조,흐림,단일로 - 기타,승용,여,32세,상해없음,승용,여,26세,경상
2013052800100233,2013년 5월 28일 10시,화요일,충청남도 부여군 외산면,경상사고,0,0,1,0,차대사람 - 기타,안전운전불이행,건조,맑음,단일로 - 기타,화물,남,57세,상해없음,보행자,여,63세,경상
2013052800100280,2013년 5월 28일 12시,화요일,충청남도 보령시 대천동,경상사고,0,0,1,0,차대차 - 측면직각충돌,직진우회전진행방해,습기,비,교차로 - 교차로안,화물,여,25세,상해없음,승용,남,65세,경상
2013052800100281,2013년 5월 28일 12시,화요일,충청남도 당진시 정미면,경상사고,0,0,1,0,차대차 - 기타,안전운전불이행,습기,비,단일로 - 기타,화물,남,39세,상해없음,승용,남,53세,경상
2013052800100305,2013년 5월 28일 13시,화요일,충청남도 홍성군 광천읍,경상사고,0,0,1,0,차대차 - 추돌 - 진행중,차로위반,습기,비,단일로 - 기타,화물,여,48세,상해없음,화물,남,25세,경상
2013052800100332,2013년 5월 28일 14시,화요일,충청남도 천안시 서북구 두정동,경상사고,0,0,1,0,차대차 - 기타,안전운전불이행,건조,맑음,단일로 - 기타,승용,남,30세,상해없음,승용,남,47세,경상
2013052800100334,2013년 5월 28일 14시,화요일,충청남도 천안시 동남구 신방동,경상사고,0,0,2,0,차대차 - 측면직각충돌,신호위반,습기,비,교차로 - 교차로안,승용,남,34세,경상,승용,남,35세,경상
2013052800100443,2013년 5월 28일 17시,화요일,충청남도 홍성군 홍성읍,경상사고,0,0,1,0,차대차 - 기타,안전운전불이행,건조,맑음,교차로 - 교차로안,화물,남,37세,상해없음,화물,남,64세,경상
2013052800100444,2013년 5월 28일 17시,화요일,충청남도 서천군 장항읍,중상사고,0,1,0,0,차대차 - 추돌 - 주정차중,안전운전불이행,건조,맑음,단일로 - 기타,승용,남,32세,중상,승용,남,54세,기타불명
2013052800100484,2013년 5월 28일 18시,화요일,충청남도 서산시 동문동,부상신고사고,0,0,0,1,차량단독 - 공작물충돌,안전운전불이행,건조,흐림,단일로 - 기타,원동기,남,48세,부상신고,,,,
2013052800100485,2013년 5월 28일 18시,화요일,충청남도 서산시 동문동,경상사고,0,0,1,0,차대차 - 추돌 - 주정차중,안전운전불이행,습기,비,교차로 - 교차로부근,승용,남,65세,상해없음,승용,남,31세,경상
2013052800100486,2013년 5월 28일 18시,화요일,충청남도 서산시 대산읍,경상사고,0,0,4,0,차대차 - 추돌 - 주정차중,안전운전불이행,건조,흐림,교차로 - 교차로부근,승용,남,62세,상해없음,승용,남,48세,경상