사고번호,사고일시,요일,시군구,사고내용,사망자수,중상자수,경상자수,부상신고자수,사고유형,법규위반,노면상태,기상상태,도로형태,가해운전자 차종,가해운전자 성별,가해운전자 연령,가해운전자 상해정도,피해운전자 차종,피해운전자 성별,피해운전자 연령,피해운전자 상해정도
2013060200100164,2013년 6월 2일 09시,일요일,충청남도 천안시 서북구 성환읍,경상사고,0,0,1,0,차대차 - 기타,안전운전불이행,건조,맑음,교차로 - 교차로안,승용,여,29세,상해없음,이륜,남,54세,경상
2013060200100173,2013년 6월 2일 10시,일요일,충청남도 보령시 신흑동,경상사고,0,0,1,0,차대사람 - 횡단중,안전운전불이행,건조,맑음,단일로 - 기타,화물,남,52세,상해없음,보행자,남,19세,경상
2013060200100174,2013년 6월 2일 10시,일요일,충청남도 예산군 예산읍,경상사고,0,0,1,0,차대사람 - 기타,안전운전불이행,건조,맑음,기타 - 기타,화물,남,52세,상해없음,보행자,남,49세,경상
2013060200100175,2013년 6월 2일 10시,일요일,충청남도 금산군 금산읍,경상사고,0,0,4,0,차대차 - 정면충돌,교차로운행방법위반,건조,맑음,교차로 - 교차로안,승용,남,29세,경상,승용,여,54세,경상
2013060200100275,2013년 6월 2일 14시,일요일,충청남도 청양군 운곡면,경상사고,0,0,2,0,차대차 - 측면직각충돌,중앙선침범,건조,맑음,단일로 - 기타,승용,남,39세,상해없음,승용,남,52세,경상
2013060200100297,2013년 6월 2일 15시,일요일,충청남도 논산시 연산면,경상사고,0,0,2,0,차대차 - 측면직각충돌,안전운전불이행,건조,맑음,단일로 - 기타,승용,남,61세,경상,승용,남,46세,상해없음
2013060200100322,2013년 6월 2일 16시,일요일,충청남도 논산시 강산동,경상사고,0,0,1,0,차대차 - 측면직각충돌,기타,건조,맑음,교차로 - 교차로안,이륜,남,16세,경상,승용,남,53세,상해없음
2013060200100323,2013년 6월 2일 16시,일요일,충청남도 논산시 강경읍,중상사고,0,1,3,0,차대차 - 측면직각충돌,안전거리미확보,건조,맑음,단일로 - 기타,승용,남,50세,상해없음,승합,남,41세,경상
2013060200100324,2013년 6월 2일 16시,일요일,충청남도 청양군 정산면,중상사고,0,1,0,0,차대차 - 측면직각충돌,안전거리미확보,건조,맑음,교차로 - 교차로부근,이륜,남,45세,중상,승합,남,48세,상해없음
2013060200100394,2013년 6월 2일 18시,일요일,충청남도 천안시 서북구 입장면,경상사고,0,0,1,0,차대차 - 기타,안전운전불이행,건조,맑음,교차로 - 교차로안,승용,남,28세,상해없음,승용,남,40세,경상
2013060200100395,2013년 6월 2일 18시,일요일,충청남도 논산시 반월동,경상사고,0,0,1,0,차대차 - 추돌 - 주정차중,안전운전불이행,건조,맑음,단일로 - 기타,승용,남,46세,상해없음,승용,남,28세,경상
2013060200100455,2013년 6월 2일 20시,일요일,충청남도 금산군 추부면,경상사고,0,0,1,0,차대사람 - 차도통행중,안전운전불이행,건조,맑음,단일로 - 기타,승용,남,47세,상해없음,보행자,남,26세,경상
2013060200100490,2013년 6월 2일 21시,일요일,충청남도 보령시 청소면,경상사고,0,0,1,0,차대차 - 측면직각충돌,중앙선침범,건조,맑음,단일로 - 기타,승용,남,64세,상해없음,승용,남,31세,경상
2013060200100504,2013년 6월 2일 22시,일요일,충청남도 보령시 대천동,경상사고,0,0,1,0,차대차 - 측면직각충돌,직진우회전진행방해,건조,흐림,교차로 - 교차로안,자전거,남,44세,경상,승용,여,38세,상해없음
2013060200100527,2013년 6월 2일 23시,일요일,충청남도 태안군 남면,경상사고,0,0,2,0,차대차 - 기타,중앙선침범,기타,안개,교차로 - 교차로부근,승용,여,43세,상해없음,승용,남,46세,경상
2013060300100010,2013년 6월 3일 00시,월요일,충청남도 당진시 채운동,중상사고,0,1,2,0,차대차 - 추돌 - 진행중,안전운전불이행,건조,맑음,단일로 - 기타,승용,남,47세,상해없음,승용,남,26세,경상
2013060300100023,2013년 6월 3일 02시,월요일,충청남도 서산시 동문동,중상사고,0,1,1,0,차대차 - 기타,교차로운행방법위반,건조,맑음,교차로 - 교차로안,승용,남,60세,중상,승용,여,51세,경상
2013060300100024,2013년 6월 3일 02시,월요일,충청남도 서산시 석남동,경상사고,0,0,1,0,차대차 - 기타,안전운전불이행,건조,맑음,교차로 - 교차로안,승용,남,50세,상해없음,승용,남,73세,경상
2013060300100031,2013년 6월 3일 03시,월요일,충청남도 공주시 신관동,중상사고,0,1,0,0,차대차 - 측면직각충돌,신호위반,건조,맑음,교차로 - 교차로안,화물,남,30세,기타불명,승용,남,53세,중상
2013060300100111,2013년 6월 3일 08시,월요일,충청남도 공주시 정안면,중상사고,0,1,0,0,차대사람 - 기타,중앙선침범,건조,맑음,단일로 - 기타,농기계,남,79세,상해없음,보행자,여,80세,중상
2013060300100151,2013년 6월 3일 09시,월요일,충청남도 서산시 부석면,중상사고,0,1,0,0,차대차 - 정면충돌,기타,건조,맑음,교차로 - 교차로안,화물,남,73세,상해없음,이륜,남,77세,중상
2013060300100152,2013년 6월 3일 09시,월요일,충청남도 당진시 정미면,경상사고,0,0,1,0,차대차 - 추돌 - 진행중,안전운전불이행,건조,맑음,단일로 - 기타,화물,남,23세,상해없음,승용,여,37세,경상
2013060300100179,2013년 6월 3일 10시,월요일,충청남도 천안시 서북구 성정동,경상사고,0,0,1,0,차대차 - 측면직각충돌,신호위반,건조,맑음,교차로 - 교차로안,승용,남,54세,상해없음,원동기,남,70세,경상
2013060300100180,2013년 6월 3일 10시,월요일,충청남도 서천군 장항읍,중상사고,0,3,2,0,차대차 - 기타,기타,건조,맑음,교차로 - 교차로안,승용,여,53세,상해없음,승용,남,36세,경상
2013060300100206,2013년 6월 3일 11시,월요일,충청남도 태안군 태안읍,중상사고,0,1,1,0,차대차 - 측면직각충돌,신호위반,건조,맑음,교차로 - 교차로안,승용,남,51세,상해없음,승용,남,58세,중상
2013060300100207,2013년 6월 3일 11시,월요일,충청남도 천안시 서북구 쌍용동,경상사고,0,0,1,0,차대차 - 측면직각충돌,신호위반,건조,맑음,교차로 - 교차로안,건설기계,남,51세,상해없음,건설기계,남,56세,경상
2013060300100233,2013년 6월 3일 12시,월요일,충청남도 천안시 서북구 직산읍,경상사고,0,0,3,0,차대차 - 추돌 - 진행중,안전운전불이행,건조,맑음,교차로 - 교차로부근,화물,남,55세,상해없음,화물,남,48세,경상
2013060300100264,2013년 6월 3일 13시,월요일,충청남도 서산시 대산읍,경상사고,0,0,1,0,차대차 - 측면직각충돌,안전운전불이행,건조,맑음,단일로 - 기타,승용,남,51세,상해없음,승용,남,44세,경상
2013060300100289,2013년 6월 3일 14시,월요일,충청남도 서천군 서면,경상사고,0,0,1,0,차대차 - 추돌 - 진행중,안전거리미확보,건조,맑음,교차로 - 교차로부근,승용,남,84세,상해없음,승용,여,50세,경상
2013060300100319,2013년 6월 3일 15시,월요일,충청남도 천안시 서북구 불당동,중상사고,0,2,2,0,차대차 - 측면직각충돌,신호위반,건조,맑음,교차로 - 교차로안,승합,남,36세,상해없음,승용,남,55세,중상
2013060300100320,2013년 6월 3일 15시,월요일,충청남도 당진시 순성면,중상사고,0,1,2,0,차량단독 - 도로외이탈 - 추락,안전운전불이행,건조,맑음,단일로 - 기타,승용,남,71세,상해없음,,,,
2013060300100388,2013년 6월 3일 17시,월요일,충청남도 아산시 신창면,중상사고,0,2,0,0,차대차 - 정면충돌,중앙선침범,건조,맑음,기타 - 기타,승용,남,39세,상해없음,승용,남,43세,중상
2013060300100415,2013년 6월 3일 18시,월요일,충청남도 천안시 동남구 풍세면,경상사고,0,0,1,0,차대차 - 추돌 - 진행중,안전운전불이행,건조,맑음,단일로 - 기타,승용,남,52세,상해없음,승용,여,31세,경상
2013060300100450,2013년 6월 3일 19시,월요일,충청남도 태안군 태안읍,경상사고,0,0,1,0,차대차 - 측면직각충돌,중앙선침범,건조,맑음,단일로 - 기타,이륜,남,73세,상해없음,승용,남,42세,경상
2013060300100490,2013년 6월 3일 20시,월요일,충청남도 태안군 태안읍,중상사고,0,1,0,0,차대차 - 측면직각충돌,안전운전불이행,건조,맑음,단일로 - 기타,자전거,남,14세,중상,승용,남,55세,상해없음
2013060300100532,2013년 6월 3일 21시,월요일,충청남도 아산시 권곡동,경상사고,0,0,2,0,차대차 - 정면충돌,신호위반,건조,맑음,교차로 - 교차로안,화물,남,55세,상해없음,승용,남,27세,경상
2013060300100533,2013년 6월 3일 21시,월요일,충청남도 예산군 오가면,경상사고,0,0,2,0,차대차 - 기타,차로위반,건조,맑음,교차로 - 교차로부근,화물,남,72세,상해없음,승용,남,26세,경상
2013060300100534,2013년 6월 3일 21시,월요일,충청남도 당진시 대덕리,경상사고,0,0,1,0,차대차 - 정면충돌,안전운전불이행,건조,맑음,단일로 - 기타,승용,여,27세,상해없음,이륜,남,45세,경상
2013060300100564,2013년 6월 3일 22시,월요일,충청남도 서산시 동문동,중상사고,0,1,0,0,차대사람 - 횡단중,보행자보호의무위반,건조,맑음,단일로 - 기타,이륜,남,16세,상해없음,보행자,여,44세,중상
2013060300100565,2013년 6월 3일 22시,월요일,충청남도 천안시 서북구 성정동,경상사고,0,0,1,0,차대사람 - 기타,안전운전불이행,건조,맑음,단일로 - 기타,승합,남,54세,상해없음,보행자,여,22세,경상
2013060300100566,2013년 6월 3일 22시,월요일,충청남도 당진시 송악읍,경상사고,0,0,1,0,차대차 - 측면직각충돌,중앙선침범,건조,맑음,단일로 - 기타,승용,남,54세,기타불명,승용,남,30세,경상
2013060400100009,2013년 6월 4일 00시,화요일,충청남도 천안시 서북구 성정동,경상사고,0,0,1,0,차대차 - 기타,안전운전불이행,건조,맑음,단일로 - 기타,승용,남,33세,상해없음,승용,남,28세,경상
2013060400100010,2013년 6월 4일 00시,화요일,충청남도 아산시 배방읍,중상사고,0,1,1,0,차대차 - 정면충돌,중앙선침범,건조,맑음,교차로 - 교차로부근,승용,남,35세,상해없음,승용,남,56세,경상
2013060400100099,2013년 6월 4일 07시,화요일,충청남도 당진시 읍내리,경상사고,0,0,1,0,차대차 - 측면직각충돌,안전운전불이행,건조,맑음,단일로 - 기타,승용,남,37세,상해없음,이륜,남,43세,경상
2013060400100140,2013년 6월 4일 08시,화요일,충청남도 천안시 동남구 대흥동,중상사고,0,1,0,0,차대차 - 추돌 - 진행중,안전운전불이행,건조,맑음,교차로 - 교차로부근,승용,남,45세,기타불명,승용,남,32세,중상
2013060400100168,2013년 6월 4일 09시,화요일,충청남도 천안시 서북구 백석동,중상사고,0,1,0,0,차대사람 - 기타,안전운전불이행,건조,맑음,단일로 - 기타,승용,남,61세,상해없음,보행자,여,72세,중상
2013060400100169,2013년 6월 4일 09시,화요일,충청남도 천안시 동남구 용곡동,경상사고,0,0,2,0,차대차 - 추돌 - 진행중,안전운전불이행,건조,맑음,단일로 - 기타,승용,여,45세,상해없음,승용,남,30세,경상
2013060400100267,2013년 6월 4일 13시,화요일,충청남도 천안시 서북구 백석동,경상사고,0,0,1,0,차대차 - 측면직각충돌,안전운전불이행,건조,맑음,단일로 - 기타,이륜,남,47세,경상,승용,남,27세,상해없음
2013060400100268,2013년 6월 4일 13시,화요일,충청남도 당진시 채운동,경상사고,0,0,1,0,차대차 - 정면충돌,교차로운행방법위반,건조,맑음,교차로 - 교차로안,승용,남,79세,상해없음,승용,여,34세,경상
2013060400100315,2013년 6월 4일 15시,화요일,충청남도 천안시 서북구 성거읍,중상사고,0,1,0,0,차대차 - 측면직각충돌,안전거리미확보,건조,맑음,단일로 - 기타,이륜,남,82세,중상,승용,남,36세,상해없음
2013060400100342,2013년 6월 4일 16시,화요일,충청남도 보령시 남포면,중상사고,0,1,0,0,차대차 - 기타,안전운전불이행,건조,맑음,교차로 - 교차로부근,이륜,남,69세,상해없음,자전거,남,64세,중상
2013060400100386,2013년 6월 4일 17시,화요일,충청남도 논산시 채운면,중상사고,0,1,0,0,차량단독 - 공작물충돌,안전운전불이행,건조,맑음,단일로 - 기타,화물,남,60세,상해없음,,,,
2013060400100387,2013년 6월 4일 17시,화요일,충청남도 논산시 연무읍,부상신고사고,0,0,0,1,차량단독 - 기타,안전운전불이행,건조,맑음,단일로 - 기타,화물,남,22세,부상신고,,,,
2013060400100424,2013년 6월 4일 18시,화요일,충청남도 천안시 동남구 북면,경상사고,0,0,1,0,차대차 - 측면직각충돌,안전운전불이행,건조,맑음,단일로 - 기타,승용,남,28세,상해없음,화물,남,44세,경상
2013060400100488,2013년 6월 4일 20시,화요일,충청남도 서산시 동문동,중상사고,0,1,0,0,차대사람 - 횡단중,보행자보호의무위반,건조,맑음,교차로 - 교차로안,승용,남,37세,상해없음,보행자,여,21세,중상
2013060400100489,2013년 6월 4일 20시,화요일,충청남도 서천군 판교면,경상사고,0,0,1,0,차량단독 - 공작물충돌,안전운전불이행,건조,맑음,교차로 - 교차로안,이륜,남,56세,경상,,,,
2013060400100490,2013년 6월 4일 20시,화요일,충청남도 당진시 송산면,경상사고,0,0,1,0,차대차 - 측면직각충돌,안전운전불이행,건조,맑음,단일로 - 기타,승용,남,28세,상해없음,승합,남,49세,경상
2013060400100524,2013년 6월 4일 21시,화요일,충청남도 천안시 서북구 입장면,경상사고,0,0,1,0,차대차 - 측면직각충돌,안전운전불이행,건조,맑음,교차로 - 교차로안,승용,남,40세,상해없음,승용,여,30세,경상
2013060400100525,2013년 6월 4일 21시,화요일,충청남도 예산군 신암면,중상사고,0,1,0,0,차대차 - 추돌 - 진행중,안전운전불이행,건조,흐림,교차로 - 교차로안,승용,여,33세,상해없음,자전거,남,54세,중상
2013060400100550,2013년 6월 4일 22시,화요일,충청남도 천안시 서북구 두정동,경상사고,0,0,1,0,차대차 - 측면직각충돌,안전운전불이행,건조,맑음,교차로 - 교차로안,승용,남,47세,상해없음,이륜,남,18세,경상
2013060500100012,2013년 6월 5일 00시,수요일,충청남도 천안시 서북구 두정동,경상사고,0,0,1,0,차대차 - 측면직각충돌,차로위반,건조,맑음,교차로 - 교차로부근,승용,남,30세,상해없음,승용,남,47세,경상
2013060500100036,2013년 6월 5일 01시,수요일,충청남도 당진시 읍내리,사망사고,1,0,0,0,차대사람 - 기타,안전운전불이행,건조,맑음,교차로 - 교차로부근,승용,여,41세,상해없음,보행자,남,45세,사망
2013060500100037,2013년 6월 5일 01시,수요일,충청남도 당진시 신평면,중상사고,0,1,0,0,차대차 - 추돌 - 진행중,교차로운행방법위반,건조,맑음,교차로 - 교차로안,승용,남,47세,상해없음,승용,여,43세,중상
2013060500100038,2013년 6월 5일 01시,수요일,충청남도 당진시 읍내리,경상사고,0,0,1,0,차대사람 - 횡단중,안전운전불이행,건조,맑음,단일로 - 기타,승용,여,44세,상해없음,보행자,남,45세,경상
2013060500100052,2013년 6월 5일 02시,수요일,충청남도 천안시 서북구 두정동,경상사고,0,0,4,0,차대차 - 기타,안전운전불이행,건조,맑음,교차로 - 교차로부근,승용,남,28세,상해없음,이륜,남,22세,경상
2013060500100063,2013년 6월 5일 04시,수요일,충청남도 아산시 송악면,경상사고,0,0,2,0,차대차 - 측면직각충돌,교차로운행방법위반,건조,맑음,교차로 - 교차로안,승용,남,16세,상해없음,화물,남,60세,경상
2013060500100064,2013년 6월 5일 04시,수요일,충청남도 천안시 동남구 수신면,사망사고,1,2,0,0,차대차 - 추돌 - 진행중,안전운전불이행,건조,맑음,단일로 - 기타,화물,남,48세,상해없음,화물,남,51세,중상
2013060500100076,2013년 6월 5일 05시,수요일,충청남도 홍성군 광천읍,사망사고,1,1,0,0,차대차 - 측면직각충돌,신호위반,건조,맑음,교차로 - 교차로안,화물,남,68세,사망,화물,남,49세,중상
2013060500100096,2013년 6월 5일 06시,수요일,충청남도 홍성군 광천읍,경상사고,0,0,1,0,차대차 - 추돌 - 진행중,안전운전불이행,건조,맑음,단일로 - 기타,승합,여,50세,상해없음,농기계,남,83세,경상
2013060500100116,2013년 6월 5일 07시,수요일,충청남도 논산시 취암동,중상사고,0,1,0,0,차대차 - 측면직각충돌,불법유턴,건조,맑음,단일로 - 기타,승용,남,56세,상해없음,이륜,남,79세,중상
2013060500100148,2013년 6월 5일 08시,수요일,충청남도 홍성군 금마면,중상사고,0,1,0,0,차대차 - 측면직각충돌,교차로운행방법위반,건조,맑음,교차로 - 교차로안,화물,남,37세,상해없음,승용,남,83세,중상
2013060500100203,2013년 6월 5일 10시,수요일,충청남도 서산시 고북면,중상사고,0,1,0,0,차대차 - 측면직각충돌,신호위반,건조,맑음,교차로 - 교차로안,화물,남,47세,상해없음,화물,남,66세,중상
2013060500100204,2013년 6월 5일 10시,수요일,충청남도 아산시 인주면,경상사고,0,0,2,0,차대차 - 추돌 - 진행중,안전운전불이행,건조,맑음,기타 - 기타,승용,여,22세,상해없음,농기계,남,73세,경상
2013060500100205,2013년 6월 5일 10시,수요일,충청남도 서천군 마서면,중상사고,0,1,0,0,차대차 - 기타,직진우회전진행방해,건조,맑음,교차로 - 교차로부근,승용,여,51세,상해없음,이륜,남,76세,중상
2013060500100206,2013년 6월 5일 10시,수요일,충청남도 예산군 대흥면,중상사고,0,1,0,0,차대차 - 기타,안전운전불이행,건조,맑음,교차로 - 교차로안,이륜,남,77세,상해없음,원동기,여,64세,중상
2013060500100224,2013년 6월 5일 11시,수요일,충청남도 태안군 안면읍,중상사고,0,1,0,0,차대차 - 정면충돌,안전운전불이행,건조,맑음,교차로 - 교차로안,승용,여,31세,상해없음,원동기,남,78세,중상
2013060500100275,2013년 6월 5일 13시,수요일,충청남도 아산시 배방읍,경상사고,0,0,1,0,차대차 - 기타,안전운전불이행,건조,맑음,교차로 - 교차로부근,원동기,남,17세,상해없음,승용,여,30세,경상
2013060500100276,2013년 6월 5일 13시,수요일,충청남도 당진시 송산면,중상사고,0,1,0,0,차대차 - 기타,안전운전불이행,건조,맑음,단일로 - 기타,화물,남,48세,상해없음,이륜,남,47세,중상
2013060500100303,2013년 6월 5일 14시,수요일,충청남도 예산군 오가면,중상사고,0,2,1,0,차대차 - 측면직각충돌,직진우회전진행방해,습기,맑음,교차로 - 교차로안,화물,남,42세,중상,건설기계,남,49세,경상
2013060500100356,2013년 6월 5일 16시,수요일,충청남도 천안시 동남구 신부동,경상사고,0,0,1,0,차대차 - 측면직각충돌,교차로운행방법위반,건조,맑음,교차로 - 교차로안,승용,남,49세,상해없음,화물,남,33세,경상
2013060500100385,2013년 6월 5일 17시,수요일,충청남도 아산시 온천동,중상사고,0,1,0,0,차대사람 - 횡단중,안전운전불이행,건조,맑음,교차로 - 교차로부근,승합,여,52세,상해없음,보행자,남,11세,중상
2013060500100386,2013년 6월 5일 17시,수요일,충청남도 보령시 남곡동,중상사고,0,1,1,0,차대차 - 추돌 - 주정차중,안전운전불이행,건조,맑음,교차로 - 교차로부근,화물,남,51세,상해없음,승용,여,40세,중상
2013060500100387,2013년 6월 5일 17시,수요일,충청남도 예산군 신암면,경상사고,0,0,1,0,차대사람 - 횡단중,보행자보호의무위반,건조,맑음,단일로 - 기타,승용,여,40세,상해없음,보행자,여,42세,경상
2013060500100426,2013년 6월 5일 18시,수요일,충청남도 논산시 취암동,경상사고,0,0,1,0,차대차 - 측면직각충돌,신호위반,건조,맑음,교차로 - 교차로안,기타불명,기타불명,기타불명,기타불명,승용,여,50세,경상
2013060500100427,2013년 6월 5일 18시,수요일,충청남도 아산시 음봉면,경상사고,0,0,1,0,차대차 - 추돌 - 주정차중,안전운전불이행,건조,맑음,교차로 - 교차로부근,승합,남,64세,상해없음,승용,남,26세,경상
2013060500100428,2013년 6월 5일 18시,수요일,충청남도 당진시 신평면,경상사고,0,0,3,0,차대차 - 기타,안전운전불이행,건조,맑음,단일로 - 기타,화물,남,59세,상해없음,승용,남,36세,경상
2013060500100455,2013년 6월 5일 19시,수요일,충청남도 홍성군 홍동면,중상사고,0,1,0,0,차대차 - 측면직각충돌,안전운전불이행,건조,맑음,단일로 - 기타,승용,남,32세,상해없음,승용,여,41세,중상
2013060500100456,2013년 6월 5일 19시,수요일,충청남도 천안시 동남구 안서동,경상사고,0,0,2,0,차대차 - 추돌 - 주정차중,안전운전불이행,건조,맑음,교차로 - 교차로부근,승용,남,39세,상해없음,승용,남,32세,경상
2013060500100496,2013년 6월 5일 20시,수요일,충청남도 천안시 서북구 두정동,경상사고,0,0,1,0,차대차 - 기타,안전운전불이행,건조,맑음,단일로 - 기타,승합,남,32세,상해없음,원동기,남,32세,경상
2013060500100497,2013년 6월 5일 20시,수요일,충청남도 논산시 가야곡면,경상사고,0,0,1,0,차대차 - 기타,중앙선침범,건조,맑음,단일로 - 기타,승용,여,48세,경상,농기계,남,73세,상해없음
2013060500100534,2013년 6월 5일 21시,수요일,충청남도 홍성군 홍성읍,경상사고,0,0,2,0,차대차 - 측면직각충돌,안전운전불이행,건조,맑음,교차로 - 교차로안,화물,남,57세,상해없음,승용,여,36세,경상
2013060500100535,2013년 6월 5일 21시,수요일,충청남도 천안시 동남구 원성동,경상사고,0,0,2,0,차대차 - 추돌 - 진행중,안전운전불이행,건조,맑음,교차로 - 교차로부근,승용,남,29세,상해없음,승용,남,46세,경상
2013060600100014,2013년 6월 6일 00시,목요일,충청남도 홍성군 갈산면,중상사고,0,1,0,0,차량단독 - 기타,안전운전불이행,건조,맑음,단일로 - 기타,화물,남,43세,상해없음,,,,
2013060600100053,2013년 6월 6일 02시,목요일,충청남도 서산시 동문동,경상사고,0,0,1,0,차대차 - 추돌 - 주정차중,안전운전불이행,건조,맑음,단일로 - 기타,승용,남,51세,상해없음,승용,여,49세,경상
2013060600100066,2013년 6월 6일 03시,목요일,충청남도 천안시 서북구 두정동,중상사고,0,2,5,0,차대차 - 측면직각충돌,안전운전불이행,건조,맑음,교차로 - 교차로안,승용,남,46세,중상,승용,남,53세,경상
2013060600100084,2013년 6월 6일 04시,목요일,충청남도 천안시 동남구 목천읍,경상사고,0,0,1,1,차대차 - 추돌 - 주정차중,안전운전불이행,건조,맑음,단일로 - 기타,승용,남,30세,부상신고,승합,남,59세,경상
2013060600100114,2013년 6월 6일 06시,목요일,충청남도 청양군 운곡면,중상사고,0,1,0,0,차대차 - 측면직각충돌,과속,건조,맑음,단일로 - 기타,화물,남,47세,상해없음,농기계,남,74세,중상
2013060600100127,2013년 6월 6일 07시,목요일,충청남도 논산시 내동,경상사고,0,0,1,0,차대차 - 추돌 - 주정차중,안전운전불이행,건조,맑음,단일로 - 기타,화물,남,65세,상해없음,승용,남,40세,경상
2013060600100128,2013년 6월 6일 07시,목요일,충청남도 아산시 배방읍,경상사고,0,0,1,0,차대차 - 추돌 - 주정차중,안전운전불이행,건조,맑음,교차로 - 교차로부근,승용,남,23세,상해없음,승용,남,49세,경상
2013060600100129,2013년 6월 6일 07시,목요일,충청남도 당진시 합덕읍,중상사고,0,1,0,0,차대차 - 측면직각충돌,교차로운행방법위반,건조,맑음,교차로 - 교차로안,승합,남,40세,상해없음,이륜,남,71세,중상
2013060600100130,2013년 6월 6일 07시,목요일,충청남도 청양군 청양읍,사망사고,1,0,0,0,차대차 - 측면직각충돌,직진우회전진행방해,건조,맑음,교차로 - 교차로안,화물,남,55세,상해없음,자전거,남,72세,사망
2013060600100150,2013년 6월 6일 08시,목요일,충청남도 예산군 덕산면,경상사고,0,0,1,0,차대차 - 추돌 - 진행중,안전운전불이행,건조,맑음,교차로 - 교차로부근,이륜,남,70세,경상,승용,여,46세,상해없음
2013060600100168,2013년 6월 6일 09시,목요일,충청남도 태안군 근흥면,중상사고,0,1,0,0,차대차 - 추돌 - 진행중,기타,건조,맑음,교차로 - 교차로안,이륜,남,76세,중상,농기계,남,43세,상해없음
2013060600100196,2013년 6월 6일 10시,목요일,충청남도 홍성군 홍성읍,중상사고,0,1,0,0,차대사람 - 길가장자리구역통행중,안전운전불이행,건조,맑음,단일로 - 기타,승용,여,73세,상해없음,보행자,여,71세,중상
2013060600100197,2013년 6월 6일 10시,목요일,충청남도 청양군 대치면,중상사고,0,1,0,0,차대차 - 측면직각충돌,직진우회전진행방해,건조,맑음,교차로 - 교차로안,농기계,여,70세,중상,승용,남,44세,상해없음
2013060600100222,2013년 6월 6일 11시,목요일,충청남도 천안시 서북구 두정동,경상사고,0,0,1,0,차대차 - 기타,안전운전불이행,건조,맑음,교차로 - 교차로안,승용,남,36세,상해없음,원동기,남,42세,경상
2013060600100223,2013년 6월 6일 11시,목요일,충청남도 예산군 예산읍,중상사고,0,1,5,0,차대차 - 측면직각충돌,신호위반,건조,맑음,교차로 - 교차로안,승용,남,72세,상해없음,승용,여,35세,경상
2013060600100224,2013년 6월 6일 11시,목요일,충청남도 부여군 내산면,중상사고,0,2,0,0,차대차 - 추돌 - 진행중,안전운전불이행,건조,맑음,단일로 - 기타,승용,남,74세,상해없음,이륜,남,47세,중상
2013060600100275,2013년 6월 6일 13시,목요일,충청남도 서천군 기산면,중상사고,0,1,2,0,차대차 - 기타,직진우회전진행방해,건조,맑음,교차로 - 교차로안,화물,남,71세,경상,승용,남,57세,경상
2013060600100276,2013년 6월 6일 13시,목요일,충청남도 부여군 홍산면,중상사고,0,1,0,0,차대차 - 기타,안전운전불이행,건조,맑음,교차로 - 교차로부근,화물,남,27세,상해없음,자전거,남,59세,중상
2013060600100304,2013년 6월 6일 14시,목요일,충청남도 공주시 사곡면,경상사고,0,0,2,0,차대차 - 정면충돌,교차로운행방법위반,건조,맑음,교차로 - 교차로안,승용,여,31세,상해없음,승용,여,44세,경상
2013060600100342,2013년 6월 6일 15시,목요일,충청남도 천안시 동남구 삼룡동,경상사고,0,0,1,0,차대차 - 추돌 - 진행중,안전거리미확보,건조,맑음,교차로 - 교차로부근,승용,남,50세,상해없음,승용,여,39세,경상
2013060600100390,2013년 6월 6일 17시,목요일,충청남도 천안시 서북구 성거읍,중상사고,0,2,1,0,차대차 - 추돌 - 진행중,안전운전불이행,건조,맑음,단일로 - 기타,승용,여,48세,상해없음,승용,여,54세,중상
2013060600100422,2013년 6월 6일 18시,목요일,충청남도 논산시 양촌면,경상사고,0,0,1,0,차대사람 - 기타,안전운전불이행,건조,맑음,기타 - 기타,승용,남,29세,상해없음,보행자,여,43세,경상
2013060600100446,2013년 6월 6일 19시,목요일,충청남도 천안시 동남구 신부동,경상사고,0,0,1,0,차대사람 - 기타,안전운전불이행,건조,맑음,단일로 - 기타,기타불명,기타불명,기타불명,기타불명,보행자,남,58세,경상
2013060600100472,2013년 6월 6일 20시,목요일,충청남도 천안시 동남구 봉명동,사망사고,1,0,0,0,차대사람 - 횡단중,안전운전불이행,건조,맑음,단일로 - 기타,화물,남,55세,상해없음,보행자,남,74세,사망
2013060600100509,2013년 6월 6일 21시,목요일,충청남도 부여군 부여읍,중상사고,0,1,1,0,차대차 - 측면직각충돌,신호위반,건조,맑음,교차로 - 교차로안,승용,여,23세,중상,승용,남,46세,경상
2013060600100510,2013년 6월 6일 21시,목요일,충청남도 논산시 연무읍,중상사고,0,1,1,0,차대차 - 측면직각충돌,안전거리미확보,건조,맑음,단일로 - 기타,화물,남,57세,상해없음,승용,남,31세,경상
2013060700100044,2013년 6월 7일 04시,금요일,충청남도 천안시 서북구 입장면,경상사고,0,0,1,0,차대차 - 측면직각충돌,신호위반,건조,맑음,교차로 - 교차로안,승합,남,31세,상해없음,승용,여,24세,경상
2013060700100084,2013년 6월 7일 07시,금요일,충청남도 서천군 서면,중상사고,0,1,0,0,차량단독 - 전도전복,안전운전불이행,건조,맑음,기타 - 기타,이륜,남,71세,중상,,,,
2013060700100112,2013년 6월 7일 08시,금요일,충청남도 서산시 동문동,중상사고,0,1,0,0,차대차 - 추돌 - 진행중,안전운전불이행,건조,맑음,교차로 - 교차로부근,승용,남,84세,상해없음,자전거,남,80세,중상
2013060700100113,2013년 6월 7일 08시,금요일,충청남도 서산시 수석동,중상사고,0,1,0,0,차대차 - 측면직각충돌,안전운전불이행,건조,맑음,교차로 - 교차로안,이륜,여,61세,상해없음,승용,여,25세,중상