사고번호,사고일시,요일,시군구,사고내용,사망자수,중상자수,경상자수,부상신고자수,사고유형,법규위반,노면상태,기상상태,도로형태,가해운전자 차종,가해운전자 성별,가해운전자 연령,가해운전자 상해정도,피해운전자 차종,피해운전자 성별,피해운전자 연령,피해운전자 상해정도
2013060700100114,2013년 6월 7일 08시,금요일,충청남도 논산시 상월면,중상사고,0,1,0,0,차대차 - 측면직각충돌,안전운전불이행,건조,맑음,단일로 - 기타,승용,남,23세,상해없음,이륜,남,68세,중상
2013060700100215,2013년 6월 7일 11시,금요일,충청남도 보령시 동대동,중상사고,0,1,0,0,차대사람 - 기타,안전운전불이행,건조,맑음,교차로 - 교차로부근,승용,남,29세,상해없음,보행자,남,72세,중상
2013060700100238,2013년 6월 7일 12시,금요일,충청남도 공주시 신관동,중상사고,0,1,0,0,차대차 - 측면직각충돌,신호위반,건조,맑음,교차로 - 교차로안,화물,남,68세,기타불명,승용,여,55세,중상
2013060700100263,2013년 6월 7일 13시,금요일,충청남도 천안시 서북구 성정동,경상사고,0,0,1,0,차대차 - 기타,안전운전불이행,건조,맑음,단일로 - 기타,승용,남,72세,상해없음,승용,여,33세,기타불명
2013060700100305,2013년 6월 7일 14시,금요일,충청남도 아산시 인주면,중상사고,0,1,0,0,차대사람 - 기타,안전운전불이행,건조,맑음,기타 - 기타,승용,남,53세,상해없음,보행자,여,75세,중상
2013060700100338,2013년 6월 7일 15시,금요일,충청남도 서산시 동문동,경상사고,0,0,1,0,차대차 - 추돌 - 주정차중,안전운전불이행,건조,맑음,단일로 - 기타,화물,남,52세,경상,승용,남,52세,상해없음
2013060700100339,2013년 6월 7일 15시,금요일,충청남도 천안시 동남구 영성동,중상사고,0,1,0,0,차대차 - 기타,교차로운행방법위반,건조,맑음,교차로 - 교차로안,승용,여,58세,상해없음,자전거,남,13세,중상
2013060700100408,2013년 6월 7일 17시,금요일,충청남도 홍성군 홍성읍,경상사고,0,0,1,0,차대사람 - 횡단중,보행자보호의무위반,건조,맑음,단일로 - 횡단보도상,승용,남,64세,상해없음,보행자,여,14세,경상
2013060700100409,2013년 6월 7일 17시,금요일,충청남도 청양군 정산면,경상사고,0,0,1,0,차대차 - 추돌 - 주정차중,안전운전불이행,건조,맑음,단일로 - 기타,화물,남,35세,상해없음,승용,남,60세,경상
2013060700100451,2013년 6월 7일 18시,금요일,충청남도 논산시 취암동,중상사고,0,1,0,0,차대차 - 측면직각충돌,직진우회전진행방해,건조,맑음,교차로 - 교차로안,이륜,남,42세,중상,승용,남,46세,상해없음
2013060700100452,2013년 6월 7일 18시,금요일,충청남도 공주시 이인면,경상사고,0,0,1,0,차대차 - 측면직각충돌,교차로운행방법위반,건조,맑음,교차로 - 교차로안,승용,여,26세,기타불명,승용,여,46세,경상
2013060700100495,2013년 6월 7일 19시,금요일,충청남도 공주시 이인면,중상사고,0,1,0,0,차대차 - 정면충돌,안전운전불이행,건조,맑음,교차로 - 교차로부근,이륜,남,59세,상해없음,이륜,여,50세,중상
2013060700100496,2013년 6월 7일 19시,금요일,충청남도 당진시 읍내리,경상사고,0,0,1,0,차대차 - 측면직각충돌,교차로운행방법위반,건조,맑음,교차로 - 교차로안,승용,여,50세,상해없음,승용,남,27세,상해없음
2013060700100580,2013년 6월 7일 21시,금요일,충청남도 공주시 사곡면,중상사고,0,1,1,0,차대차 - 정면충돌,중앙선침범,건조,맑음,단일로 - 기타,이륜,남,71세,기타불명,승용,남,57세,경상
2013060700100581,2013년 6월 7일 21시,금요일,충청남도 예산군 예산읍,중상사고,0,3,2,0,차대사람 - 기타,중앙선침범,건조,맑음,단일로 - 기타,승용,여,25세,상해없음,보행자,여,39세,중상
2013060700100582,2013년 6월 7일 21시,금요일,충청남도 금산군 금산읍,경상사고,0,0,1,0,차대사람 - 횡단중,안전운전불이행,건조,맑음,교차로 - 교차로안,승합,남,52세,상해없음,보행자,여,34세,경상
2013060700100619,2013년 6월 7일 22시,금요일,충청남도 논산시 광석면,경상사고,0,0,1,0,차대차 - 측면직각충돌,중앙선침범,건조,맑음,단일로 - 기타,승용,남,58세,상해없음,승용,남,29세,경상
2013060700100645,2013년 6월 7일 23시,금요일,충청남도 태안군 남면,중상사고,0,2,2,0,차대차 - 측면직각충돌,안전운전불이행,건조,맑음,교차로 - 교차로안,화물,남,48세,중상,승용,남,34세,경상
2013060700100646,2013년 6월 7일 23시,금요일,충청남도 논산시 부적면,경상사고,0,0,2,0,차대차 - 측면직각충돌,신호위반,건조,맑음,교차로 - 교차로안,승용,남,55세,경상,승용,남,46세,경상
2013060800100040,2013년 6월 8일 01시,토요일,충청남도 당진시 읍내리,중상사고,0,1,0,0,차대차 - 기타,교차로운행방법위반,건조,맑음,교차로 - 교차로안,승용,여,44세,상해없음,승용,남,34세,상해없음
2013060800100041,2013년 6월 8일 01시,토요일,충청남도 천안시 동남구 유량동,경상사고,0,0,1,0,차대차 - 측면직각충돌,신호위반,건조,맑음,교차로 - 교차로안,화물,남,62세,상해없음,승용,남,32세,경상
2013060800100089,2013년 6월 8일 04시,토요일,충청남도 보령시 동대동,중상사고,0,1,0,0,차대사람 - 횡단중,안전운전불이행,건조,맑음,단일로 - 기타,승용,남,46세,상해없음,보행자,남,53세,중상
2013060800100141,2013년 6월 8일 07시,토요일,충청남도 공주시 신관동,중상사고,0,2,0,0,차대차 - 측면직각충돌,신호위반,건조,맑음,교차로 - 교차로안,승용,남,70세,기타불명,승용,남,52세,중상
2013060800100160,2013년 6월 8일 08시,토요일,충청남도 당진시 우강면,중상사고,0,1,0,0,차대차 - 기타,중앙선침범,건조,맑음,단일로 - 기타,화물,남,44세,상해없음,이륜,여,62세,중상
2013060800100161,2013년 6월 8일 08시,토요일,충청남도 천안시 동남구 청당동,중상사고,0,1,0,0,차대사람 - 기타,안전운전불이행,건조,맑음,단일로 - 기타,화물,남,36세,상해없음,보행자,여,71세,중상
2013060800100217,2013년 6월 8일 10시,토요일,충청남도 홍성군 홍북면,경상사고,0,0,1,0,차대사람 - 기타,안전운전불이행,건조,맑음,기타 - 기타,화물,남,52세,상해없음,보행자,남,77세,경상
2013060800100218,2013년 6월 8일 10시,토요일,충청남도 아산시 온천동,중상사고,0,1,0,0,차대차 - 기타,교차로운행방법위반,건조,맑음,교차로 - 교차로안,승용,여,39세,상해없음,자전거,여,10세,중상
2013060800100277,2013년 6월 8일 12시,토요일,충청남도 서천군 한산면,중상사고,0,1,0,1,차대차 - 기타,중앙선침범,건조,맑음,단일로 - 기타,승용,남,42세,부상신고,화물,남,58세,중상
2013060800100351,2013년 6월 8일 14시,토요일,충청남도 천안시 서북구 성정동,중상사고,0,1,0,0,차대차 - 측면직각충돌,직진우회전진행방해,건조,맑음,교차로 - 교차로안,승용,남,63세,상해없음,승용,여,63세,중상
2013060800100352,2013년 6월 8일 14시,토요일,충청남도 부여군 규암면,중상사고,0,1,0,0,차대사람 - 횡단중,보행자보호의무위반,건조,맑음,단일로 - 횡단보도상,승용,남,39세,상해없음,보행자,여,6세,중상
2013060800100353,2013년 6월 8일 14시,토요일,충청남도 당진시 송악읍,중상사고,0,1,0,0,차대차 - 정면충돌,중앙선침범,건조,맑음,단일로 - 기타,승용,남,67세,상해없음,승용,남,33세,중상
2013060800100404,2013년 6월 8일 16시,토요일,충청남도 서산시 대산읍,중상사고,0,1,0,0,차대차 - 기타,안전거리미확보,건조,맑음,단일로 - 기타,승용,여,40세,상해없음,승합,남,42세,중상
2013060800100405,2013년 6월 8일 16시,토요일,충청남도 금산군 금성면,경상사고,0,0,1,0,차대사람 - 기타,안전운전불이행,건조,맑음,단일로 - 기타,화물,남,39세,상해없음,보행자,남,48세,경상
2013060800100439,2013년 6월 8일 17시,토요일,충청남도 서산시 양대동,중상사고,0,1,0,0,차대차 - 측면직각충돌,직진우회전진행방해,건조,맑음,교차로 - 교차로안,화물,남,48세,상해없음,이륜,여,54세,중상
2013060800100462,2013년 6월 8일 18시,토요일,충청남도 당진시 송악읍,경상사고,0,0,2,0,차대차 - 추돌 - 진행중,안전거리미확보,건조,맑음,단일로 - 기타,승용,여,42세,상해없음,승용,남,47세,경상
2013060800100485,2013년 6월 8일 19시,토요일,충청남도 예산군 덕산면,중상사고,0,1,1,0,차대차 - 측면직각충돌,직진우회전진행방해,건조,맑음,교차로 - 교차로안,승용,남,25세,상해없음,승용,여,45세,중상
2013060800100509,2013년 6월 8일 20시,토요일,충청남도 아산시 모종동,중상사고,0,1,0,0,차대사람 - 횡단중,안전운전불이행,건조,맑음,단일로 - 횡단보도부근,승용,남,42세,상해없음,보행자,남,3세,중상
2013060800100510,2013년 6월 8일 20시,토요일,충청남도 서천군 기산면,경상사고,0,0,1,0,차량단독 - 공작물충돌,안전운전불이행,건조,맑음,단일로 - 기타,이륜,남,63세,경상,,,,
2013060800100545,2013년 6월 8일 21시,토요일,충청남도 아산시 음봉면,경상사고,0,0,1,0,차대사람 - 기타,안전운전불이행,건조,맑음,기타 - 기타,승용,기타불명,기타불명,기타불명,보행자,여,58세,경상
2013060800100592,2013년 6월 8일 23시,토요일,충청남도 홍성군 홍성읍,중상사고,0,1,0,0,차대차 - 측면직각충돌,신호위반,건조,맑음,교차로 - 교차로안,승용,남,31세,상해없음,이륜,남,17세,중상
2013060800100593,2013년 6월 8일 23시,토요일,충청남도 천안시 동남구 신부동,경상사고,0,0,4,0,차대차 - 측면직각충돌,안전운전불이행,건조,맑음,교차로 - 교차로부근,승용,남,24세,상해없음,승용,남,24세,경상
2013060900100030,2013년 6월 9일 01시,일요일,충청남도 천안시 서북구 성정동,경상사고,0,0,3,0,차대차 - 기타,안전운전불이행,건조,맑음,교차로 - 교차로안,승용,남,24세,상해없음,승용,남,38세,경상
2013060900100031,2013년 6월 9일 01시,일요일,충청남도 예산군 예산읍,경상사고,0,0,1,0,차대사람 - 기타,안전운전불이행,건조,맑음,기타 - 기타,승합,남,23세,상해없음,보행자,남,47세,경상
2013060900100095,2013년 6월 9일 06시,일요일,충청남도 당진시 구룡리,중상사고,0,1,0,1,차대차 - 정면충돌,중앙선침범,건조,맑음,단일로 - 기타,승용,여,58세,부상신고,승용,남,64세,중상
2013060900100096,2013년 6월 9일 06시,일요일,충청남도 서산시 운산면,중상사고,0,1,0,0,차대차 - 추돌 - 진행중,안전운전불이행,건조,맑음,단일로 - 기타,승용,남,28세,상해없음,화물,남,61세,중상
2013060900100122,2013년 6월 9일 08시,일요일,충청남도 부여군 부여읍,경상사고,0,0,2,0,차대차 - 측면직각충돌,직진우회전진행방해,건조,맑음,교차로 - 교차로안,승용,남,48세,경상,승용,여,51세,경상
2013060900100166,2013년 6월 9일 10시,일요일,충청남도 서천군 마서면,경상사고,0,0,1,1,차대차 - 기타,안전거리미확보,건조,맑음,교차로 - 교차로부근,이륜,남,32세,부상신고,이륜,남,32세,경상
2013060900100187,2013년 6월 9일 11시,일요일,충청남도 천안시 서북구 성환읍,부상신고사고,0,0,0,1,차대차 - 측면직각충돌,교차로운행방법위반,건조,맑음,교차로 - 교차로안,이륜,남,41세,부상신고,화물,남,43세,상해없음
2013060900100188,2013년 6월 9일 11시,일요일,충청남도 부여군 석성면,중상사고,0,1,0,0,차대차 - 기타,직진우회전진행방해,건조,맑음,교차로 - 교차로안,이륜,남,78세,중상,승용,여,43세,상해없음
2013060900100232,2013년 6월 9일 13시,일요일,충청남도 당진시 합덕읍,중상사고,0,2,0,0,차대차 - 정면충돌,신호위반,건조,맑음,교차로 - 교차로안,승용,여,41세,중상,승합,남,49세,상해없음
2013060900100257,2013년 6월 9일 14시,일요일,충청남도 보령시 신흑동,경상사고,0,0,1,0,차대차 - 측면직각충돌,불법유턴,건조,맑음,교차로 - 교차로부근,화물,남,53세,상해없음,승용,남,41세,상해없음
2013060900100258,2013년 6월 9일 14시,일요일,충청남도 금산군 금산읍,중상사고,0,1,0,0,차대차 - 측면직각충돌,교차로운행방법위반,건조,맑음,교차로 - 교차로안,화물,남,49세,상해없음,이륜,여,56세,중상
2013060900100279,2013년 6월 9일 15시,일요일,충청남도 아산시 배방읍,경상사고,0,0,1,0,차대차 - 기타,안전운전불이행,건조,맑음,교차로 - 교차로안,승용,남,72세,상해없음,승용,남,33세,경상
2013060900100302,2013년 6월 9일 16시,일요일,충청남도 논산시 취암동,중상사고,0,1,0,0,차대사람 - 기타,안전운전불이행,건조,맑음,단일로 - 기타,승용,남,20세,상해없음,보행자,여,51세,중상
2013060900100303,2013년 6월 9일 16시,일요일,충청남도 서천군 서천읍,경상사고,0,0,1,0,차대차 - 기타,직진우회전진행방해,건조,맑음,교차로 - 교차로안,화물,남,46세,상해없음,승용,여,53세,경상
2013060900100332,2013년 6월 9일 17시,일요일,충청남도 공주시 산성동,경상사고,0,0,1,0,차대차 - 추돌 - 주정차중,안전운전불이행,건조,맑음,단일로 - 기타,승용,남,55세,상해없음,승용,남,48세,경상
2013060900100333,2013년 6월 9일 17시,일요일,충청남도 예산군 예산읍,경상사고,0,0,3,0,차대차 - 추돌 - 주정차중,안전거리미확보,건조,맑음,단일로 - 기타,승용,여,48세,경상,승합,남,28세,경상
2013060900100334,2013년 6월 9일 17시,일요일,충청남도 부여군 석성면,경상사고,0,0,1,0,차대사람 - 기타,안전운전불이행,건조,맑음,단일로 - 기타,승용,기타불명,기타불명,기타불명,보행자,남,3세,경상
2013060900100423,2013년 6월 9일 20시,일요일,충청남도 서산시 지곡면,사망사고,1,1,3,0,차대차 - 추돌 - 주정차중,안전운전불이행,건조,맑음,교차로 - 교차로부근,승용,여,51세,사망,승용,남,29세,경상
2013060900100424,2013년 6월 9일 20시,일요일,충청남도 예산군 광시면,중상사고,0,1,0,0,차대차 - 측면직각충돌,직진우회전진행방해,건조,맑음,교차로 - 교차로안,승용,남,52세,기타불명,승용,남,28세,중상
2013060900100446,2013년 6월 9일 21시,일요일,충청남도 당진시 채운동,경상사고,0,0,1,0,차대차 - 추돌 - 진행중,중앙선침범,건조,맑음,단일로 - 기타,화물,남,55세,상해없음,승합,남,57세,상해없음
2013060900100470,2013년 6월 9일 22시,일요일,충청남도 태안군 태안읍,중상사고,0,1,0,0,차량단독 - 공작물충돌,안전운전불이행,건조,맑음,단일로 - 기타,승용,여,51세,중상,,,,
2013060900100471,2013년 6월 9일 22시,일요일,충청남도 서산시 동문동,경상사고,0,0,3,0,차대차 - 측면직각충돌,교차로운행방법위반,건조,맑음,교차로 - 교차로안,승용,남,23세,상해없음,승용,남,19세,경상
2013060900100472,2013년 6월 9일 22시,일요일,충청남도 천안시 동남구 신방동,경상사고,0,0,1,0,차대차 - 추돌 - 주정차중,안전거리미확보,건조,맑음,교차로 - 교차로안,승용,남,45세,상해없음,승용,남,62세,경상
2013060900100473,2013년 6월 9일 22시,일요일,충청남도 부여군 남면,경상사고,0,0,1,0,차대차 - 기타,안전운전불이행,건조,맑음,단일로 - 기타,승용,남,32세,상해없음,화물,남,66세,상해없음
2013060900100502,2013년 6월 9일 23시,일요일,충청남도 천안시 서북구 직산읍,경상사고,0,0,3,0,차대차 - 기타,안전거리미확보,건조,맑음,교차로 - 교차로부근,승용,남,57세,상해없음,승용,여,20세,경상
2013060900100503,2013년 6월 9일 23시,일요일,충청남도 보령시 신흑동,경상사고,0,0,2,0,차대차 - 추돌 - 진행중,안전거리미확보,건조,맑음,교차로 - 교차로안,승합,남,27세,상해없음,승용,남,27세,경상
2013061000100075,2013년 6월 10일 06시,월요일,충청남도 당진시 신평면,경상사고,0,0,1,0,차대차 - 추돌 - 진행중,기타,건조,맑음,단일로 - 기타,특수,남,34세,상해없음,승용,남,51세,경상
2013061000100076,2013년 6월 10일 06시,월요일,충청남도 천안시 동남구 신방동,경상사고,0,0,2,0,차대차 - 추돌 - 진행중,안전거리미확보,건조,맑음,기타 - 기타,화물,남,48세,경상,승용,남,31세,경상
2013061000100097,2013년 6월 10일 07시,월요일,충청남도 당진시 신평면,경상사고,0,0,2,0,차대차 - 측면직각충돌,교차로운행방법위반,건조,맑음,교차로 - 교차로안,승용,남,28세,상해없음,승용,남,24세,경상
2013061000100153,2013년 6월 10일 08시,월요일,충청남도 서산시 동문동,부상신고사고,0,0,0,1,차대차 - 기타,안전운전불이행,건조,맑음,교차로 - 교차로안,승용,여,36세,상해없음,자전거,남,43세,부상신고
2013061000100154,2013년 6월 10일 08시,월요일,충청남도 계룡시 엄사면,중상사고,0,1,1,0,차대차 - 정면충돌,중앙선침범,건조,맑음,단일로 - 기타,승용,여,39세,상해없음,승용,남,35세,경상
2013061000100155,2013년 6월 10일 08시,월요일,충청남도 논산시 광석면,중상사고,0,2,0,0,차대차 - 측면직각충돌,교차로운행방법위반,건조,맑음,교차로 - 교차로안,승용,여,44세,상해없음,승용,여,41세,중상
2013061000100156,2013년 6월 10일 08시,월요일,충청남도 홍성군 홍성읍,중상사고,0,1,0,0,차대사람 - 기타,신호위반,건조,맑음,단일로 - 횡단보도상,화물,남,60세,상해없음,보행자,여,71세,중상
2013061000100157,2013년 6월 10일 08시,월요일,충청남도 보령시 대천동,중상사고,0,1,0,0,차량단독 - 공작물충돌,안전운전불이행,건조,맑음,교차로 - 교차로부근,승용,여,38세,중상,,,,
2013061000100158,2013년 6월 10일 08시,월요일,충청남도 보령시 내항동,중상사고,0,1,0,0,차대차 - 측면직각충돌,안전운전불이행,건조,맑음,단일로 - 기타,승용,여,30세,상해없음,자전거,남,65세,중상
2013061000100200,2013년 6월 10일 09시,월요일,충청남도 논산시 연무읍,중상사고,0,1,0,0,차대차 - 추돌 - 진행중,안전운전불이행,건조,맑음,교차로 - 교차로안,승용,남,31세,상해없음,승용,여,49세,중상
2013061000100201,2013년 6월 10일 09시,월요일,충청남도 당진시 읍내리,중상사고,0,1,0,0,차대사람 - 보도통행중,보행자보호의무위반,건조,맑음,단일로 - 횡단보도상,승용,남,38세,상해없음,보행자,여,70세,중상
2013061000100223,2013년 6월 10일 10시,월요일,충청남도 당진시 송산면,경상사고,0,0,1,0,차대차 - 정면충돌,중앙선침범,건조,맑음,단일로 - 기타,승용,남,62세,상해없음,승용,남,39세,경상
2013061000100224,2013년 6월 10일 10시,월요일,충청남도 금산군 금산읍,경상사고,0,0,1,0,차량단독 - 공작물충돌,안전운전불이행,건조,맑음,단일로 - 교량,승용,남,43세,경상,,,,
2013061000100256,2013년 6월 10일 11시,월요일,충청남도 서산시 동문동,중상사고,0,1,0,0,차대차 - 측면직각충돌,안전운전불이행,건조,맑음,교차로 - 교차로부근,자전거,남,73세,중상,승용,남,84세,상해없음
2013061000100279,2013년 6월 10일 12시,월요일,충청남도 서천군 서천읍,경상사고,0,0,1,0,차대차 - 기타,직진우회전진행방해,건조,맑음,교차로 - 교차로안,승용,남,33세,상해없음,승용,여,46세,경상
2013061000100371,2013년 6월 10일 15시,월요일,충청남도 천안시 서북구 직산읍,중상사고,0,2,1,0,차대차 - 기타,중앙선침범,건조,맑음,교차로 - 교차로부근,승용,여,62세,중상,승용,남,34세,경상
2013061000100372,2013년 6월 10일 15시,월요일,충청남도 서천군 비인면,중상사고,0,1,0,0,차대차 - 측면직각충돌,직진우회전진행방해,건조,맑음,교차로 - 교차로안,화물,남,41세,상해없음,농기계,남,52세,중상
2013061000100374,2013년 6월 10일 15시,월요일,충청남도 당진시 송악읍,경상사고,0,0,1,0,차대사람 - 기타,불법유턴,건조,맑음,기타 - 기타,승용,남,42세,상해없음,보행자,여,44세,경상
2013061000100414,2013년 6월 10일 16시,월요일,충청남도 천안시 동남구 원성동,중상사고,0,1,0,0,차대사람 - 횡단중,안전운전불이행,건조,맑음,단일로 - 기타,승용,남,56세,상해없음,보행자,남,14세,중상
2013061000100415,2013년 6월 10일 16시,월요일,충청남도 천안시 동남구 풍세면,중상사고,0,2,0,0,차대차 - 측면직각충돌,안전거리미확보,건조,맑음,단일로 - 기타,승합,남,60세,상해없음,승용,여,34세,중상
2013061000100443,2013년 6월 10일 17시,월요일,충청남도 홍성군 홍성읍,중상사고,0,1,0,0,차대차 - 기타,교차로운행방법위반,건조,맑음,교차로 - 교차로안,승용,남,45세,상해없음,자전거,여,41세,중상
2013061000100489,2013년 6월 10일 18시,월요일,충청남도 홍성군 갈산면,경상사고,0,0,1,0,차대사람 - 기타,안전운전불이행,건조,맑음,단일로 - 기타,화물,남,54세,상해없음,보행자,남,50세,경상
2013061000100490,2013년 6월 10일 18시,월요일,충청남도 예산군 응봉면,사망사고,1,0,0,0,차량단독 - 전도전복,안전운전불이행,건조,맑음,교차로 - 교차로부근,농기계,남,51세,사망,,,,
2013061000100516,2013년 6월 10일 19시,월요일,충청남도 보령시 성주면,중상사고,0,2,4,0,차대차 - 추돌 - 주정차중,안전거리미확보,건조,맑음,단일로 - 기타,승용,남,60세,경상,승용,남,47세,중상
2013061000100542,2013년 6월 10일 20시,월요일,충청남도 천안시 서북구 불당동,중상사고,0,1,0,0,차대사람 - 기타,안전운전불이행,건조,맑음,교차로 - 교차로안,승용,여,42세,상해없음,보행자,여,39세,중상
2013061000100543,2013년 6월 10일 20시,월요일,충청남도 홍성군 결성면,경상사고,0,0,1,0,차대차 - 측면직각충돌,교차로운행방법위반,건조,맑음,교차로 - 교차로안,화물,남,40세,상해없음,이륜,남,63세,경상
2013061000100544,2013년 6월 10일 20시,월요일,충청남도 예산군 오가면,경상사고,0,0,1,0,차대차 - 측면직각충돌,중앙선침범,건조,맑음,단일로 - 기타,승용,남,54세,상해없음,승용,여,54세,경상
2013061000100545,2013년 6월 10일 20시,월요일,충청남도 당진시 고대면,경상사고,0,0,1,0,차량단독 - 공작물충돌,안전운전불이행,건조,맑음,단일로 - 기타,승용,남,61세,경상,,,,
2013061000100546,2013년 6월 10일 20시,월요일,충청남도 청양군 정산면,사망사고,1,0,0,0,차대사람 - 횡단중,안전운전불이행,건조,맑음,단일로 - 기타,승용,남,44세,상해없음,보행자,여,84세,사망
2013061000100575,2013년 6월 10일 21시,월요일,충청남도 홍성군 홍성읍,경상사고,0,0,1,0,차대차 - 측면직각충돌,안전운전불이행,건조,맑음,교차로 - 교차로안,승용,남,48세,상해없음,이륜,남,18세,경상
2013061000100603,2013년 6월 10일 22시,월요일,충청남도 천안시 동남구 신방동,부상신고사고,0,0,0,1,차량단독 - 전도전복,안전운전불이행,건조,맑음,단일로 - 기타,승용,남,35세,부상신고,,,,
2013061000100633,2013년 6월 10일 23시,월요일,충청남도 예산군 덕산면,경상사고,0,0,2,0,차량단독 - 도로외이탈 - 추락,안전운전불이행,건조,흐림,교차로 - 교차로부근,승용,남,18세,경상,,,,
2013061100100010,2013년 6월 11일 00시,화요일,충청남도 천안시 서북구 직산읍,경상사고,0,0,2,0,차대차 - 측면직각충돌,중앙선침범,건조,맑음,단일로 - 기타,승용,남,28세,상해없음,승용,여,26세,경상
2013061100100018,2013년 6월 11일 01시,화요일,충청남도 천안시 서북구 성정동,중상사고,0,1,0,0,차대사람 - 기타,안전운전불이행,건조,맑음,단일로 - 기타,승용,남,40세,상해없음,보행자,남,29세,중상
2013061100100033,2013년 6월 11일 02시,화요일,충청남도 공주시 신관동,중상사고,0,1,0,0,차대차 - 추돌 - 진행중,안전운전불이행,건조,맑음,단일로 - 기타,화물,남,36세,상해없음,승용,남,56세,중상
2013061100100060,2013년 6월 11일 05시,화요일,충청남도 천안시 서북구 직산읍,경상사고,0,0,1,0,차대차 - 추돌 - 주정차중,안전운전불이행,건조,맑음,단일로 - 기타,승용,남,31세,상해없음,화물,남,44세,경상
2013061100100113,2013년 6월 11일 08시,화요일,충청남도 아산시 용화동,경상사고,0,0,1,0,차대사람 - 횡단중,신호위반,건조,맑음,단일로 - 횡단보도상,승용,남,50세,상해없음,보행자,남,12세,경상
2013061100100165,2013년 6월 11일 10시,화요일,충청남도 서천군 서면,경상사고,0,0,3,0,차대차 - 측면직각충돌,신호위반,건조,맑음,교차로 - 교차로안,승용,남,74세,상해없음,화물,여,34세,경상
2013061100100190,2013년 6월 11일 11시,화요일,충청남도 서천군 한산면,중상사고,0,1,0,0,차대차 - 기타,기타,건조,맑음,단일로 - 기타,화물,남,75세,상해없음,원동기,남,69세,중상
2013061100100191,2013년 6월 11일 11시,화요일,충청남도 당진시 시곡리,중상사고,0,2,0,0,차대차 - 추돌 - 주정차중,안전거리미확보,건조,맑음,단일로 - 기타,화물,남,50세,상해없음,승용,여,39세,중상
2013061100100220,2013년 6월 11일 12시,화요일,충청남도 아산시 신창면,경상사고,0,0,1,1,차대차 - 기타,안전운전불이행,건조,맑음,단일로 - 기타,승용,여,41세,상해없음,원동기,남,32세,경상
2013061100100243,2013년 6월 11일 13시,화요일,충청남도 당진시 석문면,경상사고,0,0,1,0,차대차 - 기타,안전운전불이행,건조,맑음,단일로 - 기타,화물,남,60세,상해없음,승용,남,49세,경상
2013061100100270,2013년 6월 11일 14시,화요일,충청남도 천안시 서북구 직산읍,중상사고,0,1,0,0,차대차 - 기타,교차로운행방법위반,습기,흐림,교차로 - 교차로안,화물,남,32세,상해없음,원동기,남,71세,중상
2013061100100300,2013년 6월 11일 15시,화요일,충청남도 당진시 합덕읍,중상사고,0,3,5,1,차대차 - 추돌 - 주정차중,안전거리미확보,건조,맑음,단일로 - 기타,화물,남,42세,상해없음,승용,여,23세,중상
2013061100100381,2013년 6월 11일 17시,화요일,충청남도 당진시 고대면,경상사고,0,0,1,0,차대차 - 측면직각충돌,교차로운행방법위반,습기,비,교차로 - 교차로안,승용,남,47세,상해없음,승용,여,46세,경상
2013061100100427,2013년 6월 11일 18시,화요일,충청남도 서산시 해미면,중상사고,0,3,1,0,차대차 - 추돌 - 주정차중,안전운전불이행,습기,비,단일로 - 기타,승용,남,24세,상해없음,승용,남,63세,경상
2013061100100428,2013년 6월 11일 18시,화요일,충청남도 보령시 대천동,경상사고,0,0,2,0,차대차 - 추돌 - 주정차중,안전운전불이행,습기,비,교차로 - 교차로안,승용,남,43세,상해없음,승용,여,51세,경상
2013061100100520,2013년 6월 11일 20시,화요일,충청남도 태안군 남면,중상사고,0,1,1,0,차대차 - 정면충돌,중앙선침범,습기,비,단일로 - 기타,승용,여,37세,중상,건설기계,남,52세,경상
2013061100100521,2013년 6월 11일 20시,화요일,충청남도 천안시 서북구 백석동,중상사고,0,1,0,0,차대차 - 기타,안전운전불이행,건조,맑음,단일로 - 기타,승합,남,50세,상해없음,승용,남,52세,중상
2013061100100522,2013년 6월 11일 20시,화요일,충청남도 보령시 남포면,중상사고,0,2,0,0,차대차 - 정면충돌,중앙선침범,습기,비,단일로 - 기타,이륜,남,24세,중상,원동기,남,65세,중상
2013061100100523,2013년 6월 11일 20시,화요일,충청남도 천안시 동남구 목천읍,중상사고,0,2,1,0,차대차 - 기타,안전거리미확보,건조,맑음,단일로 - 기타,화물,기타불명,기타불명,기타불명,승용,남,49세,경상
2013061100100562,2013년 6월 11일 21시,화요일,충청남도 서산시 읍내동,경상사고,0,0,2,0,차대차 - 측면직각충돌,직진우회전진행방해,습기,비,교차로 - 교차로안,원동기,남,30세,경상,승용,남,41세,경상
2013061100100563,2013년 6월 11일 21시,화요일,충청남도 논산시 취암동,경상사고,0,0,1,0,차대차 - 추돌 - 주정차중,안전운전불이행,습기,비,교차로 - 교차로부근,승용,남,52세,상해없음,승용,여,18세,경상
2013061100100564,2013년 6월 11일 21시,화요일,충청남도 계룡시 엄사면,경상사고,0,0,1,0,차대차 - 기타,신호위반,습기,비,교차로 - 교차로안,승용,남,46세,상해없음,승용,남,39세,경상
2013061100100565,2013년 6월 11일 21시,화요일,충청남도 논산시 연무읍,중상사고,0,2,0,0,차량단독 - 공작물충돌,안전운전불이행,습기,비,단일로 - 기타,화물,남,62세,중상,,,,