사고번호,사고일시,요일,시군구,사고내용,사망자수,중상자수,경상자수,부상신고자수,사고유형,법규위반,노면상태,기상상태,도로형태,가해운전자 차종,가해운전자 성별,가해운전자 연령,가해운전자 상해정도,피해운전자 차종,피해운전자 성별,피해운전자 연령,피해운전자 상해정도
2013061100100606,2013년 6월 11일 22시,화요일,충청남도 논산시 연무읍,경상사고,0,0,1,0,차대사람 - 횡단중,보행자보호의무위반,습기,비,단일로 - 기타,원동기,남,16세,상해없음,보행자,남,44세,경상
2013061100100607,2013년 6월 11일 22시,화요일,충청남도 홍성군 홍성읍,경상사고,0,0,2,0,차대차 - 기타,교차로운행방법위반,습기,비,교차로 - 교차로안,승용,여,32세,상해없음,화물,남,54세,경상
2013061100100608,2013년 6월 11일 22시,화요일,충청남도 보령시 동대동,경상사고,0,0,2,0,차대차 - 추돌 - 진행중,안전운전불이행,습기,비,교차로 - 교차로부근,화물,남,55세,상해없음,화물,남,45세,경상
2013061100100609,2013년 6월 11일 22시,화요일,충청남도 당진시 채운동,경상사고,0,0,2,0,차대차 - 측면직각충돌,안전거리미확보,습기,비,교차로 - 교차로부근,승용,남,65세,상해없음,승용,남,35세,경상
2013061200100013,2013년 6월 12일 00시,수요일,충청남도 금산군 추부면,경상사고,0,0,1,0,차대차 - 정면충돌,중앙선침범,습기,비,교차로 - 교차로부근,승용,남,22세,상해없음,원동기,남,45세,경상
2013061200100033,2013년 6월 12일 01시,수요일,충청남도 당진시 송악읍,중상사고,0,4,1,0,차대차 - 정면충돌,중앙선침범,건조,맑음,단일로 - 기타,승용,남,31세,상해없음,승용,남,28세,중상
2013061200100059,2013년 6월 12일 04시,수요일,충청남도 계룡시 두마면,경상사고,0,0,1,0,차량단독 - 공작물충돌,안전운전불이행,건조,맑음,단일로 - 기타,화물,남,51세,경상,,,,
2013061200100132,2013년 6월 12일 08시,수요일,충청남도 서산시 동문동,경상사고,0,0,1,0,차대사람 - 보도통행중,중앙선침범,습기,비,단일로 - 기타,승용,남,68세,상해없음,보행자,여,17세,경상
2013061200100133,2013년 6월 12일 08시,수요일,충청남도 당진시 원당리,경상사고,0,0,1,0,차대차 - 기타,교차로운행방법위반,습기,비,교차로 - 교차로안,승용,남,19세,상해없음,승용,남,47세,상해없음
2013061200100134,2013년 6월 12일 08시,수요일,충청남도 천안시 동남구 신부동,경상사고,0,0,1,0,차대차 - 측면직각충돌,교차로운행방법위반,습기,비,교차로 - 교차로안,승용,남,47세,상해없음,승용,남,75세,경상
2013061200100181,2013년 6월 12일 10시,수요일,충청남도 아산시 모종동,경상사고,0,0,1,0,차대차 - 기타,안전운전불이행,건조,맑음,기타 - 기타,승용,남,16세,기타불명,승용,남,49세,경상
2013061200100182,2013년 6월 12일 10시,수요일,충청남도 천안시 동남구 목천읍,경상사고,0,0,1,0,차대차 - 측면직각충돌,신호위반,습기,비,교차로 - 교차로안,화물,남,49세,상해없음,화물,남,57세,경상
2013061200100209,2013년 6월 12일 11시,수요일,충청남도 서천군 서천읍,중상사고,0,2,0,0,차대차 - 기타,안전운전불이행,습기,비,단일로 - 기타,승용,남,71세,상해없음,자전거,남,41세,중상
2013061200100210,2013년 6월 12일 11시,수요일,충청남도 금산군 복수면,경상사고,0,0,1,0,차대차 - 측면직각충돌,중앙선침범,습기,비,단일로 - 기타,승합,남,61세,상해없음,화물,남,52세,경상
2013061200100211,2013년 6월 12일 11시,수요일,충청남도 천안시 동남구 성남면,경상사고,0,0,1,0,차대차 - 측면직각충돌,교차로운행방법위반,습기,비,교차로 - 교차로안,화물,남,59세,상해없음,화물,남,24세,경상
2013061200100231,2013년 6월 12일 12시,수요일,충청남도 논산시 광석면,경상사고,0,0,1,0,차대차 - 추돌 - 진행중,안전운전불이행,습기,비,단일로 - 기타,이륜,남,58세,경상,화물,남,57세,상해없음
2013061200100293,2013년 6월 12일 14시,수요일,충청남도 홍성군 광천읍,경상사고,0,0,1,0,차대사람 - 기타,안전운전불이행,건조,흐림,단일로 - 기타,승용,여,54세,상해없음,보행자,남,8세,경상
2013061200100294,2013년 6월 12일 14시,수요일,충청남도 아산시 풍기동,경상사고,0,0,1,0,차대차 - 측면직각충돌,신호위반,건조,맑음,교차로 - 교차로안,화물,남,57세,상해없음,승용,남,58세,경상
2013061200100331,2013년 6월 12일 15시,수요일,충청남도 당진시 읍내리,중상사고,0,1,0,0,차대사람 - 횡단중,보행자보호의무위반,건조,맑음,단일로 - 기타,승용,남,41세,상해없음,보행자,여,11세,중상
2013061200100393,2013년 6월 12일 17시,수요일,충청남도 논산시 가야곡면,경상사고,0,0,1,0,차대차 - 측면직각충돌,신호위반,습기,비,교차로 - 교차로안,승용,남,61세,상해없음,승용,여,44세,경상
2013061200100394,2013년 6월 12일 17시,수요일,충청남도 논산시 내동,경상사고,0,0,1,0,차대차 - 추돌 - 주정차중,안전운전불이행,습기,비,교차로 - 교차로안,승용,남,60세,상해없음,승용,남,49세,경상
2013061200100420,2013년 6월 12일 18시,수요일,충청남도 천안시 동남구 봉명동,경상사고,0,0,2,0,차대차 - 추돌 - 진행중,안전거리미확보,건조,맑음,단일로 - 기타,승용,남,47세,상해없음,승용,남,32세,경상
2013061200100467,2013년 6월 12일 19시,수요일,충청남도 공주시 신관동,경상사고,0,0,2,0,차대차 - 측면직각충돌,안전운전불이행,건조,맑음,교차로 - 교차로안,승용,여,39세,경상,승용,남,51세,경상
2013061200100468,2013년 6월 12일 19시,수요일,충청남도 당진시 송악읍,중상사고,0,3,2,0,차대차 - 측면직각충돌,교차로운행방법위반,건조,맑음,교차로 - 교차로안,승합,남,65세,경상,승용,남,32세,경상
2013061200100531,2013년 6월 12일 21시,수요일,충청남도 보령시 대천동,중상사고,0,1,0,0,차대차 - 기타,안전운전불이행,건조,맑음,단일로 - 기타,승용,여,47세,상해없음,승용,남,23세,중상
2013061200100534,2013년 6월 12일 21시,수요일,충청남도 천안시 서북구 성거읍,경상사고,0,0,2,0,차대차 - 기타,차로위반,건조,맑음,단일로 - 기타,승용,남,49세,상해없음,승용,남,50세,경상
2013061200100613,2013년 6월 12일 23시,수요일,충청남도 아산시 배방읍,경상사고,0,0,1,0,차대차 - 측면직각충돌,신호위반,습기,흐림,교차로 - 교차로안,승용,남,43세,상해없음,승용,남,32세,경상
2013061200100614,2013년 6월 12일 23시,수요일,충청남도 예산군 예산읍,중상사고,0,1,0,0,차대사람 - 횡단중,안전운전불이행,건조,맑음,단일로 - 기타,승용,남,25세,상해없음,보행자,남,43세,중상
2013061300100009,2013년 6월 13일 00시,목요일,충청남도 예산군 대술면,사망사고,1,0,1,0,차량단독 - 도로외이탈 - 추락,안전운전불이행,습기,흐림,단일로 - 기타,승용,남,30세,사망,,,,
2013061300100074,2013년 6월 13일 06시,목요일,충청남도 당진시 송산면,중상사고,0,1,0,0,차대차 - 기타,안전운전불이행,건조,맑음,단일로 - 기타,특수,남,40세,상해없음,화물,남,27세,중상
2013061300100091,2013년 6월 13일 07시,목요일,충청남도 공주시 신관동,경상사고,0,0,1,0,차대차 - 측면직각충돌,안전운전불이행,건조,맑음,교차로 - 교차로부근,승용,남,57세,상해없음,승용,여,41세,경상
2013061300100092,2013년 6월 13일 07시,목요일,충청남도 당진시 합덕읍,중상사고,0,1,0,0,차대차 - 기타,교차로운행방법위반,건조,맑음,교차로 - 교차로안,승용,남,49세,상해없음,승용,남,41세,중상
2013061300100093,2013년 6월 13일 07시,목요일,충청남도 천안시 동남구 북면,중상사고,0,2,0,0,차대차 - 정면충돌,중앙선침범,건조,맑음,단일로 - 기타,승용,남,39세,중상,승용,남,33세,중상
2013061300100118,2013년 6월 13일 08시,목요일,충청남도 보령시 대천동,중상사고,0,1,0,0,차대사람 - 횡단중,안전운전불이행,건조,맑음,교차로 - 교차로안,승용,여,30세,상해없음,보행자,여,71세,중상
2013061300100119,2013년 6월 13일 08시,목요일,충청남도 금산군 복수면,경상사고,0,0,1,0,차대차 - 측면직각충돌,안전운전불이행,습기,흐림,교차로 - 교차로부근,승용,남,50세,상해없음,승합,남,43세,경상
2013061300100141,2013년 6월 13일 09시,목요일,충청남도 보령시 대천동,경상사고,0,0,1,0,차대사람 - 횡단중,보행자보호의무위반,건조,맑음,교차로 - 교차로안,승용,여,36세,상해없음,보행자,남,76세,경상
2013061300100163,2013년 6월 13일 10시,목요일,충청남도 논산시 양촌면,중상사고,0,1,0,0,차대차 - 측면직각충돌,교차로운행방법위반,건조,맑음,교차로 - 교차로안,화물,남,46세,상해없음,이륜,남,60세,중상
2013061300100164,2013년 6월 13일 10시,목요일,충청남도 금산군 금산읍,경상사고,0,0,2,0,차대차 - 측면직각충돌,교차로운행방법위반,건조,맑음,교차로 - 교차로안,승용,남,66세,상해없음,승용,남,61세,상해없음
2013061300100189,2013년 6월 13일 11시,목요일,충청남도 천안시 서북구 두정동,중상사고,0,1,0,0,차대사람 - 횡단중,안전운전불이행,건조,맑음,단일로 - 기타,승용,여,51세,상해없음,보행자,남,69세,중상
2013061300100211,2013년 6월 13일 12시,목요일,충청남도 천안시 동남구 신부동,경상사고,0,0,1,0,차대사람 - 기타,보행자보호의무위반,건조,맑음,단일로 - 기타,승용,남,32세,상해없음,보행자,남,71세,경상
2013061300100234,2013년 6월 13일 13시,목요일,충청남도 홍성군 홍성읍,중상사고,0,1,0,0,차대차 - 측면직각충돌,교차로운행방법위반,건조,맑음,교차로 - 교차로안,승용,남,70세,상해없음,원동기,남,59세,중상
2013061300100235,2013년 6월 13일 13시,목요일,충청남도 예산군 예산읍,중상사고,0,1,0,0,차대차 - 측면직각충돌,직진우회전진행방해,건조,맑음,교차로 - 교차로안,승용,여,48세,상해없음,원동기,여,61세,중상
2013061300100299,2013년 6월 13일 15시,목요일,충청남도 청양군 운곡면,중상사고,0,4,0,0,차대차 - 정면충돌,중앙선침범,건조,맑음,단일로 - 기타,승용,남,21세,중상,승용,남,48세,중상
2013061300100300,2013년 6월 13일 15시,목요일,충청남도 논산시 연무읍,중상사고,0,2,0,0,차대차 - 기타,안전운전불이행,건조,맑음,교차로 - 교차로부근,승용,남,44세,중상,기타불명,기타불명,기타불명,기타불명
2013061300100339,2013년 6월 13일 16시,목요일,충청남도 태안군 안면읍,중상사고,0,1,0,0,차대차 - 측면직각충돌,기타,건조,맑음,교차로 - 교차로안,화물,남,70세,상해없음,승용,여,43세,중상
2013061300100340,2013년 6월 13일 16시,목요일,충청남도 태안군 태안읍,경상사고,0,0,1,0,차대차 - 측면직각충돌,중앙선침범,건조,맑음,단일로 - 기타,승용,남,63세,상해없음,승용,여,52세,경상
2013061300100341,2013년 6월 13일 16시,목요일,충청남도 논산시 연산면,사망사고,2,0,0,0,차량단독 - 공작물충돌,안전운전불이행,건조,맑음,단일로 - 기타,승용,남,68세,사망,,,,
2013061300100373,2013년 6월 13일 17시,목요일,충청남도 서산시 동문동,경상사고,0,0,1,0,차대차 - 측면직각충돌,중앙선침범,건조,맑음,단일로 - 기타,이륜,남,17세,경상,승용,남,76세,상해없음
2013061300100374,2013년 6월 13일 17시,목요일,충청남도 서산시 고북면,중상사고,0,1,1,0,차대차 - 측면직각충돌,안전운전불이행,건조,맑음,교차로 - 교차로부근,특수,남,38세,상해없음,승용,남,63세,중상
2013061300100375,2013년 6월 13일 17시,목요일,충청남도 아산시 방축동,중상사고,0,1,2,0,차대차 - 추돌 - 주정차중,안전운전불이행,건조,맑음,교차로 - 교차로부근,화물,남,47세,상해없음,승용,여,41세,중상
2013061300100376,2013년 6월 13일 17시,목요일,충청남도 보령시 대천동,중상사고,0,1,0,0,차대차 - 측면직각충돌,안전거리미확보,건조,흐림,단일로 - 기타,승용,남,65세,상해없음,자전거,남,75세,중상
2013061300100409,2013년 6월 13일 18시,목요일,충청남도 논산시 성동면,경상사고,0,0,1,0,차대차 - 정면충돌,직진우회전진행방해,건조,맑음,교차로 - 교차로안,승용,남,56세,상해없음,화물,남,24세,경상
2013061300100410,2013년 6월 13일 18시,목요일,충청남도 당진시 고대면,경상사고,0,0,1,0,차대사람 - 기타,안전운전불이행,건조,흐림,기타 - 기타,화물,남,44세,상해없음,보행자,여,58세,경상
2013061300100411,2013년 6월 13일 18시,목요일,충청남도 당진시 원당리,중상사고,0,1,1,0,차대차 - 측면직각충돌,교차로운행방법위반,건조,맑음,교차로 - 교차로안,승용,남,53세,상해없음,승용,여,48세,중상
2013061300100412,2013년 6월 13일 18시,목요일,충청남도 천안시 동남구 신부동,경상사고,0,0,1,0,차대사람 - 횡단중,안전운전불이행,건조,맑음,단일로 - 기타,승용,여,52세,상해없음,보행자,남,11세,경상
2013061300100442,2013년 6월 13일 19시,목요일,충청남도 천안시 서북구 입장면,중상사고,0,1,0,0,차대차 - 기타,안전운전불이행,건조,맑음,단일로 - 기타,승용,여,21세,상해없음,원동기,남,61세,중상
2013061300100500,2013년 6월 13일 21시,목요일,충청남도 천안시 동남구 구룡동,경상사고,0,0,1,1,차대차 - 측면직각충돌,신호위반,건조,맑음,교차로 - 교차로안,승용,여,38세,상해없음,승용,남,25세,경상
2013061300100539,2013년 6월 13일 22시,목요일,충청남도 천안시 서북구 불당동,경상사고,0,0,1,0,차대차 - 기타,안전운전불이행,건조,맑음,교차로 - 교차로안,화물,남,48세,상해없음,승용,남,29세,상해없음
2013061300100566,2013년 6월 13일 23시,목요일,충청남도 서산시 성연면,경상사고,0,0,4,0,차대차 - 측면직각충돌,안전운전불이행,건조,맑음,단일로 - 기타,승용,남,28세,상해없음,승용,남,36세,경상
2013061300100567,2013년 6월 13일 23시,목요일,충청남도 천안시 서북구 두정동,경상사고,0,0,1,0,차대차 - 추돌 - 주정차중,안전운전불이행,건조,맑음,교차로 - 교차로부근,승용,남,30세,상해없음,승용,남,57세,경상
2013061400100018,2013년 6월 14일 00시,금요일,충청남도 천안시 서북구 두정동,경상사고,0,0,1,0,차대차 - 측면직각충돌,안전거리미확보,건조,맑음,교차로 - 교차로부근,이륜,남,33세,상해없음,승용,남,29세,경상
2013061400100032,2013년 6월 14일 01시,금요일,충청남도 예산군 삽교읍,경상사고,0,0,1,0,차대차 - 측면직각충돌,중앙선침범,건조,맑음,단일로 - 기타,승용,남,35세,상해없음,승용,남,51세,경상
2013061400100086,2013년 6월 14일 06시,금요일,충청남도 보령시 대천동,중상사고,0,1,0,0,차대사람 - 횡단중,안전운전불이행,건조,흐림,교차로 - 교차로안,화물,남,64세,상해없음,보행자,여,57세,중상
2013061400100108,2013년 6월 14일 07시,금요일,충청남도 천안시 서북구 두정동,경상사고,0,0,1,0,차대차 - 측면직각충돌,안전운전불이행,건조,맑음,단일로 - 기타,기타불명,기타불명,기타불명,기타불명,자전거,남,77세,경상
2013061400100110,2013년 6월 14일 07시,금요일,충청남도 부여군 임천면,중상사고,0,1,0,0,차대차 - 정면충돌,중앙선침범,건조,맑음,단일로 - 기타,승용,남,18세,기타불명,화물,남,51세,중상
2013061400100138,2013년 6월 14일 08시,금요일,충청남도 서산시 인지면,중상사고,0,1,0,0,차대사람 - 기타,안전운전불이행,건조,맑음,교차로 - 교차로안,승용,남,41세,상해없음,보행자,여,8세,중상
2013061400100139,2013년 6월 14일 08시,금요일,충청남도 아산시 온천동,경상사고,0,0,2,0,차대사람 - 보도통행중,보행자보호의무위반,건조,맑음,교차로 - 교차로부근,승용,여,47세,상해없음,보행자,여,55세,경상
2013061400100176,2013년 6월 14일 09시,금요일,충청남도 부여군 구룡면,중상사고,0,1,0,0,차대차 - 기타,안전운전불이행,건조,맑음,교차로 - 교차로안,승용,남,49세,상해없음,자전거,남,79세,중상
2013061400100201,2013년 6월 14일 10시,금요일,충청남도 논산시 내동,경상사고,0,0,2,0,차대차 - 추돌 - 주정차중,안전운전불이행,건조,맑음,기타 - 기타,승용,남,40세,상해없음,승용,남,46세,경상
2013061400100227,2013년 6월 14일 11시,금요일,충청남도 논산시 화지동,경상사고,0,0,2,0,차대차 - 측면직각충돌,교차로운행방법위반,건조,맑음,교차로 - 교차로안,승용,여,37세,상해없음,승용,남,37세,경상
2013061400100228,2013년 6월 14일 11시,금요일,충청남도 금산군 금성면,경상사고,0,0,2,0,차대차 - 측면직각충돌,교차로운행방법위반,건조,맑음,교차로 - 교차로안,승용,남,60세,상해없음,이륜,남,70세,경상
2013061400100241,2013년 6월 14일 12시,금요일,충청남도 당진시 석문면,경상사고,0,0,1,0,차대차 - 정면충돌,중앙선침범,건조,맑음,단일로 - 기타,화물,남,38세,경상,화물,남,57세,상해없음
2013061400100287,2013년 6월 14일 14시,금요일,충청남도 서산시 잠홍동,중상사고,0,1,0,0,차대차 - 측면직각충돌,신호위반,건조,맑음,교차로 - 교차로안,승용,남,59세,상해없음,원동기,남,74세,중상
2013061400100315,2013년 6월 14일 15시,금요일,충청남도 천안시 서북구 두정동,경상사고,0,0,1,0,차대차 - 추돌 - 주정차중,안전운전불이행,건조,맑음,단일로 - 기타,승용,남,30세,상해없음,승합,남,49세,상해없음
2013061400100393,2013년 6월 14일 17시,금요일,충청남도 서산시 읍내동,중상사고,0,1,0,0,차대차 - 기타,교차로운행방법위반,건조,맑음,교차로 - 교차로안,승합,남,53세,상해없음,이륜,남,45세,중상
2013061400100394,2013년 6월 14일 17시,금요일,충청남도 당진시 시곡리,중상사고,0,1,0,0,차대차 - 정면충돌,교차로운행방법위반,건조,맑음,교차로 - 교차로안,승합,여,56세,상해없음,이륜,남,63세,중상
2013061400100395,2013년 6월 14일 17시,금요일,충청남도 천안시 동남구 풍세면,중상사고,0,1,0,0,차대차 - 기타,교차로운행방법위반,습기,비,교차로 - 교차로안,화물,남,50세,상해없음,승용,남,52세,중상
2013061400100429,2013년 6월 14일 18시,금요일,충청남도 천안시 동남구 원성동,경상사고,0,0,1,0,차대차 - 기타,안전운전불이행,건조,맑음,단일로 - 기타,승용,남,65세,상해없음,승용,여,35세,경상
2013061400100568,2013년 6월 14일 22시,금요일,충청남도 천안시 동남구 신방동,경상사고,0,0,1,0,차대차 - 기타,교차로운행방법위반,건조,맑음,교차로 - 교차로안,승용,여,41세,상해없음,승용,여,43세,경상
2013061400100605,2013년 6월 14일 23시,금요일,충청남도 당진시 송악읍,경상사고,0,0,1,0,차대차 - 추돌 - 진행중,교차로운행방법위반,건조,맑음,교차로 - 교차로안,승용,남,25세,상해없음,승용,여,42세,경상
2013061400100606,2013년 6월 14일 23시,금요일,충청남도 공주시 이인면,중상사고,0,1,0,0,차대차 - 추돌 - 진행중,안전운전불이행,건조,맑음,단일로 - 기타,화물,남,43세,상해없음,화물,남,37세,중상
2013061500100012,2013년 6월 15일 00시,토요일,충청남도 보령시 신흑동,경상사고,0,0,1,0,차대사람 - 기타,안전운전불이행,건조,맑음,단일로 - 기타,승용,남,19세,상해없음,보행자,여,47세,경상
2013061500100087,2013년 6월 15일 03시,토요일,충청남도 천안시 서북구 두정동,경상사고,0,0,2,0,차대차 - 기타,안전운전불이행,건조,맑음,단일로 - 기타,기타불명,기타불명,기타불명,기타불명,승용,남,28세,경상
2013061500100088,2013년 6월 15일 03시,토요일,충청남도 청양군 비봉면,사망사고,1,0,0,0,차대사람 - 기타,안전운전불이행,습기,비,단일로 - 기타,승용,남,41세,상해없음,보행자,남,44세,사망
2013061500100152,2013년 6월 15일 07시,토요일,충청남도 논산시 연무읍,중상사고,0,1,1,0,차대차 - 추돌 - 주정차중,안전운전불이행,습기,비,단일로 - 기타,화물,남,42세,상해없음,화물,남,71세,중상
2013061500100153,2013년 6월 15일 07시,토요일,충청남도 당진시 석문면,사망사고,1,1,0,0,차대차 - 정면충돌,중앙선침범,건조,맑음,단일로 - 기타,승용,남,54세,사망,특수,남,50세,중상
2013061500100154,2013년 6월 15일 07시,토요일,충청남도 천안시 동남구 신부동,중상사고,0,4,1,0,차대차 - 기타,안전운전불이행,건조,맑음,단일로 - 기타,승용,남,31세,상해없음,승용,남,53세,중상
2013061500100179,2013년 6월 15일 08시,토요일,충청남도 논산시 은진면,경상사고,0,0,1,0,차대차 - 측면직각충돌,직진우회전진행방해,건조,맑음,교차로 - 교차로안,원동기,남,76세,경상,승용,여,42세,상해없음
2013061500100235,2013년 6월 15일 10시,토요일,충청남도 서산시 동문동,경상사고,0,0,3,0,차대차 - 정면충돌,안전운전불이행,건조,맑음,교차로 - 교차로안,승용,남,59세,상해없음,승용,남,45세,경상
2013061500100236,2013년 6월 15일 10시,토요일,충청남도 천안시 서북구 직산읍,경상사고,0,0,1,0,차대차 - 기타,안전운전불이행,건조,맑음,단일로 - 기타,농기계,남,70세,경상,승용,남,57세,상해없음
2013061500100237,2013년 6월 15일 10시,토요일,충청남도 당진시 석문면,경상사고,0,0,2,0,차대차 - 기타,안전운전불이행,건조,맑음,교차로 - 교차로부근,화물,남,69세,상해없음,화물,남,61세,경상
2013061500100238,2013년 6월 15일 10시,토요일,충청남도 천안시 동남구 신방동,경상사고,0,0,1,0,차대차 - 추돌 - 주정차중,안전운전불이행,건조,맑음,교차로 - 교차로부근,화물,남,39세,상해없음,승용,남,39세,경상
2013061500100266,2013년 6월 15일 11시,토요일,충청남도 논산시 연산면,중상사고,0,1,0,0,차대차 - 추돌 - 진행중,안전운전불이행,건조,맑음,단일로 - 기타,승용,남,26세,중상,승합,남,58세,상해없음
2013061500100267,2013년 6월 15일 11시,토요일,충청남도 보령시 대천동,경상사고,0,0,1,0,차대차 - 기타,기타,건조,맑음,교차로 - 교차로안,승용,남,73세,상해없음,자전거,여,63세,경상
2013061500100268,2013년 6월 15일 11시,토요일,충청남도 천안시 서북구 입장면,경상사고,0,0,3,0,차대차 - 기타,차로위반,건조,맑음,단일로 - 기타,승용,남,22세,상해없음,승용,남,47세,상해없음
2013061500100291,2013년 6월 15일 12시,토요일,충청남도 서산시 운산면,중상사고,0,1,0,0,차대차 - 측면직각충돌,안전운전불이행,건조,맑음,교차로 - 교차로안,화물,남,64세,상해없음,화물,남,52세,중상
2013061500100292,2013년 6월 15일 12시,토요일,충청남도 천안시 동남구 목천읍,중상사고,0,1,0,0,차대차 - 측면직각충돌,안전운전불이행,건조,맑음,교차로 - 교차로안,승용,남,60세,상해없음,이륜,남,50세,중상
2013061500100341,2013년 6월 15일 13시,토요일,충청남도 공주시 쌍신동,중상사고,0,1,0,0,차량단독 - 기타,안전운전불이행,건조,맑음,단일로 - 기타,원동기,남,58세,중상,,,,
2013061500100377,2013년 6월 15일 14시,토요일,충청남도 천안시 동남구 성남면,경상사고,0,0,1,0,차대차 - 추돌 - 진행중,안전운전불이행,건조,맑음,단일로 - 기타,승용,남,21세,상해없음,승용,남,26세,경상
2013061500100411,2013년 6월 15일 15시,토요일,충청남도 공주시 계룡면,중상사고,0,1,0,0,차량단독 - 기타,안전운전불이행,건조,맑음,단일로 - 기타,이륜,남,13세,중상,,,,
2013061500100412,2013년 6월 15일 15시,토요일,충청남도 천안시 동남구 풍세면,중상사고,0,1,0,0,차대차 - 추돌 - 진행중,안전운전불이행,건조,맑음,단일로 - 기타,승용,남,21세,기타불명,승용,여,58세,중상
2013061500100446,2013년 6월 15일 16시,토요일,충청남도 서산시 예천동,중상사고,0,1,0,0,차대차 - 추돌 - 진행중,안전거리미확보,건조,맑음,단일로 - 기타,이륜,남,75세,중상,승용,남,30세,상해없음
2013061500100447,2013년 6월 15일 16시,토요일,충청남도 천안시 동남구 수신면,중상사고,0,2,7,0,차대차 - 추돌 - 주정차중,안전운전불이행,건조,맑음,단일로 - 기타,승용,남,52세,상해없음,화물,남,51세,경상
2013061500100488,2013년 6월 15일 17시,토요일,충청남도 예산군 예산읍,중상사고,0,1,0,0,차대차 - 측면직각충돌,신호위반,건조,맑음,교차로 - 교차로안,원동기,남,81세,중상,승용,남,25세,상해없음
2013061500100524,2013년 6월 15일 18시,토요일,충청남도 서산시 동문동,중상사고,0,1,0,0,차대사람 - 기타,안전운전불이행,건조,맑음,단일로 - 기타,승용,남,62세,상해없음,보행자,여,21세,중상
2013061500100525,2013년 6월 15일 18시,토요일,충청남도 보령시 신흑동,중상사고,0,1,1,0,차대차 - 측면직각충돌,신호위반,건조,맑음,교차로 - 교차로안,승용,남,26세,중상,승용,남,37세,경상
2013061500100587,2013년 6월 15일 20시,토요일,충청남도 서천군 서천읍,경상사고,0,0,3,0,차대차 - 추돌 - 주정차중,기타,건조,맑음,단일로 - 기타,화물,남,64세,상해없음,승용,남,42세,경상
2013061500100588,2013년 6월 15일 20시,토요일,충청남도 공주시 금학동,중상사고,0,1,0,0,차대차 - 측면직각충돌,교차로운행방법위반,건조,맑음,교차로 - 교차로안,승용,여,28세,상해없음,이륜,남,64세,중상
2013061500100589,2013년 6월 15일 20시,토요일,충청남도 공주시 반죽동,중상사고,0,1,1,0,차대차 - 추돌 - 주정차중,안전운전불이행,건조,맑음,교차로 - 교차로부근,승용,남,44세,상해없음,승용,남,65세,경상
2013061500100620,2013년 6월 15일 21시,토요일,충청남도 아산시 도고면,중상사고,0,1,1,0,차대차 - 추돌 - 진행중,안전운전불이행,건조,맑음,교차로 - 교차로부근,승용,남,32세,상해없음,승용,남,27세,중상
2013061500100621,2013년 6월 15일 21시,토요일,충청남도 보령시 주산면,사망사고,1,0,0,0,차대사람 - 횡단중,안전운전불이행,건조,맑음,단일로 - 기타,승합,여,52세,상해없음,보행자,남,63세,사망
2013061500100622,2013년 6월 15일 21시,토요일,충청남도 예산군 신양면,중상사고,0,1,0,0,차량단독 - 공작물충돌,안전운전불이행,건조,맑음,교차로 - 교차로부근,승용,남,58세,중상,,,,
2013061600100057,2013년 6월 16일 02시,일요일,충청남도 태안군 남면,중상사고,0,1,0,0,차대차 - 추돌 - 주정차중,안전운전불이행,건조,맑음,단일로 - 기타,승용,남,26세,중상,건설기계,남,44세,기타불명
2013061600100058,2013년 6월 16일 02시,일요일,충청남도 보령시 신흑동,중상사고,0,1,0,0,차대사람 - 차도통행중,안전운전불이행,건조,맑음,단일로 - 기타,승용,남,28세,상해없음,보행자,남,24세,중상
2013061600100059,2013년 6월 16일 02시,일요일,충청남도 당진시 송악읍,경상사고,0,0,3,0,차대차 - 측면직각충돌,안전운전불이행,건조,맑음,단일로 - 기타,승용,남,49세,상해없음,승용,남,28세,경상
2013061600100103,2013년 6월 16일 05시,일요일,충청남도 서천군 장항읍,경상사고,0,0,1,0,차대차 - 추돌 - 진행중,안전운전불이행,건조,맑음,단일로 - 기타,승용,여,59세,상해없음,원동기,남,74세,경상
2013061600100104,2013년 6월 16일 05시,일요일,충청남도 천안시 동남구 청수동,중상사고,0,1,0,0,차대차 - 정면충돌,중앙선침범,건조,맑음,교차로 - 교차로부근,화물,남,22세,상해없음,승용,남,19세,중상
2013061600100121,2013년 6월 16일 06시,일요일,충청남도 천안시 서북구 입장면,중상사고,0,1,0,0,차대차 - 측면직각충돌,교차로운행방법위반,건조,맑음,교차로 - 교차로안,화물,남,41세,중상,건설기계,남,43세,상해없음
2013061600100122,2013년 6월 16일 06시,일요일,충청남도 보령시 동대동,경상사고,0,0,1,0,차대차 - 측면직각충돌,안전운전불이행,건조,맑음,교차로 - 교차로안,이륜,여,63세,경상,승합,남,45세,상해없음
2013061600100137,2013년 6월 16일 07시,일요일,충청남도 공주시 우성면,중상사고,0,3,0,0,차량단독 - 도로외이탈 - 기타,안전운전불이행,건조,맑음,단일로 - 기타,승용,남,17세,상해없음,,,,
2013061600100163,2013년 6월 16일 09시,일요일,충청남도 서산시 팔봉면,경상사고,0,0,2,0,차대차 - 측면직각충돌,안전거리미확보,건조,맑음,단일로 - 기타,승용,남,30세,상해없음,승용,남,51세,경상