사고번호,사고일시,요일,시군구,사고내용,사망자수,중상자수,경상자수,부상신고자수,사고유형,법규위반,노면상태,기상상태,도로형태,가해운전자 차종,가해운전자 성별,가해운전자 연령,가해운전자 상해정도,피해운전자 차종,피해운전자 성별,피해운전자 연령,피해운전자 상해정도
2013061600100164,2013년 6월 16일 09시,일요일,충청남도 공주시 정안면,경상사고,0,0,3,0,차대차 - 추돌 - 주정차중,안전운전불이행,건조,맑음,단일로 - 기타,승용,여,63세,상해없음,승용,남,55세,경상
2013061600100235,2013년 6월 16일 12시,일요일,충청남도 천안시 서북구 쌍용동,경상사고,0,0,2,0,차대차 - 기타,안전운전불이행,건조,맑음,교차로 - 교차로부근,승용,남,48세,상해없음,승용,여,44세,경상
2013061600100236,2013년 6월 16일 12시,일요일,충청남도 금산군 금성면,중상사고,0,1,0,0,차량단독 - 전도전복,안전운전불이행,건조,맑음,단일로 - 기타,이륜,남,58세,중상,,,,
2013061600100292,2013년 6월 16일 14시,일요일,충청남도 논산시 강경읍,경상사고,0,0,1,0,차대차 - 기타,안전운전불이행,건조,맑음,단일로 - 기타,승용,남,30세,상해없음,승용,남,34세,경상
2013061600100350,2013년 6월 16일 16시,일요일,충청남도 천안시 서북구 두정동,중상사고,0,1,0,0,차대차 - 기타,교차로운행방법위반,건조,맑음,교차로 - 교차로안,승용,남,52세,상해없음,이륜,남,38세,중상
2013061600100351,2013년 6월 16일 16시,일요일,충청남도 당진시 채운동,경상사고,0,0,1,0,차량단독 - 전도전복,안전운전불이행,건조,맑음,단일로 - 기타,승용,남,37세,상해없음,,,,
2013061600100352,2013년 6월 16일 16시,일요일,충청남도 천안시 동남구 병천면,중상사고,0,1,3,0,차대차 - 기타,기타,건조,맑음,단일로 - 기타,승합,남,53세,상해없음,승용,여,41세,경상
2013061600100353,2013년 6월 16일 16시,일요일,충청남도 천안시 동남구 광덕면,중상사고,0,3,1,0,차대차 - 추돌 - 진행중,안전운전불이행,건조,맑음,단일로 - 기타,승합,남,31세,상해없음,승용,남,40세,중상
2013061600100356,2013년 6월 16일 16시,일요일,충청남도 당진시 용연리,경상사고,0,0,1,0,차대차 - 추돌 - 진행중,안전운전불이행,건조,맑음,단일로 - 기타,승합,남,32세,상해없음,승용,남,27세,경상
2013061600100377,2013년 6월 16일 17시,일요일,충청남도 천안시 서북구 성정동,경상사고,0,0,1,0,차대차 - 기타,교차로운행방법위반,건조,맑음,교차로 - 교차로안,기타불명,기타불명,기타불명,기타불명,이륜,남,54세,경상
2013061600100378,2013년 6월 16일 17시,일요일,충청남도 부여군 임천면,중상사고,0,3,0,0,차량단독 - 공작물충돌,안전운전불이행,건조,맑음,단일로 - 기타,화물,남,56세,상해없음,,,,
2013061600100379,2013년 6월 16일 17시,일요일,충청남도 당진시 석문면,경상사고,0,0,6,0,차대차 - 측면직각충돌,중앙선침범,건조,맑음,단일로 - 기타,승용,남,52세,상해없음,화물,남,37세,경상
2013061600100414,2013년 6월 16일 18시,일요일,충청남도 논산시 가야곡면,중상사고,0,1,5,0,차대차 - 측면직각충돌,신호위반,건조,맑음,교차로 - 교차로안,화물,남,56세,상해없음,승용,남,39세,경상
2013061600100415,2013년 6월 16일 18시,일요일,충청남도 공주시 반포면,중상사고,0,1,4,0,차대차 - 추돌 - 주정차중,안전운전불이행,건조,맑음,단일로 - 기타,승용,남,60세,상해없음,승용,남,51세,경상
2013061600100416,2013년 6월 16일 18시,일요일,충청남도 청양군 운곡면,경상사고,0,0,3,0,차대차 - 측면직각충돌,중앙선침범,건조,맑음,단일로 - 기타,농기계,남,71세,상해없음,승용,남,58세,경상
2013061600100472,2013년 6월 16일 20시,일요일,충청남도 아산시 권곡동,경상사고,0,0,1,0,차대차 - 추돌 - 주정차중,안전운전불이행,건조,맑음,교차로 - 교차로부근,승용,남,50세,상해없음,승용,남,50세,경상
2013061600100473,2013년 6월 16일 20시,일요일,충청남도 보령시 오천면,중상사고,0,1,0,0,차량단독 - 공작물충돌,안전운전불이행,건조,맑음,단일로 - 기타,화물,남,47세,상해없음,,,,
2013061600100512,2013년 6월 16일 21시,일요일,충청남도 서천군 장항읍,경상사고,0,0,1,0,차대사람 - 횡단중,안전운전불이행,건조,맑음,단일로 - 기타,승용,남,64세,상해없음,보행자,여,14세,경상
2013061600100513,2013년 6월 16일 21시,일요일,충청남도 당진시 읍내리,경상사고,0,0,1,0,차대차 - 기타,교차로운행방법위반,건조,기타,교차로 - 교차로안,승용,여,58세,상해없음,이륜,남,33세,경상
2013061600100539,2013년 6월 16일 22시,일요일,충청남도 태안군 태안읍,경상사고,0,0,1,0,차대차 - 추돌 - 주정차중,안전운전불이행,건조,맑음,단일로 - 기타,이륜,남,32세,경상,승용,남,52세,기타불명
2013061700100040,2013년 6월 17일 05시,월요일,충청남도 보령시 신흑동,사망사고,1,0,1,0,차량단독 - 공작물충돌,안전운전불이행,건조,맑음,단일로 - 기타,농기계,남,74세,사망,,,,
2013061700100048,2013년 6월 17일 06시,월요일,충청남도 천안시 서북구 성정동,중상사고,0,1,1,0,차대사람 - 횡단중,신호위반,건조,맑음,교차로 - 교차로부근,승용,남,58세,상해없음,보행자,남,19세,경상
2013061700100067,2013년 6월 17일 07시,월요일,충청남도 천안시 동남구 삼룡동,경상사고,0,0,1,0,차대차 - 기타,교차로운행방법위반,건조,맑음,교차로 - 교차로안,승용,남,57세,상해없음,이륜,남,16세,경상
2013061700100107,2013년 6월 17일 08시,월요일,충청남도 금산군 금산읍,중상사고,0,1,0,0,차대사람 - 기타,안전운전불이행,건조,맑음,단일로 - 기타,승용,여,36세,상해없음,보행자,여,72세,중상
2013061700100108,2013년 6월 17일 08시,월요일,충청남도 천안시 동남구 다가동,경상사고,0,0,1,0,차대차 - 추돌 - 주정차중,안전운전불이행,건조,맑음,단일로 - 기타,승용,여,32세,상해없음,승용,남,44세,경상
2013061700100145,2013년 6월 17일 09시,월요일,충청남도 논산시 지산동,중상사고,0,1,2,0,차대차 - 기타,교차로운행방법위반,건조,맑음,교차로 - 교차로안,승용,여,40세,경상,화물,남,43세,경상
2013061700100201,2013년 6월 17일 11시,월요일,충청남도 예산군 오가면,중상사고,0,1,0,0,차대차 - 기타,기타,건조,맑음,단일로 - 기타,화물,남,73세,상해없음,이륜,남,75세,중상
2013061700100202,2013년 6월 17일 11시,월요일,충청남도 당진시 수청리,부상신고사고,0,0,0,1,차량단독 - 도로외이탈 - 추락,안전운전불이행,건조,맑음,단일로 - 기타,승용,여,48세,부상신고,,,,
2013061700100221,2013년 6월 17일 12시,월요일,충청남도 논산시 강경읍,중상사고,0,1,1,0,차대차 - 기타,안전운전불이행,건조,맑음,단일로 - 기타,원동기,남,61세,경상,원동기,남,16세,중상
2013061700100222,2013년 6월 17일 12시,월요일,충청남도 부여군 부여읍,중상사고,0,1,0,0,차대차 - 기타,안전운전불이행,건조,맑음,교차로 - 교차로안,화물,남,32세,상해없음,자전거,여,57세,중상
2013061700100273,2013년 6월 17일 14시,월요일,충청남도 아산시 모종동,경상사고,0,0,6,0,차대차 - 기타,중앙선침범,건조,맑음,교차로 - 교차로부근,화물,남,63세,상해없음,승용,여,30세,경상
2013061700100299,2013년 6월 17일 15시,월요일,충청남도 예산군 삽교읍,중상사고,0,1,0,0,차대차 - 기타,안전운전불이행,건조,맑음,단일로 - 기타,농기계,남,75세,상해없음,승용,남,52세,중상
2013061700100300,2013년 6월 17일 15시,월요일,충청남도 당진시 면천면,사망사고,1,0,0,0,차대차 - 추돌 - 진행중,교차로운행방법위반,건조,맑음,교차로 - 교차로안,화물,남,32세,상해없음,원동기,남,70세,사망
2013061700100301,2013년 6월 17일 15시,월요일,충청남도 천안시 서북구 입장면,경상사고,0,0,1,0,차대차 - 추돌 - 주정차중,안전운전불이행,건조,맑음,단일로 - 기타,승용,남,50세,상해없음,승용,여,46세,경상
2013061700100332,2013년 6월 17일 16시,월요일,충청남도 천안시 서북구 성정동,경상사고,0,0,1,0,차대차 - 기타,안전운전불이행,건조,맑음,단일로 - 기타,승용,남,54세,상해없음,승용,남,48세,경상
2013061700100333,2013년 6월 17일 16시,월요일,충청남도 계룡시 두마면,경상사고,0,0,1,0,차대차 - 측면직각충돌,안전운전불이행,건조,맑음,단일로 - 기타,승용,남,78세,상해없음,승용,여,47세,경상
2013061700100414,2013년 6월 17일 18시,월요일,충청남도 보령시 청소면,중상사고,0,1,0,0,차대사람 - 기타,안전운전불이행,건조,맑음,단일로 - 기타,승용,여,48세,상해없음,보행자,남,78세,중상
2013061700100415,2013년 6월 17일 18시,월요일,충청남도 당진시 원당리,중상사고,0,1,0,1,차대차 - 측면직각충돌,안전운전불이행,건조,맑음,단일로 - 기타,승용,여,63세,부상신고,이륜,남,32세,중상
2013061700100490,2013년 6월 17일 20시,월요일,충청남도 서산시 대산읍,경상사고,0,0,1,0,차대차 - 추돌 - 주정차중,안전운전불이행,습기,비,교차로 - 교차로부근,승용,남,40세,상해없음,승용,여,54세,경상
2013061700100491,2013년 6월 17일 20시,월요일,충청남도 계룡시 엄사면,경상사고,0,0,3,0,차대차 - 추돌 - 주정차중,안전운전불이행,건조,맑음,단일로 - 기타,화물,남,49세,상해없음,승용,여,36세,경상
2013061700100492,2013년 6월 17일 20시,월요일,충청남도 홍성군 홍성읍,경상사고,0,0,1,0,차대사람 - 횡단중,안전운전불이행,습기,비,단일로 - 기타,승용,남,48세,상해없음,보행자,여,13세,경상
2013061700100493,2013년 6월 17일 20시,월요일,충청남도 예산군 예산읍,경상사고,0,0,1,0,차대차 - 추돌 - 진행중,안전거리미확보,습기,비,교차로 - 교차로안,화물,남,54세,상해없음,승용,여,43세,경상
2013061700100533,2013년 6월 17일 21시,월요일,충청남도 천안시 동남구 봉명동,경상사고,0,0,1,0,차대사람 - 기타,안전운전불이행,습기,비,교차로 - 교차로부근,승용,남,54세,상해없음,보행자,여,16세,경상
2013061700100566,2013년 6월 17일 22시,월요일,충청남도 태안군 태안읍,중상사고,0,1,1,0,차대차 - 추돌 - 진행중,안전운전불이행,습기,비,교차로 - 교차로안,승용,남,34세,상해없음,승용,여,43세,중상
2013061700100567,2013년 6월 17일 22시,월요일,충청남도 천안시 서북구 입장면,중상사고,0,2,0,0,차대차 - 기타,신호위반,습기,비,교차로 - 교차로안,승용,남,56세,상해없음,승용,남,47세,중상
2013061700100568,2013년 6월 17일 22시,월요일,충청남도 아산시 권곡동,경상사고,0,0,4,0,차대차 - 정면충돌,중앙선침범,습기,비,교차로 - 교차로부근,승용,남,51세,상해없음,승용,남,27세,경상
2013061700100569,2013년 6월 17일 22시,월요일,충청남도 서천군 서천읍,경상사고,0,0,3,0,차대차 - 측면직각충돌,신호위반,습기,비,교차로 - 교차로안,승용,여,30세,경상,승용,남,37세,상해없음
2013061700100604,2013년 6월 17일 23시,월요일,충청남도 아산시 방축동,경상사고,0,0,1,0,차대차 - 측면직각충돌,교차로운행방법위반,습기,비,교차로 - 교차로안,기타불명,기타불명,기타불명,기타불명,승용,남,45세,경상
2013061800100067,2013년 6월 18일 03시,화요일,충청남도 공주시 정안면,중상사고,0,1,0,0,차량단독 - 공작물충돌,안전운전불이행,습기,비,단일로 - 기타,승용,남,45세,상해없음,,,,
2013061800100122,2013년 6월 18일 07시,화요일,충청남도 당진시 신평면,경상사고,0,0,1,0,차대차 - 측면직각충돌,안전운전불이행,습기,비,단일로 - 기타,화물,남,54세,상해없음,승용,여,27세,경상
2013061800100146,2013년 6월 18일 08시,화요일,충청남도 천안시 서북구 차암동,경상사고,0,0,7,0,차대차 - 기타,교차로운행방법위반,습기,비,교차로 - 교차로안,승용,남,25세,상해없음,승합,남,46세,경상
2013061800100147,2013년 6월 18일 08시,화요일,충청남도 홍성군 홍성읍,경상사고,0,0,3,0,차대차 - 측면직각충돌,교차로운행방법위반,습기,비,교차로 - 교차로안,승용,여,42세,경상,승용,여,60세,경상
2013061800100271,2013년 6월 18일 12시,화요일,충청남도 홍성군 홍성읍,중상사고,0,1,0,0,차대차 - 측면직각충돌,교차로운행방법위반,습기,비,교차로 - 교차로안,승용,여,35세,상해없음,승용,여,47세,중상
2013061800100272,2013년 6월 18일 12시,화요일,충청남도 예산군 덕산면,경상사고,0,0,1,0,차대차 - 측면직각충돌,직진우회전진행방해,습기,비,교차로 - 교차로안,농기계,남,71세,상해없음,승용,남,43세,경상
2013061800100314,2013년 6월 18일 14시,화요일,충청남도 홍성군 홍성읍,중상사고,0,1,0,0,차대차 - 기타,안전운전불이행,습기,비,단일로 - 기타,승용,남,73세,상해없음,이륜,남,75세,중상
2013061800100315,2013년 6월 18일 14시,화요일,충청남도 당진시 채운동,중상사고,0,1,0,0,차량단독 - 기타,안전운전불이행,습기,비,단일로 - 기타,화물,남,61세,중상,,,,
2013061800100342,2013년 6월 18일 15시,화요일,충청남도 천안시 서북구 백석동,경상사고,0,0,1,0,차대사람 - 기타,보행자보호의무위반,습기,비,단일로 - 횡단보도상,기타불명,기타불명,기타불명,기타불명,보행자,남,11세,경상
2013061800100343,2013년 6월 18일 15시,화요일,충청남도 청양군 남양면,중상사고,0,3,0,0,차대차 - 기타,중앙선침범,습기,비,단일로 - 기타,승용,남,23세,중상,승용,여,57세,중상
2013061800100386,2013년 6월 18일 16시,화요일,충청남도 아산시 온천동,경상사고,0,0,2,0,차대차 - 추돌 - 진행중,안전거리미확보,습기,비,교차로 - 교차로부근,화물,남,46세,상해없음,승용,여,65세,경상
2013061800100430,2013년 6월 18일 17시,화요일,충청남도 아산시 배방읍,경상사고,0,0,1,0,차대차 - 추돌 - 주정차중,안전운전불이행,건조,맑음,단일로 - 기타,승용,여,41세,상해없음,승합,남,48세,경상
2013061800100431,2013년 6월 18일 17시,화요일,충청남도 아산시 음봉면,경상사고,0,0,1,0,차대차 - 기타,안전운전불이행,습기,비,교차로 - 교차로부근,기타불명,기타불명,기타불명,기타불명,이륜,남,53세,경상
2013061800100453,2013년 6월 18일 18시,화요일,충청남도 금산군 금성면,경상사고,0,0,2,0,차대차 - 측면직각충돌,교차로운행방법위반,습기,비,교차로 - 교차로안,승용,남,40세,경상,승용,남,55세,경상
2013061800100503,2013년 6월 18일 19시,화요일,충청남도 금산군 금산읍,경상사고,0,0,3,0,차대차 - 추돌 - 진행중,안전운전불이행,습기,비,교차로 - 교차로부근,승용,남,47세,상해없음,승용,남,48세,경상
2013061800100557,2013년 6월 18일 20시,화요일,충청남도 논산시 부적면,중상사고,0,1,1,0,차대차 - 측면직각충돌,불법유턴,습기,비,단일로 - 기타,승용,남,63세,경상,승용,남,31세,중상
2013061800100558,2013년 6월 18일 20시,화요일,충청남도 아산시 온천동,경상사고,0,0,1,0,차대사람 - 기타,안전운전불이행,습기,비,단일로 - 기타,기타불명,기타불명,기타불명,기타불명,보행자,남,16세,경상
2013061800100559,2013년 6월 18일 20시,화요일,충청남도 천안시 동남구 사직동,경상사고,0,0,1,0,차대차 - 추돌 - 진행중,교차로운행방법위반,습기,비,교차로 - 교차로부근,자전거,남,74세,경상,승용,남,30세,상해없음
2013061800100607,2013년 6월 18일 21시,화요일,충청남도 보령시 대천동,경상사고,0,0,3,0,차대차 - 기타,안전운전불이행,습기,비,교차로 - 교차로부근,승용,남,58세,상해없음,승용,남,40세,경상
2013061800100653,2013년 6월 18일 22시,화요일,충청남도 서산시 수석동,중상사고,0,1,1,0,차대차 - 추돌 - 진행중,안전운전불이행,습기,비,단일로 - 기타,승용,남,36세,상해없음,화물,남,45세,경상
2013061800100654,2013년 6월 18일 22시,화요일,충청남도 서산시 수석동,중상사고,0,1,0,0,차대차 - 기타,안전운전불이행,습기,비,단일로 - 기타,승용,여,48세,중상,승용,남,36세,기타불명
2013061800100655,2013년 6월 18일 22시,화요일,충청남도 천안시 서북구 입장면,경상사고,0,0,4,0,차대차 - 추돌 - 주정차중,안전운전불이행,습기,비,교차로 - 교차로안,승용,남,44세,상해없음,승용,남,26세,경상
2013061800100656,2013년 6월 18일 22시,화요일,충청남도 천안시 서북구 쌍용동,경상사고,0,0,1,0,차대사람 - 횡단중,중앙선침범,습기,비,교차로 - 교차로안,이륜,남,40세,상해없음,보행자,남,13세,경상
2013061800100657,2013년 6월 18일 22시,화요일,충청남도 아산시 용화동,중상사고,0,1,2,0,차대차 - 기타,안전운전불이행,습기,비,단일로 - 기타,승용,남,31세,상해없음,승용,남,39세,경상
2013061800100658,2013년 6월 18일 22시,화요일,충청남도 천안시 동남구 신방동,중상사고,0,1,0,0,차대차 - 기타,안전거리미확보,건조,맑음,교차로 - 교차로부근,원동기,남,16세,중상,승용,남,46세,상해없음
2013061800100691,2013년 6월 18일 23시,화요일,충청남도 아산시 배방읍,중상사고,0,1,0,0,차대사람 - 횡단중,안전운전불이행,습기,비,단일로 - 기타,승용,여,33세,기타불명,보행자,여,24세,중상
2013061900100020,2013년 6월 19일 00시,수요일,충청남도 아산시 염치읍,경상사고,0,0,1,0,차대차 - 정면충돌,중앙선침범,건조,맑음,기타 - 기타,승용,기타불명,기타불명,기타불명,승용,남,28세,경상
2013061900100037,2013년 6월 19일 01시,수요일,충청남도 홍성군 금마면,중상사고,0,1,0,0,차량단독 - 공작물충돌,안전운전불이행,습기,흐림,단일로 - 기타,승용,남,23세,상해없음,,,,
2013061900100097,2013년 6월 19일 06시,수요일,충청남도 보령시 신흑동,중상사고,0,1,0,0,차대차 - 기타,안전운전불이행,습기,맑음,교차로 - 교차로안,승용,남,24세,상해없음,이륜,남,68세,중상
2013061900100098,2013년 6월 19일 06시,수요일,충청남도 당진시 읍내리,경상사고,0,0,5,0,차대차 - 추돌 - 진행중,안전운전불이행,건조,흐림,단일로 - 기타,승용,남,20세,상해없음,화물,남,29세,경상
2013061900100119,2013년 6월 19일 07시,수요일,충청남도 아산시 배방읍,중상사고,0,1,0,0,차대사람 - 횡단중,안전운전불이행,건조,맑음,단일로 - 기타,승용,남,67세,상해없음,보행자,여,73세,중상
2013061900100153,2013년 6월 19일 08시,수요일,충청남도 금산군 군북면,경상사고,0,0,3,0,차대차 - 추돌 - 진행중,안전운전불이행,건조,맑음,단일로 - 기타,승용,남,40세,상해없음,승용,여,42세,경상
2013061900100190,2013년 6월 19일 09시,수요일,충청남도 천안시 서북구 쌍용동,경상사고,0,0,1,0,차대차 - 기타,차로위반,건조,맑음,교차로 - 교차로부근,승합,남,60세,상해없음,승용,여,35세,경상
2013061900100215,2013년 6월 19일 10시,수요일,충청남도 서산시 동문동,중상사고,0,1,0,0,차대사람 - 횡단중,안전운전불이행,건조,맑음,단일로 - 기타,승합,남,49세,상해없음,보행자,남,73세,중상
2013061900100233,2013년 6월 19일 11시,수요일,충청남도 공주시 유구읍,경상사고,0,0,2,0,차대차 - 기타,안전운전불이행,건조,맑음,단일로 - 기타,승용,남,66세,상해없음,이륜,남,63세,경상
2013061900100287,2013년 6월 19일 13시,수요일,충청남도 태안군 남면,중상사고,0,2,0,0,차량단독 - 공작물충돌,기타,건조,맑음,단일로 - 기타,이륜,여,67세,중상,,,,
2013061900100288,2013년 6월 19일 13시,수요일,충청남도 아산시 배방읍,경상사고,0,0,1,0,차대차 - 추돌 - 진행중,안전운전불이행,건조,맑음,단일로 - 기타,승용,남,29세,상해없음,승용,남,35세,경상
2013061900100316,2013년 6월 19일 14시,수요일,충청남도 천안시 서북구 두정동,경상사고,0,0,1,0,차대차 - 기타,안전운전불이행,건조,맑음,단일로 - 기타,승용,남,30세,상해없음,화물,남,35세,경상
2013061900100317,2013년 6월 19일 14시,수요일,충청남도 아산시 둔포면,중상사고,0,1,1,0,차대차 - 기타,안전거리미확보,건조,맑음,단일로 - 기타,승용,남,23세,상해없음,화물,남,53세,경상
2013061900100385,2013년 6월 19일 16시,수요일,충청남도 서산시 운산면,중상사고,0,1,2,0,차대차 - 측면직각충돌,직진우회전진행방해,건조,맑음,교차로 - 교차로안,승용,여,52세,경상,승용,남,54세,경상
2013061900100386,2013년 6월 19일 16시,수요일,충청남도 청양군 정산면,중상사고,0,1,0,0,차대차 - 측면직각충돌,직진우회전진행방해,건조,맑음,교차로 - 교차로안,이륜,남,73세,중상,승용,남,73세,상해없음
2013061900100387,2013년 6월 19일 16시,수요일,충청남도 천안시 동남구 신부동,중상사고,0,1,0,0,차대차 - 추돌 - 진행중,안전운전불이행,건조,맑음,단일로 - 기타,승용,여,39세,상해없음,이륜,남,16세,중상
2013061900100463,2013년 6월 19일 18시,수요일,충청남도 태안군 안면읍,중상사고,0,1,0,0,차대차 - 정면충돌,중앙선침범,건조,맑음,기타 - 기타,승용,남,50세,상해없음,승용,여,43세,중상
2013061900100464,2013년 6월 19일 18시,수요일,충청남도 아산시 권곡동,경상사고,0,0,1,0,차대차 - 정면충돌,안전운전불이행,건조,맑음,교차로 - 교차로부근,승용,남,31세,상해없음,승합,남,62세,기타불명
2013061900100495,2013년 6월 19일 19시,수요일,충청남도 천안시 서북구 성성동,중상사고,0,1,0,0,차대차 - 기타,안전운전불이행,건조,맑음,단일로 - 기타,화물,남,28세,기타불명,건설기계,남,38세,중상
2013061900100521,2013년 6월 19일 20시,수요일,충청남도 서산시 인지면,중상사고,0,2,0,0,차대차 - 측면직각충돌,직진우회전진행방해,건조,맑음,교차로 - 교차로안,화물,남,64세,상해없음,승합,남,57세,중상
2013062000100029,2013년 6월 20일 01시,목요일,충청남도 태안군 남면,중상사고,0,1,0,0,차량단독 - 공작물충돌,안전운전불이행,건조,맑음,단일로 - 기타,승용,남,49세,중상,,,,
2013062000100030,2013년 6월 20일 01시,목요일,충청남도 천안시 서북구 두정동,경상사고,0,0,2,0,차대차 - 측면직각충돌,신호위반,건조,맑음,교차로 - 교차로안,승용,남,49세,상해없음,승용,남,42세,경상
2013062000100047,2013년 6월 20일 03시,목요일,충청남도 보령시 대천동,경상사고,0,0,1,0,차대사람 - 기타,신호위반,건조,맑음,교차로 - 교차로부근,승용,남,50세,기타불명,보행자,남,23세,경상
2013062000100051,2013년 6월 20일 04시,목요일,충청남도 홍성군 홍성읍,중상사고,0,1,1,0,차대차 - 정면충돌,중앙선침범,건조,맑음,교차로 - 교차로부근,승용,남,29세,상해없음,승용,남,54세,중상
2013062000100058,2013년 6월 20일 05시,목요일,충청남도 논산시 연무읍,중상사고,0,2,0,0,차대차 - 정면충돌,중앙선침범,건조,흐림,단일로 - 기타,승용,남,19세,중상,화물,남,50세,중상
2013062000100129,2013년 6월 20일 08시,목요일,충청남도 태안군 태안읍,중상사고,0,3,0,0,차대차 - 추돌 - 주정차중,안전운전불이행,건조,맑음,교차로 - 교차로부근,화물,남,38세,상해없음,승용,여,29세,중상
2013062000100130,2013년 6월 20일 08시,목요일,충청남도 홍성군 홍성읍,중상사고,0,2,4,0,차대차 - 측면직각충돌,교차로운행방법위반,건조,맑음,교차로 - 교차로안,승용,여,37세,상해없음,승용,여,35세,경상
2013062000100176,2013년 6월 20일 09시,목요일,충청남도 계룡시 엄사면,경상사고,0,0,2,0,차대차 - 기타,안전거리미확보,건조,맑음,단일로 - 기타,승용,남,55세,경상,건설기계,남,35세,경상
2013062000100248,2013년 6월 20일 12시,목요일,충청남도 천안시 동남구 구룡동,경상사고,0,0,3,0,차대차 - 기타,교차로운행방법위반,건조,맑음,교차로 - 교차로안,승용,남,48세,기타불명,화물,남,62세,경상
2013062000100249,2013년 6월 20일 12시,목요일,충청남도 천안시 동남구 병천면,중상사고,0,1,0,0,차대차 - 기타,안전운전불이행,건조,맑음,교차로 - 교차로부근,화물,남,48세,상해없음,승용,남,35세,중상
2013062000100266,2013년 6월 20일 13시,목요일,충청남도 당진시 원당리,경상사고,0,0,1,0,차대차 - 측면직각충돌,신호위반,건조,맑음,교차로 - 교차로안,승용,여,52세,상해없음,승용,여,48세,경상
2013062000100289,2013년 6월 20일 14시,목요일,충청남도 부여군 부여읍,중상사고,0,1,0,0,차대사람 - 기타,안전운전불이행,건조,맑음,단일로 - 기타,화물,남,37세,상해없음,보행자,남,65세,중상
2013062000100290,2013년 6월 20일 14시,목요일,충청남도 천안시 동남구 광덕면,중상사고,0,1,0,0,차대사람 - 기타,안전운전불이행,건조,맑음,단일로 - 기타,화물,남,50세,상해없음,보행자,여,57세,중상
2013062000100328,2013년 6월 20일 15시,목요일,충청남도 천안시 서북구 입장면,부상신고사고,0,0,0,1,차대차 - 기타,신호위반,건조,맑음,교차로 - 교차로안,원동기,남,55세,상해없음,승용,남,45세,상해없음
2013062000100329,2013년 6월 20일 15시,목요일,충청남도 당진시 읍내리,경상사고,0,0,3,0,차대차 - 측면직각충돌,교차로운행방법위반,건조,맑음,교차로 - 교차로안,승용,여,47세,경상,승용,남,64세,경상
2013062000100330,2013년 6월 20일 15시,목요일,충청남도 천안시 동남구 수신면,중상사고,0,1,0,0,차대차 - 기타,안전운전불이행,건조,맑음,단일로 - 기타,이륜,남,75세,중상,승용,여,53세,상해없음
2013062000100396,2013년 6월 20일 17시,목요일,충청남도 보령시 청소면,경상사고,0,0,1,0,차대차 - 정면충돌,안전운전불이행,건조,맑음,단일로 - 기타,화물,남,35세,상해없음,농기계,남,48세,상해없음
2013062000100435,2013년 6월 20일 18시,목요일,충청남도 천안시 서북구 백석동,경상사고,0,0,2,0,차대차 - 기타,안전운전불이행,건조,맑음,단일로 - 기타,승용,남,29세,상해없음,승용,남,28세,경상
2013062000100436,2013년 6월 20일 18시,목요일,충청남도 아산시 인주면,사망사고,1,1,0,0,차대차 - 정면충돌,중앙선침범,건조,맑음,단일로 - 기타,화물,남,51세,사망,화물,남,55세,중상
2013062000100437,2013년 6월 20일 18시,목요일,충청남도 서천군 장항읍,경상사고,0,0,2,0,차대차 - 기타,안전거리미확보,건조,맑음,단일로 - 기타,이륜,남,48세,상해없음,화물,남,33세,경상
2013062000100438,2013년 6월 20일 18시,목요일,충청남도 부여군 초촌면,경상사고,0,0,1,0,차대차 - 기타,안전운전불이행,건조,맑음,교차로 - 교차로안,이륜,남,57세,경상,승용,남,42세,상해없음
2013062000100485,2013년 6월 20일 19시,목요일,충청남도 천안시 서북구 두정동,경상사고,0,0,1,0,차대차 - 기타,안전운전불이행,건조,맑음,교차로 - 교차로안,승용,남,31세,상해없음,승용,여,39세,상해없음
2013062000100512,2013년 6월 20일 20시,목요일,충청남도 당진시 수청리,중상사고,0,1,0,0,차대차 - 측면직각충돌,신호위반,건조,흐림,교차로 - 교차로부근,승용,남,48세,기타불명,화물,여,45세,중상
2013062000100574,2013년 6월 20일 22시,목요일,충청남도 천안시 동남구 용곡동,경상사고,0,0,2,0,차대차 - 기타,안전운전불이행,건조,맑음,교차로 - 교차로부근,승용,남,48세,상해없음,승용,여,50세,경상
2013062000100610,2013년 6월 20일 23시,목요일,충청남도 홍성군 홍북면,경상사고,0,0,1,0,차대차 - 추돌 - 진행중,안전운전불이행,건조,맑음,단일로 - 기타,승용,남,39세,상해없음,화물,남,51세,경상
2013062100100039,2013년 6월 21일 02시,금요일,충청남도 금산군 추부면,경상사고,0,0,1,0,차대사람 - 보도통행중,안전운전불이행,건조,맑음,단일로 - 기타,승용,남,23세,상해없음,보행자,남,22세,경상
2013062100100085,2013년 6월 21일 06시,금요일,충청남도 서천군 종천면,중상사고,0,1,0,0,차대차 - 측면직각충돌,신호위반,건조,맑음,교차로 - 교차로안,승용,남,35세,상해없음,이륜,남,70세,중상
2013062100100134,2013년 6월 21일 08시,금요일,충청남도 공주시 우성면,중상사고,0,1,0,0,차대사람 - 횡단중,안전운전불이행,건조,맑음,단일로 - 기타,원동기,남,70세,상해없음,보행자,여,67세,중상