사고번호,사고일시,요일,시군구,사고내용,사망자수,중상자수,경상자수,부상신고자수,사고유형,법규위반,노면상태,기상상태,도로형태,가해운전자 차종,가해운전자 성별,가해운전자 연령,가해운전자 상해정도,피해운전자 차종,피해운전자 성별,피해운전자 연령,피해운전자 상해정도
2013062100100196,2013년 6월 21일 10시,금요일,충청남도 아산시 배방읍,경상사고,0,0,1,0,차대차 - 기타,신호위반,건조,맑음,교차로 - 교차로안,승용,여,31세,상해없음,승용,여,37세,경상
2013062100100197,2013년 6월 21일 10시,금요일,충청남도 공주시 신관동,중상사고,0,2,0,0,차대차 - 정면충돌,중앙선침범,건조,맑음,단일로 - 기타,화물,남,44세,상해없음,승용,남,41세,중상
2013062100100223,2013년 6월 21일 11시,금요일,충청남도 홍성군 은하면,사망사고,2,0,2,0,차대차 - 기타,안전운전불이행,건조,맑음,단일로 - 교량,화물,남,51세,상해없음,화물,남,61세,상해없음
2013062100100272,2013년 6월 21일 13시,금요일,충청남도 서천군 장항읍,경상사고,0,0,4,0,차대차 - 측면직각충돌,교차로운행방법위반,건조,맑음,교차로 - 교차로부근,승용,여,36세,경상,승용,여,24세,경상
2013062100100273,2013년 6월 21일 13시,금요일,충청남도 보령시 남포면,중상사고,0,1,0,0,차대차 - 기타,중앙선침범,습기,흐림,단일로 - 기타,이륜,기타불명,기타불명,기타불명,승용,남,54세,중상
2013062100100299,2013년 6월 21일 14시,금요일,충청남도 홍성군 금마면,경상사고,0,0,1,0,차대차 - 측면직각충돌,신호위반,건조,맑음,교차로 - 교차로안,승용,남,55세,상해없음,화물,남,56세,경상
2013062100100300,2013년 6월 21일 14시,금요일,충청남도 아산시 배방읍,경상사고,0,0,1,0,차대차 - 기타,안전운전불이행,건조,맑음,교차로 - 교차로안,승용,여,56세,상해없음,승용,남,40세,경상
2013062100100371,2013년 6월 21일 16시,금요일,충청남도 서산시 인지면,중상사고,0,1,0,0,차대차 - 측면직각충돌,안전운전불이행,건조,맑음,교차로 - 교차로안,자전거,남,48세,중상,승용,남,57세,상해없음
2013062100100372,2013년 6월 21일 16시,금요일,충청남도 천안시 서북구 성정동,경상사고,0,0,1,0,차대사람 - 기타,안전운전불이행,건조,맑음,단일로 - 기타,기타불명,기타불명,기타불명,기타불명,보행자,여,18세,경상
2013062100100416,2013년 6월 21일 17시,금요일,충청남도 서산시 동문동,경상사고,0,0,1,0,차대사람 - 보도통행중,보행자보호의무위반,건조,맑음,교차로 - 교차로안,승용,남,57세,상해없음,보행자,남,17세,경상
2013062100100453,2013년 6월 21일 18시,금요일,충청남도 당진시 송악읍,중상사고,0,1,0,0,차대차 - 기타,안전운전불이행,건조,맑음,교차로 - 교차로부근,승합,남,58세,상해없음,승용,남,44세,중상
2013062100100527,2013년 6월 21일 20시,금요일,충청남도 홍성군 홍성읍,중상사고,0,1,0,0,차대차 - 측면직각충돌,신호위반,건조,맑음,단일로 - 기타,승용,여,62세,상해없음,승용,남,29세,중상
2013062100100528,2013년 6월 21일 20시,금요일,충청남도 예산군 예산읍,경상사고,0,0,1,0,차대차 - 기타,신호위반,건조,맑음,교차로 - 교차로안,승용,남,64세,상해없음,승용,남,47세,경상
2013062100100563,2013년 6월 21일 21시,금요일,충청남도 논산시 내동,중상사고,0,1,1,0,차대차 - 측면직각충돌,교차로운행방법위반,건조,맑음,교차로 - 교차로안,승용,남,49세,경상,승용,남,47세,중상
2013062100100564,2013년 6월 21일 21시,금요일,충청남도 당진시 신평면,경상사고,0,0,2,0,차대차 - 추돌 - 진행중,안전운전불이행,건조,맑음,단일로 - 기타,승용,남,53세,경상,승용,남,49세,경상
2013062100100600,2013년 6월 21일 22시,금요일,충청남도 서산시 석림동,중상사고,0,1,1,0,차대사람 - 기타,안전운전불이행,건조,맑음,기타 - 기타,승용,남,31세,상해없음,보행자,남,53세,중상
2013062100100601,2013년 6월 21일 22시,금요일,충청남도 금산군 추부면,경상사고,0,0,1,0,차대차 - 기타,신호위반,건조,맑음,교차로 - 교차로안,화물,남,31세,상해없음,화물,남,30세,경상
2013062100100602,2013년 6월 21일 22시,금요일,충청남도 공주시 정안면,경상사고,0,0,1,0,차대차 - 측면직각충돌,기타,건조,맑음,단일로 - 기타,승용,남,49세,상해없음,승용,남,26세,경상
2013062100100639,2013년 6월 21일 23시,금요일,충청남도 보령시 명천동,경상사고,0,0,1,0,차대차 - 추돌 - 주정차중,안전운전불이행,건조,맑음,단일로 - 기타,승용,남,31세,상해없음,승용,여,29세,경상
2013062200100022,2013년 6월 22일 00시,토요일,충청남도 천안시 서북구 직산읍,중상사고,0,1,0,0,차대차 - 정면충돌,중앙선침범,건조,맑음,단일로 - 기타,자전거,남,15세,상해없음,원동기,남,32세,중상
2013062200100048,2013년 6월 22일 01시,토요일,충청남도 천안시 서북구 성정동,중상사고,0,1,0,0,차대사람 - 기타,안전운전불이행,건조,맑음,교차로 - 교차로안,승용,남,32세,상해없음,보행자,여,52세,중상
2013062200100157,2013년 6월 22일 07시,토요일,충청남도 태안군 원북면,경상사고,0,0,1,0,차대차 - 측면직각충돌,안전운전불이행,건조,맑음,단일로 - 기타,건설기계,남,49세,경상,건설기계,남,37세,상해없음
2013062200100158,2013년 6월 22일 07시,토요일,충청남도 청양군 청양읍,중상사고,0,1,0,0,차대차 - 측면직각충돌,안전운전불이행,건조,맑음,단일로 - 기타,승용,남,34세,상해없음,이륜,남,17세,중상
2013062200100229,2013년 6월 22일 10시,토요일,충청남도 서산시 운산면,중상사고,0,3,0,0,차대차 - 추돌 - 진행중,안전운전불이행,건조,맑음,교차로 - 교차로부근,건설기계,남,48세,상해없음,승합,남,47세,중상
2013062200100230,2013년 6월 22일 10시,토요일,충청남도 서천군 서면,경상사고,0,0,1,0,차대차 - 측면직각충돌,직진우회전진행방해,건조,맑음,교차로 - 교차로안,승용,남,69세,상해없음,화물,여,52세,경상
2013062200100254,2013년 6월 22일 11시,토요일,충청남도 금산군 금산읍,경상사고,0,0,2,0,차대차 - 기타,교차로운행방법위반,건조,맑음,교차로 - 교차로안,승용,여,39세,경상,화물,남,34세,경상
2013062200100322,2013년 6월 22일 13시,토요일,충청남도 당진시 합덕읍,경상사고,0,0,1,0,차대차 - 측면직각충돌,신호위반,건조,맑음,교차로 - 교차로안,승용,남,42세,상해없음,승용,남,22세,경상
2013062200100359,2013년 6월 22일 14시,토요일,충청남도 천안시 서북구 두정동,중상사고,0,1,0,0,차대차 - 추돌 - 주정차중,기타,건조,맑음,단일로 - 기타,승용,남,25세,상해없음,자전거,남,15세,중상
2013062200100360,2013년 6월 22일 14시,토요일,충청남도 부여군 부여읍,중상사고,0,2,0,0,차대차 - 추돌 - 주정차중,안전운전불이행,건조,맑음,단일로 - 기타,화물,여,55세,상해없음,승용,여,45세,중상
2013062200100388,2013년 6월 22일 15시,토요일,충청남도 보령시 신흑동,중상사고,0,1,0,0,차량단독 - 전도전복,안전운전불이행,건조,맑음,단일로 - 기타,자전거,남,33세,중상,,,,
2013062200100417,2013년 6월 22일 16시,토요일,충청남도 당진시 합덕읍,중상사고,0,1,4,0,차대차 - 측면직각충돌,교차로운행방법위반,건조,맑음,교차로 - 교차로안,승용,남,65세,경상,승용,여,41세,중상
2013062200100418,2013년 6월 22일 16시,토요일,충청남도 금산군 남이면,경상사고,0,0,3,0,차대차 - 정면충돌,중앙선침범,건조,맑음,단일로 - 기타,화물,남,60세,경상,승용,남,48세,경상
2013062200100419,2013년 6월 22일 16시,토요일,충청남도 청양군 운곡면,경상사고,0,0,2,0,차대차 - 추돌 - 진행중,안전거리미확보,건조,맑음,단일로 - 기타,화물,남,46세,상해없음,승용,여,45세,경상
2013062200100443,2013년 6월 22일 17시,토요일,충청남도 태안군 원북면,경상사고,0,0,1,0,차대사람 - 기타,안전운전불이행,건조,맑음,단일로 - 기타,승합,남,34세,상해없음,보행자,여,6세,경상
2013062200100465,2013년 6월 22일 18시,토요일,충청남도 금산군 추부면,중상사고,0,2,0,0,차대차 - 기타,과속,건조,맑음,교차로 - 교차로부근,승용,남,57세,중상,승용,남,69세,상해없음
2013062200100517,2013년 6월 22일 20시,토요일,충청남도 계룡시 엄사면,경상사고,0,0,2,0,차대차 - 추돌 - 진행중,안전운전불이행,건조,맑음,교차로 - 교차로부근,승용,남,53세,상해없음,승용,여,47세,경상
2013062200100550,2013년 6월 22일 21시,토요일,충청남도 천안시 서북구 두정동,중상사고,0,1,0,0,차대차 - 기타,안전운전불이행,건조,맑음,교차로 - 교차로안,승용,남,59세,상해없음,이륜,남,20세,중상
2013062200100551,2013년 6월 22일 21시,토요일,충청남도 서천군 장항읍,중상사고,0,2,0,0,차대차 - 기타,직진우회전진행방해,습기,비,교차로 - 교차로안,승용,남,50세,상해없음,이륜,남,18세,중상
2013062200100552,2013년 6월 22일 21시,토요일,충청남도 보령시 성주면,중상사고,0,1,0,0,차대차 - 추돌 - 주정차중,안전운전불이행,건조,맑음,단일로 - 기타,승용,남,61세,상해없음,승용,남,52세,중상
2013062200100553,2013년 6월 22일 21시,토요일,충청남도 보령시 성주면,경상사고,0,0,1,0,차대차 - 기타,중앙선침범,건조,맑음,단일로 - 기타,승용,남,61세,상해없음,승합,남,38세,상해없음
2013062200100588,2013년 6월 22일 22시,토요일,충청남도 예산군 오가면,경상사고,0,0,1,0,차량단독 - 전도전복,안전운전불이행,건조,맑음,단일로 - 기타,승용,남,38세,경상,,,,
2013062200100589,2013년 6월 22일 22시,토요일,충청남도 당진시 읍내리,경상사고,0,0,2,0,차대차 - 기타,신호위반,건조,맑음,교차로 - 교차로안,승용,남,27세,상해없음,승용,남,40세,상해없음
2013062200100618,2013년 6월 22일 23시,토요일,충청남도 천안시 서북구 두정동,경상사고,0,0,2,0,차대차 - 측면직각충돌,교차로운행방법위반,건조,맑음,교차로 - 교차로안,승용,남,35세,상해없음,승용,여,29세,경상
2013062300100018,2013년 6월 23일 00시,일요일,충청남도 서산시 해미면,중상사고,0,1,0,0,차대사람 - 기타,안전운전불이행,건조,맑음,교차로 - 교차로부근,승용,남,18세,상해없음,보행자,남,49세,중상
2013062300100019,2013년 6월 23일 00시,일요일,충청남도 천안시 서북구 성정동,경상사고,0,0,2,0,차대차 - 기타,안전운전불이행,건조,맑음,교차로 - 교차로부근,승용,남,32세,상해없음,승용,남,64세,경상
2013062300100070,2013년 6월 23일 02시,일요일,충청남도 서산시 석림동,경상사고,0,0,6,0,차대차 - 측면직각충돌,안전운전불이행,건조,맑음,교차로 - 교차로안,승용,남,17세,경상,승용,남,47세,상해없음
2013062300100071,2013년 6월 23일 02시,일요일,충청남도 금산군 금산읍,경상사고,0,0,1,0,차대사람 - 차도통행중,안전운전불이행,건조,맑음,단일로 - 기타,기타불명,기타불명,기타불명,기타불명,보행자,남,51세,경상
2013062300100117,2013년 6월 23일 06시,일요일,충청남도 보령시 남곡동,중상사고,0,1,0,0,차대차 - 기타,안전운전불이행,습기,비,단일로 - 기타,승용,남,23세,중상,승용,기타불명,기타불명,기타불명
2013062300100142,2013년 6월 23일 08시,일요일,충청남도 예산군 예산읍,경상사고,0,0,1,0,차대차 - 측면직각충돌,안전운전불이행,건조,맑음,단일로 - 기타,원동기,남,58세,경상,승용,여,41세,상해없음
2013062300100143,2013년 6월 23일 08시,일요일,충청남도 천안시 동남구 신부동,중상사고,0,1,0,0,차대사람 - 기타,안전운전불이행,건조,맑음,단일로 - 기타,승합,남,59세,상해없음,보행자,여,18세,중상
2013062300100159,2013년 6월 23일 09시,일요일,충청남도 홍성군 서부면,중상사고,0,1,0,0,차량단독 - 전도전복,안전운전불이행,건조,맑음,단일로 - 기타,이륜,남,72세,중상,,,,
2013062300100160,2013년 6월 23일 09시,일요일,충청남도 아산시 초사동,중상사고,0,1,0,0,차대차 - 측면직각충돌,안전운전불이행,건조,맑음,교차로 - 교차로안,승용,남,32세,상해없음,자전거,남,47세,중상
2013062300100178,2013년 6월 23일 10시,일요일,충청남도 공주시 소학동,경상사고,0,0,2,0,차대차 - 측면직각충돌,중앙선침범,건조,맑음,단일로 - 기타,승용,남,51세,상해없음,승합,남,27세,경상
2013062300100267,2013년 6월 23일 14시,일요일,충청남도 천안시 서북구 두정동,중상사고,0,1,1,0,차대차 - 측면직각충돌,교차로운행방법위반,건조,맑음,교차로 - 교차로안,승용,남,62세,상해없음,승용,남,30세,중상
2013062300100268,2013년 6월 23일 14시,일요일,충청남도 서천군 마서면,중상사고,0,2,1,0,차대차 - 측면직각충돌,신호위반,습기,비,교차로 - 교차로안,승합,남,59세,상해없음,승용,남,52세,중상
2013062300100269,2013년 6월 23일 14시,일요일,충청남도 보령시 명천동,중상사고,0,1,0,0,차대차 - 기타,안전운전불이행,건조,맑음,단일로 - 기타,승용,남,57세,상해없음,이륜,남,25세,중상
2013062300100309,2013년 6월 23일 15시,일요일,충청남도 금산군 복수면,경상사고,0,0,1,0,차대차 - 기타,안전운전불이행,습기,비,단일로 - 기타,이륜,남,42세,기타불명,승용,남,42세,상해없음
2013062300100310,2013년 6월 23일 15시,일요일,충청남도 천안시 동남구 광덕면,중상사고,0,1,0,0,차대사람 - 기타,안전운전불이행,건조,흐림,단일로 - 기타,승용,남,48세,상해없음,보행자,여,52세,중상
2013062300100435,2013년 6월 23일 19시,일요일,충청남도 당진시 시곡리,경상사고,0,0,1,0,차대차 - 추돌 - 진행중,안전운전불이행,건조,맑음,교차로 - 교차로부근,승용,남,30세,상해없음,승용,남,48세,상해없음
2013062300100462,2013년 6월 23일 20시,일요일,충청남도 서산시 동문동,경상사고,0,0,1,0,차대차 - 측면직각충돌,차로위반,건조,맑음,교차로 - 교차로부근,원동기,남,19세,경상,원동기,남,17세,상해없음
2013062300100463,2013년 6월 23일 20시,일요일,충청남도 천안시 동남구 신부동,경상사고,0,0,1,0,차대사람 - 기타,안전운전불이행,건조,맑음,단일로 - 기타,승용,남,23세,상해없음,보행자,남,52세,경상
2013062300100512,2013년 6월 23일 22시,일요일,충청남도 당진시 신평면,중상사고,0,1,0,0,차대차 - 기타,안전운전불이행,건조,맑음,단일로 - 기타,기타불명,기타불명,기타불명,기타불명,자전거,남,90세 이상,중상
2013062400100011,2013년 6월 24일 01시,월요일,충청남도 천안시 동남구 풍세면,중상사고,0,1,0,0,차량단독 - 기타,안전운전불이행,건조,맑음,단일로 - 기타,이륜,남,35세,중상,,,,
2013062400100080,2013년 6월 24일 07시,월요일,충청남도 서산시 석림동,경상사고,0,0,1,0,차대차 - 측면직각충돌,직진우회전진행방해,건조,맑음,교차로 - 교차로안,화물,남,63세,상해없음,승용,여,39세,경상
2013062400100081,2013년 6월 24일 07시,월요일,충청남도 보령시 주포면,중상사고,0,1,1,0,차대차 - 측면직각충돌,신호위반,건조,맑음,교차로 - 교차로안,승용,남,30세,경상,승용,여,28세,중상
2013062400100082,2013년 6월 24일 07시,월요일,충청남도 예산군 고덕면,경상사고,0,0,2,0,차대차 - 측면직각충돌,직진우회전진행방해,건조,맑음,교차로 - 교차로안,농기계,남,70세,기타불명,승용,남,43세,경상
2013062400100083,2013년 6월 24일 07시,월요일,충청남도 당진시 읍내리,경상사고,0,0,3,0,차대차 - 측면직각충돌,교차로운행방법위반,건조,맑음,교차로 - 교차로안,화물,여,49세,경상,승용,남,52세,경상
2013062400100117,2013년 6월 24일 08시,월요일,충청남도 공주시 옥룡동,경상사고,0,0,1,0,차대차 - 기타,안전거리미확보,건조,맑음,단일로 - 기타,승용,남,62세,상해없음,승용,남,26세,경상
2013062400100171,2013년 6월 24일 10시,월요일,충청남도 서산시 읍내동,중상사고,0,1,0,0,차대차 - 측면직각충돌,안전운전불이행,건조,맑음,교차로 - 교차로부근,승용,여,50세,상해없음,이륜,남,92세,중상
2013062400100172,2013년 6월 24일 10시,월요일,충청남도 논산시 취암동,중상사고,0,1,0,0,차대차 - 측면직각충돌,직진우회전진행방해,건조,맑음,교차로 - 교차로안,승합,여,56세,중상,승용,남,64세,상해없음
2013062400100222,2013년 6월 24일 12시,월요일,충청남도 논산시 연무읍,중상사고,0,1,0,0,차대차 - 정면충돌,중앙선침범,건조,맑음,단일로 - 기타,승용,남,46세,상해없음,승용,남,35세,중상
2013062400100223,2013년 6월 24일 12시,월요일,충청남도 부여군 부여읍,사망사고,1,0,0,0,차대사람 - 기타,안전운전불이행,건조,맑음,교차로 - 교차로안,승합,남,46세,상해없음,보행자,남,71세,사망
2013062400100278,2013년 6월 24일 14시,월요일,충청남도 서산시 동문동,중상사고,0,2,0,0,차대차 - 측면직각충돌,안전운전불이행,건조,맑음,단일로 - 기타,승용,여,48세,상해없음,이륜,남,70세,중상
2013062400100280,2013년 6월 24일 14시,월요일,충청남도 당진시 송악읍,경상사고,0,0,3,0,차대차 - 추돌 - 진행중,안전운전불이행,건조,맑음,단일로 - 기타,승용,남,49세,상해없음,승용,남,30세,경상
2013062400100307,2013년 6월 24일 15시,월요일,충청남도 천안시 서북구 신당동,경상사고,0,0,3,0,차대차 - 측면직각충돌,안전거리미확보,건조,맑음,교차로 - 교차로안,승용,여,27세,경상,화물,남,31세,상해없음
2013062400100308,2013년 6월 24일 15시,월요일,충청남도 천안시 동남구 목천읍,경상사고,0,0,2,0,차대차 - 추돌 - 진행중,안전거리미확보,습기,비,단일로 - 기타,승용,남,33세,상해없음,승용,남,34세,경상
2013062400100347,2013년 6월 24일 16시,월요일,충청남도 논산시 강경읍,경상사고,0,0,1,0,차대차 - 기타,교차로운행방법위반,건조,맑음,교차로 - 교차로안,자전거,여,37세,경상,승용,여,38세,상해없음
2013062400100348,2013년 6월 24일 16시,월요일,충청남도 청양군 대치면,중상사고,0,1,0,0,차대사람 - 기타,안전운전불이행,건조,맑음,단일로 - 기타,승용,남,52세,상해없음,보행자,여,79세,중상
2013062400100420,2013년 6월 24일 18시,월요일,충청남도 태안군 원북면,부상신고사고,0,0,0,1,차대차 - 정면충돌,중앙선침범,습기,맑음,단일로 - 기타,승용,여,64세,부상신고,승용,남,40세,상해없음
2013062400100421,2013년 6월 24일 18시,월요일,충청남도 논산시 강경읍,중상사고,0,1,1,0,차대사람 - 횡단중,안전운전불이행,건조,맑음,단일로 - 기타,자전거,남,52세,중상,보행자,남,47세,경상
2013062400100489,2013년 6월 24일 20시,월요일,충청남도 부여군 부여읍,중상사고,0,1,0,0,차대사람 - 기타,안전운전불이행,건조,맑음,단일로 - 기타,승합,남,50세,상해없음,보행자,여,70세,중상
2013062400100528,2013년 6월 24일 21시,월요일,충청남도 논산시 연산면,경상사고,0,0,3,0,차대차 - 기타,중앙선침범,건조,맑음,교차로 - 교차로부근,화물,남,78세,상해없음,승용,남,44세,경상
2013062400100529,2013년 6월 24일 21시,월요일,충청남도 아산시 배미동,경상사고,0,0,3,0,차대차 - 추돌 - 진행중,안전운전불이행,건조,맑음,단일로 - 기타,승용,남,38세,상해없음,승용,여,28세,경상
2013062400100556,2013년 6월 24일 22시,월요일,충청남도 천안시 서북구 두정동,중상사고,0,1,0,0,차대차 - 추돌 - 주정차중,안전운전불이행,건조,맑음,교차로 - 교차로부근,화물,남,44세,상해없음,승용,남,32세,중상
2013062400100596,2013년 6월 24일 23시,월요일,충청남도 청양군 청양읍,중상사고,0,2,0,0,차대차 - 기타,중앙선침범,건조,맑음,단일로 - 기타,화물,여,50세,상해없음,승용,남,32세,중상
2013062500100016,2013년 6월 25일 00시,화요일,충청남도 공주시 금성동,중상사고,0,1,0,0,차량단독 - 공작물충돌,안전운전불이행,건조,맑음,교차로 - 교차로안,승용,남,21세,상해없음,,,,
2013062500100017,2013년 6월 25일 00시,화요일,충청남도 당진시 정미면,경상사고,0,0,2,0,차대차 - 추돌 - 진행중,안전거리미확보,건조,맑음,단일로 - 기타,승용,남,25세,상해없음,화물,남,35세,경상
2013062500100032,2013년 6월 25일 01시,화요일,충청남도 서산시 동문동,사망사고,1,1,0,0,차대차 - 측면직각충돌,직진우회전진행방해,건조,맑음,교차로 - 교차로안,승용,남,42세,상해없음,승용,남,34세,상해없음
2013062500100033,2013년 6월 25일 01시,화요일,충청남도 당진시 수청리,중상사고,0,1,0,0,차대차 - 측면직각충돌,교차로운행방법위반,건조,맑음,교차로 - 교차로안,승용,남,26세,상해없음,이륜,남,32세,중상
2013062500100089,2013년 6월 25일 06시,화요일,충청남도 당진시 신평면,중상사고,0,1,0,0,차대차 - 측면직각충돌,안전운전불이행,건조,맑음,교차로 - 교차로부근,승용,남,47세,상해없음,자전거,남,90세,중상
2013062500100111,2013년 6월 25일 07시,화요일,충청남도 서천군 종천면,중상사고,0,1,0,0,차대사람 - 기타,안전운전불이행,건조,맑음,단일로 - 기타,승용,남,73세,상해없음,보행자,여,78세,중상
2013062500100140,2013년 6월 25일 08시,화요일,충청남도 서천군 마서면,경상사고,0,0,3,0,차대차 - 측면직각충돌,직진우회전진행방해,건조,맑음,교차로 - 교차로안,승용,남,80세,경상,승용,남,48세,경상
2013062500100174,2013년 6월 25일 09시,화요일,충청남도 당진시 합덕읍,중상사고,0,2,1,0,차량단독 - 도로외이탈 - 기타,안전운전불이행,건조,맑음,단일로 - 횡단보도부근,승용,남,21세,경상,,,,
2013062500100200,2013년 6월 25일 10시,화요일,충청남도 공주시 정안면,중상사고,0,1,0,0,차대차 - 정면충돌,중앙선침범,건조,맑음,단일로 - 기타,승용,남,63세,기타불명,화물,남,48세,중상
2013062500100201,2013년 6월 25일 10시,화요일,충청남도 천안시 동남구 목천읍,중상사고,0,1,1,0,차대차 - 기타,중앙선침범,건조,맑음,단일로 - 기타,승용,남,60세,상해없음,승합,남,46세,중상
2013062500100231,2013년 6월 25일 11시,화요일,충청남도 태안군 소원면,중상사고,0,1,0,0,차대차 - 측면직각충돌,안전운전불이행,건조,맑음,단일로 - 기타,화물,남,69세,상해없음,승용,남,35세,중상
2013062500100232,2013년 6월 25일 11시,화요일,충청남도 부여군 장암면,중상사고,0,4,0,0,차대차 - 정면충돌,중앙선침범,건조,맑음,단일로 - 기타,승합,남,70세,상해없음,승합,여,63세,중상
2013062500100268,2013년 6월 25일 12시,화요일,충청남도 아산시 선장면,경상사고,0,0,1,0,차대차 - 측면직각충돌,안전운전불이행,건조,맑음,교차로 - 교차로부근,화물,남,60세,상해없음,승용,여,58세,경상
2013062500100269,2013년 6월 25일 12시,화요일,충청남도 서천군 서면,경상사고,0,0,2,0,차대차 - 측면직각충돌,교차로운행방법위반,건조,맑음,교차로 - 교차로안,화물,남,45세,상해없음,승용,여,57세,경상
2013062500100331,2013년 6월 25일 14시,화요일,충청남도 홍성군 홍성읍,경상사고,0,0,1,0,차대차 - 측면직각충돌,교차로운행방법위반,건조,맑음,교차로 - 교차로안,승용,남,55세,상해없음,승용,여,50세,경상
2013062500100356,2013년 6월 25일 15시,화요일,충청남도 보령시 남포면,중상사고,0,2,1,0,차대차 - 측면직각충돌,중앙선침범,건조,흐림,교차로 - 교차로안,승합,남,63세,상해없음,승용,남,29세,중상
2013062500100390,2013년 6월 25일 16시,화요일,충청남도 천안시 동남구 광덕면,경상사고,0,0,4,0,차대차 - 추돌 - 주정차중,안전운전불이행,건조,맑음,교차로 - 교차로안,승용,남,49세,상해없음,승용,남,39세,경상
2013062500100426,2013년 6월 25일 17시,화요일,충청남도 예산군 예산읍,중상사고,0,1,3,0,차대차 - 정면충돌,안전운전불이행,건조,맑음,단일로 - 기타,화물,남,65세,상해없음,승용,여,58세,중상
2013062500100477,2013년 6월 25일 18시,화요일,충청남도 서천군 마서면,중상사고,0,1,0,0,차대사람 - 횡단중,보행자보호의무위반,습기,흐림,교차로 - 교차로안,승용,남,28세,상해없음,보행자,남,95세,중상
2013062500100515,2013년 6월 25일 19시,화요일,충청남도 천안시 서북구 성정동,경상사고,0,0,1,0,차대차 - 기타,교차로운행방법위반,습기,비,교차로 - 교차로부근,승용,여,39세,상해없음,이륜,남,22세,경상
2013062500100608,2013년 6월 25일 21시,화요일,충청남도 논산시 반월동,사망사고,1,0,0,0,차대사람 - 횡단중,안전운전불이행,습기,비,교차로 - 교차로안,승용,여,53세,상해없음,보행자,남,51세,사망
2013062500100609,2013년 6월 25일 21시,화요일,충청남도 당진시 송산면,중상사고,0,1,0,0,차대차 - 추돌 - 진행중,안전운전불이행,건조,맑음,단일로 - 기타,승용,남,31세,상해없음,이륜,여,47세,중상
2013062500100640,2013년 6월 25일 22시,화요일,충청남도 홍성군 홍성읍,중상사고,0,1,0,0,차대차 - 측면직각충돌,신호위반,건조,맑음,교차로 - 교차로안,승용,남,46세,상해없음,화물,남,31세,중상
2013062500100641,2013년 6월 25일 22시,화요일,충청남도 홍성군 홍성읍,경상사고,0,0,3,0,차대차 - 추돌 - 주정차중,안전운전불이행,건조,맑음,교차로 - 교차로부근,승용,남,49세,상해없음,승용,남,43세,경상
2013062500100642,2013년 6월 25일 22시,화요일,충청남도 당진시 송산면,중상사고,0,2,2,0,차대차 - 정면충돌,교차로운행방법위반,건조,맑음,교차로 - 교차로안,승용,남,56세,상해없음,승용,남,72세,중상
2013062500100677,2013년 6월 25일 23시,화요일,충청남도 아산시 용화동,경상사고,0,0,1,0,차대차 - 정면충돌,중앙선침범,습기,비,단일로 - 기타,승용,남,28세,상해없음,승용,여,38세,경상
2013062500100678,2013년 6월 25일 23시,화요일,충청남도 당진시 읍내리,중상사고,0,1,0,0,차대사람 - 보도통행중,안전운전불이행,건조,맑음,단일로 - 횡단보도상,승용,남,29세,상해없음,보행자,여,20세,중상
2013062500100679,2013년 6월 25일 23시,화요일,충청남도 천안시 동남구 신방동,사망사고,1,0,0,0,차대사람 - 횡단중,안전운전불이행,습기,비,단일로 - 기타,승용,남,42세,상해없음,보행자,남,25세,사망
2013062600100051,2013년 6월 26일 01시,수요일,충청남도 당진시 채운동,경상사고,0,0,3,0,차대차 - 측면직각충돌,교차로운행방법위반,건조,맑음,교차로 - 교차로안,승용,여,41세,경상,승용,남,43세,경상
2013062600100091,2013년 6월 26일 03시,수요일,충청남도 서산시 수석동,경상사고,0,0,1,0,차대차 - 정면충돌,중앙선침범,건조,맑음,단일로 - 기타,승용,남,23세,상해없음,화물,남,43세,경상
2013062600100114,2013년 6월 26일 06시,수요일,충청남도 공주시 옥룡동,중상사고,0,1,0,0,차대차 - 측면직각충돌,교차로운행방법위반,습기,흐림,교차로 - 교차로안,승용,여,55세,상해없음,승용,남,58세,중상
2013062600100115,2013년 6월 26일 06시,수요일,충청남도 당진시 우강면,중상사고,0,1,0,0,차량단독 - 전도전복,안전운전불이행,건조,맑음,단일로 - 기타,화물,남,53세,중상,,,,
2013062600100133,2013년 6월 26일 07시,수요일,충청남도 논산시 양촌면,중상사고,0,1,1,0,차대차 - 측면직각충돌,직진우회전진행방해,건조,맑음,교차로 - 교차로안,농기계,남,63세,중상,화물,남,67세,경상
2013062600100134,2013년 6월 26일 07시,수요일,충청남도 계룡시 금암동,중상사고,0,1,0,0,차대차 - 측면직각충돌,중앙선침범,건조,맑음,단일로 - 기타,자전거,남,12세,중상,승용,남,45세,상해없음
2013062600100178,2013년 6월 26일 08시,수요일,충청남도 홍성군 홍성읍,경상사고,0,0,1,0,차대차 - 측면직각충돌,신호위반,건조,맑음,교차로 - 교차로안,승용,여,47세,상해없음,승용,여,41세,경상
2013062600100179,2013년 6월 26일 08시,수요일,충청남도 보령시 명천동,중상사고,0,1,0,0,차대차 - 측면직각충돌,안전운전불이행,건조,맑음,단일로 - 기타,승합,남,66세,상해없음,자전거,남,13세,중상
2013062600100240,2013년 6월 26일 10시,수요일,충청남도 당진시 신평면,중상사고,0,1,0,0,차대차 - 측면직각충돌,안전거리미확보,건조,맑음,단일로 - 기타,화물,남,45세,상해없음,승용,남,30세,중상