사고번호,사고일시,요일,시군구,사고내용,사망자수,중상자수,경상자수,부상신고자수,사고유형,법규위반,노면상태,기상상태,도로형태,가해운전자 차종,가해운전자 성별,가해운전자 연령,가해운전자 상해정도,피해운전자 차종,피해운전자 성별,피해운전자 연령,피해운전자 상해정도
2013062600100267,2013년 6월 26일 11시,수요일,충청남도 당진시 석문면,경상사고,0,0,2,0,차대차 - 측면직각충돌,교차로운행방법위반,건조,맑음,교차로 - 교차로안,화물,여,52세,상해없음,농기계,남,46세,경상
2013062600100340,2013년 6월 26일 14시,수요일,충청남도 서천군 서천읍,중상사고,0,1,0,0,차대차 - 기타,안전운전불이행,건조,맑음,교차로 - 교차로안,승용,여,67세,상해없음,이륜,여,66세,중상
2013062600100486,2013년 6월 26일 18시,수요일,충청남도 당진시 고대면,중상사고,0,1,0,0,차량단독 - 공작물충돌,안전운전불이행,건조,맑음,단일로 - 기타,이륜,남,19세,상해없음,,,,
2013062600100487,2013년 6월 26일 18시,수요일,충청남도 천안시 동남구 원성동,경상사고,0,0,2,0,차대차 - 추돌 - 진행중,안전운전불이행,건조,맑음,단일로 - 기타,승용,여,39세,상해없음,승용,여,35세,경상
2013062600100596,2013년 6월 26일 21시,수요일,충청남도 예산군 봉산면,경상사고,0,0,1,0,차대차 - 기타,중앙선침범,건조,맑음,단일로 - 기타,승용,여,40세,상해없음,승용,남,34세,경상
2013062600100597,2013년 6월 26일 21시,수요일,충청남도 당진시 읍내리,경상사고,0,0,1,0,차대차 - 측면직각충돌,교차로운행방법위반,건조,맑음,교차로 - 교차로안,승용,여,31세,상해없음,화물,남,23세,경상
2013062600100598,2013년 6월 26일 21시,수요일,충청남도 천안시 동남구 성남면,사망사고,1,1,0,0,차대사람 - 기타,안전운전불이행,건조,맑음,단일로 - 기타,이륜,남,71세,사망,보행자,남,67세,중상
2013062600100599,2013년 6월 26일 21시,수요일,충청남도 천안시 동남구 다가동,경상사고,0,0,3,0,차대차 - 추돌 - 진행중,안전운전불이행,건조,맑음,단일로 - 기타,이륜,남,14세,경상,승합,남,57세,상해없음
2013062600100629,2013년 6월 26일 22시,수요일,충청남도 천안시 서북구 성거읍,경상사고,0,0,1,0,차대차 - 기타,신호위반,건조,맑음,교차로 - 교차로안,승용,남,50세,상해없음,승용,여,31세,경상
2013062600100630,2013년 6월 26일 22시,수요일,충청남도 당진시 송악읍,중상사고,0,1,0,0,차대사람 - 기타,안전운전불이행,건조,맑음,단일로 - 기타,기타불명,기타불명,기타불명,기타불명,보행자,남,39세,중상
2013062700100008,2013년 6월 27일 00시,목요일,충청남도 예산군 예산읍,경상사고,0,0,1,0,차대차 - 기타,안전운전불이행,건조,맑음,교차로 - 교차로부근,승용,남,29세,상해없음,승용,남,56세,경상
2013062700100023,2013년 6월 27일 01시,목요일,충청남도 공주시 이인면,중상사고,0,2,0,0,차량단독 - 공작물충돌,안전운전불이행,건조,맑음,단일로 - 교량,승용,남,43세,기타불명,,,,
2013062700100024,2013년 6월 27일 01시,목요일,충청남도 공주시 검상동,경상사고,0,0,2,0,차대차 - 측면직각충돌,안전운전불이행,건조,맑음,단일로 - 기타,승용,남,24세,상해없음,화물,남,31세,경상
2013062700100035,2013년 6월 27일 02시,목요일,충청남도 보령시 주포면,중상사고,0,1,0,0,차대차 - 정면충돌,중앙선침범,건조,맑음,단일로 - 기타,승용,남,26세,상해없음,승합,남,43세,중상
2013062700100111,2013년 6월 27일 08시,목요일,충청남도 서천군 장항읍,중상사고,0,1,0,0,차대차 - 측면직각충돌,직진우회전진행방해,건조,맑음,교차로 - 교차로안,승용,남,69세,중상,승용,남,27세,상해없음
2013062700100112,2013년 6월 27일 08시,목요일,충청남도 금산군 금성면,중상사고,0,6,2,0,차대차 - 정면충돌,신호위반,건조,맑음,교차로 - 교차로안,승합,남,37세,상해없음,승용,여,53세,중상
2013062700100138,2013년 6월 27일 09시,목요일,충청남도 보령시 동대동,경상사고,0,0,1,0,차대차 - 측면직각충돌,신호위반,건조,맑음,단일로 - 횡단보도부근,승용,남,55세,상해없음,자전거,여,38세,경상
2013062700100173,2013년 6월 27일 10시,목요일,충청남도 천안시 서북구 직산읍,경상사고,0,0,2,0,차대차 - 측면직각충돌,직진우회전진행방해,건조,맑음,교차로 - 교차로안,화물,남,39세,경상,승용,여,58세,경상
2013062700100174,2013년 6월 27일 10시,목요일,충청남도 서천군 종천면,중상사고,0,1,0,0,차대차 - 기타,안전운전불이행,건조,맑음,단일로 - 기타,화물,남,46세,상해없음,이륜,남,90세,중상
2013062700100175,2013년 6월 27일 10시,목요일,충청남도 당진시 원당리,경상사고,0,0,1,0,차대차 - 기타,안전거리미확보,건조,맑음,단일로 - 기타,승용,남,58세,상해없음,승용,여,38세,상해없음
2013062700100190,2013년 6월 27일 11시,목요일,충청남도 공주시 신관동,경상사고,0,0,1,0,차대차 - 측면직각충돌,교차로운행방법위반,건조,맑음,교차로 - 교차로안,특수,남,32세,상해없음,승용,여,42세,경상
2013062700100191,2013년 6월 27일 11시,목요일,충청남도 천안시 동남구 삼룡동,경상사고,0,0,1,0,차대차 - 추돌 - 진행중,차로위반,건조,맑음,단일로 - 기타,화물,남,72세,상해없음,승용,남,25세,경상
2013062700100216,2013년 6월 27일 12시,목요일,충청남도 서산시 대산읍,중상사고,0,1,0,0,차대차 - 측면직각충돌,중앙선침범,건조,맑음,단일로 - 기타,이륜,남,25세,중상,승용,남,51세,상해없음
2013062700100217,2013년 6월 27일 12시,목요일,충청남도 서천군 장항읍,중상사고,0,1,0,0,차대사람 - 기타,안전운전불이행,건조,맑음,단일로 - 기타,화물,남,51세,상해없음,보행자,남,80세,중상
2013062700100249,2013년 6월 27일 13시,목요일,충청남도 아산시 음봉면,중상사고,0,1,3,1,차대차 - 측면직각충돌,신호위반,건조,맑음,교차로 - 교차로안,화물,남,42세,경상,승용,남,62세,경상
2013062700100250,2013년 6월 27일 13시,목요일,충청남도 부여군 부여읍,중상사고,0,1,0,0,차대차 - 기타,직진우회전진행방해,건조,맑음,교차로 - 교차로안,승용,남,66세,상해없음,이륜,남,80세,중상
2013062700100274,2013년 6월 27일 14시,목요일,충청남도 천안시 서북구 성거읍,경상사고,0,0,1,0,차대사람 - 기타,안전운전불이행,건조,맑음,교차로 - 교차로안,승용,남,55세,상해없음,보행자,남,24세,경상
2013062700100275,2013년 6월 27일 14시,목요일,충청남도 천안시 서북구 백석동,경상사고,0,0,1,0,차대차 - 기타,안전운전불이행,건조,맑음,교차로 - 교차로안,승용,남,48세,상해없음,승용,남,51세,경상
2013062700100304,2013년 6월 27일 15시,목요일,충청남도 홍성군 갈산면,중상사고,0,1,0,0,차대사람 - 기타,안전운전불이행,건조,맑음,기타 - 기타,특수,남,31세,상해없음,보행자,여,89세,중상
2013062700100328,2013년 6월 27일 16시,목요일,충청남도 서산시 운산면,중상사고,0,1,0,0,차대차 - 측면직각충돌,안전운전불이행,건조,맑음,교차로 - 교차로부근,승용,남,86세,상해없음,원동기,남,79세,중상
2013062700100329,2013년 6월 27일 16시,목요일,충청남도 서산시 대산읍,중상사고,0,1,1,0,차대차 - 측면직각충돌,신호위반,건조,맑음,교차로 - 교차로안,승용,여,48세,중상,특수,남,47세,경상
2013062700100330,2013년 6월 27일 16시,목요일,충청남도 당진시 수청리,중상사고,0,2,1,0,차대차 - 추돌 - 주정차중,안전거리미확보,건조,맑음,단일로 - 기타,승용,남,65세,상해없음,승용,여,40세,중상
2013062700100367,2013년 6월 27일 17시,목요일,충청남도 논산시 양촌면,경상사고,0,0,1,0,차대차 - 기타,교차로운행방법위반,건조,흐림,교차로 - 교차로안,이륜,남,80세,경상,승용,남,29세,상해없음
2013062700100368,2013년 6월 27일 17시,목요일,충청남도 아산시 온천동,경상사고,0,0,1,0,차대사람 - 횡단중,신호위반,습기,비,교차로 - 교차로부근,승용,남,43세,상해없음,보행자,여,10세,경상
2013062700100369,2013년 6월 27일 17시,목요일,충청남도 당진시 석문면,경상사고,0,0,1,0,차대차 - 기타,안전운전불이행,건조,맑음,기타 - 기타,건설기계,남,40세,상해없음,건설기계,남,58세,경상
2013062700100460,2013년 6월 27일 20시,목요일,충청남도 논산시 취암동,중상사고,0,1,0,0,차대사람 - 횡단중,안전운전불이행,습기,비,단일로 - 기타,이륜,남,55세,상해없음,보행자,여,46세,중상
2013062700100461,2013년 6월 27일 20시,목요일,충청남도 당진시 송악읍,경상사고,0,0,1,0,차대사람 - 기타,안전운전불이행,건조,맑음,기타 - 기타,이륜,남,17세,상해없음,보행자,여,3세,경상
2013062700100496,2013년 6월 27일 21시,목요일,충청남도 천안시 서북구 성거읍,중상사고,0,1,0,0,차대차 - 기타,안전운전불이행,건조,맑음,단일로 - 기타,승용,남,33세,상해없음,자전거,남,19세,중상
2013062700100528,2013년 6월 27일 22시,목요일,충청남도 천안시 서북구 성거읍,사망사고,1,0,0,0,차대차 - 기타,신호위반,건조,맑음,교차로 - 교차로안,화물,남,50세,상해없음,원동기,남,54세,사망
2013062700100529,2013년 6월 27일 22시,목요일,충청남도 천안시 서북구 쌍용동,경상사고,0,0,1,0,차대차 - 기타,안전운전불이행,건조,맑음,교차로 - 교차로부근,승용,남,54세,상해없음,원동기,남,16세,경상
2013062700100530,2013년 6월 27일 22시,목요일,충청남도 천안시 서북구 성정동,경상사고,0,0,2,0,차대차 - 기타,안전운전불이행,건조,맑음,교차로 - 교차로안,승용,남,32세,상해없음,승용,남,48세,경상
2013062800100015,2013년 6월 28일 00시,금요일,충청남도 태안군 남면,중상사고,0,1,0,0,차대차 - 측면직각충돌,중앙선침범,건조,맑음,단일로 - 기타,승용,여,20세,상해없음,승용,남,40세,중상
2013062800100016,2013년 6월 28일 00시,금요일,충청남도 천안시 서북구 불당동,중상사고,0,1,0,0,차대차 - 기타,신호위반,건조,맑음,교차로 - 교차로안,승용,남,27세,상해없음,승용,남,28세,중상
2013062800100119,2013년 6월 28일 07시,금요일,충청남도 아산시 영인면,중상사고,0,1,0,0,차대차 - 기타,안전거리미확보,건조,맑음,단일로 - 기타,화물,남,54세,상해없음,승용,남,27세,중상
2013062800100120,2013년 6월 28일 07시,금요일,충청남도 천안시 동남구 성남면,중상사고,0,1,0,0,차대차 - 측면직각충돌,직진우회전진행방해,건조,맑음,교차로 - 교차로안,농기계,남,67세,중상,승용,여,43세,상해없음
2013062800100187,2013년 6월 28일 09시,금요일,충청남도 천안시 동남구 다가동,중상사고,0,1,0,0,차대사람 - 보도통행중,안전운전불이행,건조,맑음,단일로 - 기타,승용,남,61세,상해없음,보행자,여,70세,중상
2013062800100266,2013년 6월 28일 12시,금요일,충청남도 태안군 남면,경상사고,0,0,2,0,차대차 - 측면직각충돌,중앙선침범,건조,맑음,단일로 - 기타,승용,남,69세,상해없음,승용,남,61세,경상
2013062800100296,2013년 6월 28일 13시,금요일,충청남도 당진시 송산면,경상사고,0,0,2,0,차대차 - 정면충돌,중앙선침범,건조,맑음,단일로 - 기타,화물,남,45세,상해없음,화물,남,66세,경상
2013062800100326,2013년 6월 28일 14시,금요일,충청남도 금산군 복수면,중상사고,0,1,0,0,차대차 - 기타,직진우회전진행방해,건조,맑음,교차로 - 교차로안,이륜,남,54세,중상,승용,남,47세,상해없음
2013062800100368,2013년 6월 28일 15시,금요일,충청남도 서산시 해미면,중상사고,0,1,0,0,차량단독 - 공작물충돌,안전운전불이행,건조,맑음,단일로 - 기타,승용,남,48세,중상,,,,
2013062800100401,2013년 6월 28일 16시,금요일,충청남도 금산군 진산면,중상사고,0,1,0,0,차대차 - 기타,안전운전불이행,건조,맑음,단일로 - 횡단보도상,화물,남,66세,상해없음,자전거,남,78세,중상
2013062800100402,2013년 6월 28일 16시,금요일,충청남도 청양군 비봉면,경상사고,0,0,2,0,차대차 - 추돌 - 진행중,안전운전불이행,건조,맑음,단일로 - 기타,화물,남,58세,상해없음,승용,남,76세,경상
2013062800100450,2013년 6월 28일 17시,금요일,충청남도 계룡시 엄사면,중상사고,0,1,0,0,차대차 - 추돌 - 주정차중,안전운전불이행,건조,맑음,교차로 - 교차로부근,승용,남,53세,상해없음,승용,여,38세,중상
2013062800100451,2013년 6월 28일 17시,금요일,충청남도 아산시 신창면,중상사고,0,1,0,0,차대사람 - 횡단중,안전운전불이행,건조,맑음,단일로 - 기타,화물,남,56세,상해없음,보행자,남,8세,중상
2013062800100452,2013년 6월 28일 17시,금요일,충청남도 서천군 장항읍,경상사고,0,0,1,0,차대차 - 기타,직진우회전진행방해,건조,맑음,교차로 - 교차로안,승용,남,43세,상해없음,승용,여,55세,상해없음
2013062800100453,2013년 6월 28일 17시,금요일,충청남도 보령시 명천동,중상사고,0,1,0,0,차대차 - 측면직각충돌,직진우회전진행방해,건조,맑음,교차로 - 교차로안,승용,남,34세,상해없음,이륜,남,78세,중상
2013062800100519,2013년 6월 28일 19시,금요일,충청남도 논산시 연무읍,중상사고,0,1,0,0,차대차 - 추돌 - 진행중,안전운전불이행,건조,맑음,단일로 - 기타,화물,남,22세,상해없음,화물,남,50세,중상
2013062800100549,2013년 6월 28일 20시,금요일,충청남도 금산군 진산면,경상사고,0,0,2,0,차대차 - 기타,안전운전불이행,건조,흐림,단일로 - 기타,승용,여,19세,경상,승용,여,41세,상해없음
2013062800100550,2013년 6월 28일 20시,금요일,충청남도 공주시 정안면,중상사고,0,2,7,0,차대차 - 추돌 - 진행중,안전운전불이행,건조,맑음,단일로 - 기타,화물,여,50세,상해없음,승용,남,32세,중상
2013062800100612,2013년 6월 28일 22시,금요일,충청남도 태안군 근흥면,경상사고,0,0,1,0,차대사람 - 기타,안전운전불이행,건조,맑음,단일로 - 기타,이륜,남,37세,상해없음,보행자,남,35세,경상
2013062800100643,2013년 6월 28일 23시,금요일,충청남도 천안시 서북구 두정동,경상사고,0,0,1,0,차대사람 - 기타,안전운전불이행,건조,맑음,단일로 - 기타,승용,여,22세,상해없음,보행자,남,36세,경상
2013062800100644,2013년 6월 28일 23시,금요일,충청남도 천안시 서북구 성거읍,중상사고,0,1,4,2,차대차 - 측면직각충돌,차로위반,건조,맑음,단일로 - 기타,승용,남,27세,중상,승용,남,29세,경상
2013062900100014,2013년 6월 29일 00시,토요일,충청남도 천안시 서북구 두정동,중상사고,0,3,0,0,차대사람 - 기타,안전운전불이행,건조,맑음,단일로 - 기타,승용,남,29세,상해없음,보행자,남,21세,중상
2013062900100015,2013년 6월 29일 00시,토요일,충청남도 아산시 용화동,경상사고,0,0,1,0,차대차 - 정면충돌,중앙선침범,건조,맑음,단일로 - 기타,승용,남,24세,상해없음,승용,남,30세,경상
2013062900100036,2013년 6월 29일 01시,토요일,충청남도 천안시 서북구 성정동,경상사고,0,0,1,0,차대차 - 기타,안전운전불이행,건조,맑음,단일로 - 기타,승용,남,45세,상해없음,승용,남,29세,경상
2013062900100090,2013년 6월 29일 05시,토요일,충청남도 천안시 서북구 입장면,중상사고,0,1,0,0,차대차 - 기타,신호위반,건조,맑음,교차로 - 교차로안,화물,여,53세,상해없음,승용,남,31세,중상
2013062900100150,2013년 6월 29일 08시,토요일,충청남도 서천군 장항읍,경상사고,0,0,1,0,차대차 - 측면직각충돌,신호위반,건조,맑음,교차로 - 교차로안,승용,여,49세,상해없음,승용,여,47세,경상
2013062900100172,2013년 6월 29일 09시,토요일,충청남도 천안시 서북구 입장면,경상사고,0,0,1,1,차대차 - 측면직각충돌,교차로운행방법위반,건조,맑음,교차로 - 교차로안,화물,남,39세,부상신고,승용,남,53세,경상
2013062900100198,2013년 6월 29일 10시,토요일,충청남도 아산시 배방읍,경상사고,0,0,2,0,차대차 - 추돌 - 주정차중,안전운전불이행,건조,맑음,교차로 - 교차로부근,승용,남,56세,상해없음,승용,남,27세,경상
2013062900100226,2013년 6월 29일 11시,토요일,충청남도 예산군 예산읍,경상사고,0,0,1,0,차대차 - 기타,직진우회전진행방해,건조,맑음,교차로 - 교차로안,이륜,남,62세,상해없음,승용,남,71세,경상
2013062900100308,2013년 6월 29일 13시,토요일,충청남도 태안군 고남면,사망사고,1,5,2,0,차대차 - 정면충돌,중앙선침범,건조,맑음,단일로 - 기타,화물,남,67세,사망,승합,남,43세,상해없음
2013062900100309,2013년 6월 29일 13시,토요일,충청남도 서산시 장동,경상사고,0,0,1,0,차량단독 - 기타,안전운전불이행,건조,맑음,단일로 - 기타,이륜,남,69세,경상,,,,
2013062900100350,2013년 6월 29일 14시,토요일,충청남도 아산시 탕정면,경상사고,0,0,1,0,차대차 - 추돌 - 주정차중,안전운전불이행,건조,맑음,교차로 - 교차로부근,승용,남,54세,상해없음,승용,남,36세,경상
2013062900100413,2013년 6월 29일 16시,토요일,충청남도 태안군 태안읍,경상사고,0,0,3,0,차대차 - 추돌 - 주정차중,안전운전불이행,건조,맑음,교차로 - 교차로부근,화물,남,66세,상해없음,승용,남,27세,경상
2013062900100456,2013년 6월 29일 17시,토요일,충청남도 홍성군 광천읍,경상사고,0,0,8,0,차대차 - 기타,안전거리미확보,건조,맑음,단일로 - 기타,승용,여,55세,상해없음,승합,남,70세,경상
2013062900100457,2013년 6월 29일 17시,토요일,충청남도 아산시 배방읍,중상사고,0,1,0,0,차대사람 - 보도통행중,보행자보호의무위반,건조,맑음,교차로 - 교차로안,승용,남,32세,상해없음,보행자,여,50세,중상
2013062900100501,2013년 6월 29일 18시,토요일,충청남도 태안군 소원면,사망사고,1,3,0,0,차대차 - 정면충돌,중앙선침범,건조,맑음,단일로 - 기타,승용,남,35세,사망,승용,남,53세,중상
2013062900100535,2013년 6월 29일 19시,토요일,충청남도 예산군 예산읍,경상사고,0,0,6,0,차대차 - 추돌 - 주정차중,안전운전불이행,건조,맑음,교차로 - 교차로부근,승용,남,31세,상해없음,화물,남,44세,경상
2013062900100536,2013년 6월 29일 19시,토요일,충청남도 천안시 동남구 원성동,경상사고,0,0,2,0,차대차 - 기타,안전운전불이행,건조,맑음,단일로 - 기타,화물,남,60세,상해없음,승용,남,50세,경상
2013062900100576,2013년 6월 29일 20시,토요일,충청남도 천안시 동남구 신방동,중상사고,0,1,0,0,차대사람 - 기타,안전운전불이행,건조,맑음,단일로 - 기타,승용,남,33세,상해없음,보행자,남,56세,중상
2013062900100645,2013년 6월 29일 22시,토요일,충청남도 홍성군 구항면,중상사고,0,1,0,0,차량단독 - 공작물충돌,안전운전불이행,건조,맑음,교차로 - 교차로부근,화물,남,44세,중상,,,,
2013062900100646,2013년 6월 29일 22시,토요일,충청남도 당진시 시곡리,사망사고,1,0,0,0,차량단독 - 기타,안전운전불이행,건조,맑음,단일로 - 기타,승용,남,49세,사망,,,,
2013063000100010,2013년 6월 30일 00시,일요일,충청남도 아산시 모종동,중상사고,0,1,0,0,차대사람 - 기타,안전운전불이행,건조,맑음,기타 - 기타,기타불명,기타불명,기타불명,기타불명,보행자,여,59세,중상
2013063000100028,2013년 6월 30일 01시,일요일,충청남도 청양군 정산면,중상사고,0,1,0,0,차대사람 - 기타,안전운전불이행,건조,맑음,단일로 - 기타,승용,남,41세,상해없음,보행자,여,33세,중상
2013063000100056,2013년 6월 30일 02시,일요일,충청남도 논산시 지산동,경상사고,0,0,1,0,차량단독 - 공작물충돌,안전운전불이행,건조,맑음,단일로 - 기타,원동기,남,33세,경상,,,,
2013063000100057,2013년 6월 30일 02시,일요일,충청남도 천안시 동남구 신부동,중상사고,0,1,3,0,차대차 - 기타,중앙선침범,건조,맑음,단일로 - 기타,승용,남,21세,상해없음,승용,남,58세,경상
2013063000100085,2013년 6월 30일 04시,일요일,충청남도 보령시 신흑동,사망사고,1,0,0,0,차대사람 - 횡단중,안전운전불이행,건조,맑음,교차로 - 교차로안,화물,남,37세,상해없음,보행자,여,68세,사망
2013063000100102,2013년 6월 30일 05시,일요일,충청남도 논산시 은진면,경상사고,0,0,1,0,차대차 - 추돌 - 주정차중,안전운전불이행,습기,맑음,단일로 - 기타,승용,남,51세,상해없음,승용,여,42세,경상
2013063000100103,2013년 6월 30일 05시,일요일,충청남도 청양군 비봉면,중상사고,0,1,0,0,차량단독 - 공작물충돌,안전운전불이행,건조,맑음,단일로 - 기타,승용,여,49세,중상,,,,
2013063000100117,2013년 6월 30일 06시,일요일,충청남도 천안시 동남구 수신면,경상사고,0,0,1,0,차대차 - 기타,안전거리미확보,건조,맑음,단일로 - 기타,승용,여,23세,상해없음,승용,여,30세,경상
2013063000100154,2013년 6월 30일 08시,일요일,충청남도 홍성군 홍북면,경상사고,0,0,1,0,차대차 - 측면직각충돌,안전운전불이행,건조,맑음,단일로 - 기타,특수,남,52세,상해없음,승용,남,67세,경상
2013063000100171,2013년 6월 30일 09시,일요일,충청남도 천안시 서북구 성환읍,중상사고,0,3,0,0,차대차 - 기타,안전운전불이행,건조,맑음,교차로 - 교차로부근,승용,남,66세,중상,원동기,남,60세,중상
2013063000100188,2013년 6월 30일 10시,일요일,충청남도 태안군 태안읍,중상사고,0,1,0,0,차대사람 - 횡단중,안전운전불이행,건조,맑음,단일로 - 횡단보도부근,승용,여,25세,상해없음,보행자,여,65세,중상
2013063000100189,2013년 6월 30일 10시,일요일,충청남도 논산시 연산면,중상사고,0,1,0,0,차대차 - 측면직각충돌,신호위반,건조,맑음,교차로 - 교차로안,화물,남,58세,상해없음,이륜,남,24세,중상
2013063000100190,2013년 6월 30일 10시,일요일,충청남도 예산군 광시면,중상사고,0,1,0,0,차량단독 - 도로외이탈 - 기타,안전운전불이행,건조,맑음,단일로 - 기타,화물,남,51세,중상,,,,
2013063000100208,2013년 6월 30일 11시,일요일,충청남도 천안시 서북구 성환읍,경상사고,0,0,1,0,차대차 - 측면직각충돌,신호위반,건조,맑음,교차로 - 교차로안,승용,여,29세,상해없음,건설기계,남,40세,경상
2013063000100209,2013년 6월 30일 11시,일요일,충청남도 예산군 예산읍,중상사고,0,3,0,0,차대차 - 측면직각충돌,신호위반,건조,맑음,교차로 - 교차로안,화물,남,45세,중상,화물,여,66세,중상
2013063000100256,2013년 6월 30일 13시,일요일,충청남도 천안시 동남구 신부동,중상사고,0,1,0,0,차대차 - 측면직각충돌,직진우회전진행방해,건조,맑음,교차로 - 교차로안,승용,남,18세,상해없음,이륜,남,30세,중상
2013063000100280,2013년 6월 30일 14시,일요일,충청남도 태안군 안면읍,중상사고,0,2,0,0,차대차 - 측면직각충돌,안전운전불이행,건조,맑음,단일로 - 기타,승용,남,68세,상해없음,승용,남,28세,중상
2013063000100281,2013년 6월 30일 14시,일요일,충청남도 태안군 태안읍,중상사고,0,1,0,0,차량단독 - 공작물충돌,안전운전불이행,건조,맑음,단일로 - 기타,화물,남,48세,상해없음,,,,
2013063000100282,2013년 6월 30일 14시,일요일,충청남도 보령시 남포면,경상사고,0,0,1,0,차대사람 - 기타,안전운전불이행,건조,맑음,단일로 - 기타,기타불명,기타불명,기타불명,기타불명,보행자,여,47세,경상
2013063000100319,2013년 6월 30일 15시,일요일,충청남도 홍성군 은하면,경상사고,0,0,2,0,차대차 - 정면충돌,안전운전불이행,건조,맑음,단일로 - 기타,화물,남,49세,경상,화물,남,35세,경상
2013063000100353,2013년 6월 30일 16시,일요일,충청남도 천안시 동남구 쌍용동,부상신고사고,0,0,0,1,차대차 - 기타,교차로운행방법위반,건조,맑음,교차로 - 교차로안,기타불명,기타불명,기타불명,기타불명,승용,남,57세,부상신고
2013063000100354,2013년 6월 30일 16시,일요일,충청남도 당진시 석문면,경상사고,0,0,1,0,차대차 - 정면충돌,중앙선침범,건조,맑음,단일로 - 기타,화물,남,52세,상해없음,승용,남,42세,경상
2013063000100380,2013년 6월 30일 17시,일요일,충청남도 천안시 서북구 성환읍,중상사고,0,1,0,0,차대차 - 기타,안전운전불이행,건조,맑음,단일로 - 기타,승합,남,34세,상해없음,이륜,여,54세,중상
2013063000100407,2013년 6월 30일 18시,일요일,충청남도 서산시 동문동,경상사고,0,0,1,0,차대차 - 측면직각충돌,직진우회전진행방해,건조,맑음,교차로 - 교차로안,원동기,남,16세,경상,승용,남,65세,상해없음
2013063000100408,2013년 6월 30일 18시,일요일,충청남도 천안시 동남구 용곡동,중상사고,0,1,0,0,차대차 - 측면직각충돌,교차로운행방법위반,건조,맑음,교차로 - 교차로안,승용,남,58세,상해없음,이륜,남,16세,중상
2013063000100431,2013년 6월 30일 19시,일요일,충청남도 아산시 용화동,경상사고,0,0,1,0,차대차 - 측면직각충돌,직진우회전진행방해,건조,맑음,교차로 - 교차로안,승용,남,43세,상해없음,승용,남,54세,경상
2013063000100432,2013년 6월 30일 19시,일요일,충청남도 예산군 덕산면,중상사고,0,1,1,0,차대차 - 기타,직진우회전진행방해,건조,맑음,교차로 - 교차로안,화물,여,48세,경상,승용,남,67세,중상
2013063000100452,2013년 6월 30일 20시,일요일,충청남도 공주시 반죽동,중상사고,0,1,0,0,차대사람 - 횡단중,안전운전불이행,건조,맑음,단일로 - 기타,이륜,남,25세,상해없음,보행자,여,74세,중상
2013063000100455,2013년 6월 30일 20시,일요일,충청남도 당진시 송악읍,경상사고,0,0,1,0,차대차 - 측면직각충돌,안전운전불이행,건조,맑음,단일로 - 기타,승용,남,48세,상해없음,승용,여,52세,경상
2013063000100483,2013년 6월 30일 21시,일요일,충청남도 서산시 해미면,경상사고,0,0,1,0,차량단독 - 공작물충돌,안전운전불이행,건조,맑음,단일로 - 기타,원동기,남,50세,경상,,,,
2013063000100484,2013년 6월 30일 21시,일요일,충청남도 홍성군 홍성읍,중상사고,0,2,2,0,차대차 - 추돌 - 주정차중,안전운전불이행,건조,맑음,교차로 - 교차로부근,승용,여,24세,상해없음,승용,여,37세,중상
2013063000100485,2013년 6월 30일 21시,일요일,충청남도 예산군 삽교읍,경상사고,0,0,2,0,차대차 - 기타,중앙선침범,건조,맑음,단일로 - 기타,화물,여,61세,경상,승용,남,57세,경상
2013063000100511,2013년 6월 30일 22시,일요일,충청남도 서산시 동문동,중상사고,0,1,0,0,차대차 - 정면충돌,직진우회전진행방해,건조,맑음,교차로 - 교차로안,승용,남,33세,상해없음,원동기,남,16세,중상
2013063000100512,2013년 6월 30일 22시,일요일,충청남도 공주시 옥룡동,중상사고,0,2,0,0,차대차 - 정면충돌,신호위반,건조,맑음,교차로 - 교차로안,승용,남,21세,상해없음,승용,남,33세,중상
2013063000100528,2013년 6월 30일 23시,일요일,충청남도 천안시 서북구 성정동,경상사고,0,0,1,0,차대차 - 측면직각충돌,안전거리미확보,건조,맑음,교차로 - 교차로부근,승용,남,34세,상해없음,이륜,남,36세,경상
2013070100100007,2013년 7월 1일 00시,월요일,충청남도 홍성군 홍성읍,경상사고,0,0,1,0,차대사람 - 길가장자리구역통행중,안전운전불이행,건조,맑음,단일로 - 기타,승용,남,25세,상해없음,보행자,남,52세,경상
2013070100100104,2013년 7월 1일 08시,월요일,충청남도 공주시 사곡면,중상사고,0,1,0,0,차대차 - 정면충돌,안전운전불이행,건조,맑음,단일로 - 교량,화물,남,66세,중상,승합,남,56세,상해없음
2013070100100141,2013년 7월 1일 09시,월요일,충청남도 태안군 안면읍,중상사고,0,1,0,0,차대차 - 측면직각충돌,직진우회전진행방해,건조,맑음,교차로 - 교차로안,화물,여,71세,상해없음,이륜,남,66세,중상
2013070100100142,2013년 7월 1일 09시,월요일,충청남도 태안군 태안읍,중상사고,0,1,0,0,차대차 - 측면직각충돌,신호위반,건조,맑음,교차로 - 교차로안,이륜,남,59세,중상,승용,남,58세,상해없음
2013070100100143,2013년 7월 1일 09시,월요일,충청남도 논산시 가야곡면,중상사고,0,1,0,0,차량단독 - 공작물충돌,안전운전불이행,건조,맑음,교차로 - 교차로부근,화물,남,64세,중상,,,,