사고번호,사고일시,요일,시군구,사고내용,사망자수,중상자수,경상자수,부상신고자수,사고유형,법규위반,노면상태,기상상태,도로형태,가해운전자 차종,가해운전자 성별,가해운전자 연령,가해운전자 상해정도,피해운전자 차종,피해운전자 성별,피해운전자 연령,피해운전자 상해정도
2013071200100041,2013년 7월 12일 02시,금요일,충청남도 금산군 금산읍,경상사고,0,0,1,0,차대차 - 정면충돌,중앙선침범,건조,맑음,교차로 - 교차로부근,승용,여,29세,상해없음,승용,여,42세,경상
2013071200100053,2013년 7월 12일 04시,금요일,충청남도 천안시 서북구 성정동,경상사고,0,0,3,0,차대차 - 측면직각충돌,교차로운행방법위반,건조,맑음,교차로 - 교차로안,승합,남,21세,경상,승용,남,46세,경상
2013071200100146,2013년 7월 12일 08시,금요일,충청남도 홍성군 홍성읍,경상사고,0,0,1,0,차대차 - 측면직각충돌,안전운전불이행,건조,흐림,단일로 - 기타,화물,남,63세,상해없음,승용,여,44세,경상
2013071200100148,2013년 7월 12일 08시,금요일,충청남도 금산군 금산읍,중상사고,0,2,0,0,차대사람 - 기타,안전운전불이행,건조,맑음,단일로 - 기타,이륜,여,56세,중상,보행자,여,64세,중상
2013071200100178,2013년 7월 12일 09시,금요일,충청남도 예산군 삽교읍,중상사고,0,1,0,0,차대차 - 기타,직진우회전진행방해,건조,맑음,교차로 - 교차로안,이륜,남,53세,중상,승용,여,36세,상해없음
2013071200100292,2013년 7월 12일 13시,금요일,충청남도 서천군 마서면,경상사고,0,0,4,0,차대차 - 기타,안전운전불이행,건조,맑음,교차로 - 교차로부근,승용,남,56세,상해없음,승용,남,58세,경상
2013071200100293,2013년 7월 12일 13시,금요일,충청남도 청양군 청양읍,중상사고,0,2,0,0,차대차 - 기타,교차로운행방법위반,건조,맑음,교차로 - 교차로안,승용,남,68세,상해없음,이륜,남,86세,중상
2013071200100321,2013년 7월 12일 14시,금요일,충청남도 천안시 서북구 성환읍,경상사고,0,0,2,0,차대차 - 측면직각충돌,신호위반,건조,맑음,교차로 - 교차로안,승용,남,68세,상해없음,승용,남,48세,경상
2013071200100399,2013년 7월 12일 17시,금요일,충청남도 천안시 서북구 차암동,경상사고,0,0,3,0,차대차 - 측면직각충돌,과속,건조,맑음,교차로 - 교차로안,승용,남,25세,경상,승용,남,51세,경상
2013071200100433,2013년 7월 12일 18시,금요일,충청남도 천안시 서북구 두정동,경상사고,0,0,1,0,차대차 - 추돌 - 주정차중,안전운전불이행,건조,맑음,기타 - 기타,승용,남,28세,상해없음,승용,여,43세,경상
2013071200100474,2013년 7월 12일 19시,금요일,충청남도 논산시 연무읍,경상사고,0,0,1,0,차량단독 - 공작물충돌,안전운전불이행,건조,맑음,단일로 - 기타,자전거,여,35세,경상,,,,
2013071200100518,2013년 7월 12일 20시,금요일,충청남도 홍성군 홍성읍,경상사고,0,0,1,0,차대차 - 측면직각충돌,안전운전불이행,건조,흐림,단일로 - 기타,승용,남,59세,상해없음,승용,남,53세,기타불명
2013071200100564,2013년 7월 12일 21시,금요일,충청남도 논산시 연무읍,중상사고,0,1,1,0,차대차 - 기타,안전운전불이행,건조,맑음,단일로 - 기타,승용,남,26세,상해없음,화물,남,50세,경상
2013071200100653,2013년 7월 12일 23시,금요일,충청남도 태안군 태안읍,부상신고사고,0,0,0,1,차대사람 - 횡단중,안전운전불이행,건조,맑음,단일로 - 기타,승용,남,36세,상해없음,보행자,남,48세,부상신고
2013071300100023,2013년 7월 13일 00시,토요일,충청남도 태안군 태안읍,중상사고,0,1,0,0,차대사람 - 횡단중,안전운전불이행,건조,흐림,교차로 - 교차로부근,승용,남,41세,상해없음,보행자,여,34세,중상
2013071300100024,2013년 7월 13일 00시,토요일,충청남도 서산시 석림동,경상사고,0,0,2,0,차대차 - 추돌 - 주정차중,안전운전불이행,건조,흐림,교차로 - 교차로부근,화물,남,49세,상해없음,승용,남,30세,경상
2013071300100025,2013년 7월 13일 00시,토요일,충청남도 당진시 읍내리,경상사고,0,0,1,0,차대차 - 측면직각충돌,교차로운행방법위반,건조,맑음,교차로 - 교차로안,승용,남,39세,상해없음,승용,남,42세,경상
2013071300100138,2013년 7월 13일 04시,토요일,충청남도 천안시 서북구 성정동,경상사고,0,0,1,0,차대차 - 기타,안전운전불이행,건조,맑음,단일로 - 기타,승용,남,61세,상해없음,승용,여,43세,경상
2013071300100172,2013년 7월 13일 06시,토요일,충청남도 공주시 산성동,경상사고,0,0,3,0,차대차 - 측면직각충돌,안전거리미확보,건조,맑음,교차로 - 교차로안,화물,남,53세,기타불명,승합,남,46세,상해없음
2013071300100229,2013년 7월 13일 09시,토요일,충청남도 공주시 옥룡동,경상사고,0,0,2,0,차대차 - 추돌 - 주정차중,안전운전불이행,건조,흐림,교차로 - 교차로부근,승용,남,29세,기타불명,승용,남,58세,경상
2013071300100295,2013년 7월 13일 11시,토요일,충청남도 보령시 대천동,경상사고,0,0,1,0,차대사람 - 횡단중,안전운전불이행,건조,흐림,단일로 - 기타,화물,남,47세,상해없음,보행자,여,75세,경상
2013071300100338,2013년 7월 13일 12시,토요일,충청남도 천안시 서북구 성환읍,중상사고,0,2,0,0,차대차 - 측면직각충돌,신호위반,건조,흐림,교차로 - 교차로안,화물,남,66세,상해없음,화물,남,55세,중상
2013071300100375,2013년 7월 13일 13시,토요일,충청남도 보령시 웅천읍,중상사고,0,1,1,0,차대차 - 정면충돌,중앙선침범,건조,흐림,단일로 - 기타,화물,남,49세,경상,승용,남,59세,중상
2013071300100376,2013년 7월 13일 13시,토요일,충청남도 천안시 동남구 병천면,중상사고,0,1,0,0,차대차 - 기타,안전운전불이행,건조,맑음,단일로 - 기타,화물,남,52세,상해없음,이륜,남,74세,중상
2013071300100413,2013년 7월 13일 14시,토요일,충청남도 아산시 염치읍,중상사고,0,1,0,0,차대차 - 기타,안전운전불이행,건조,맑음,교차로 - 교차로부근,화물,남,52세,상해없음,자전거,남,63세,중상
2013071300100414,2013년 7월 13일 14시,토요일,충청남도 천안시 동남구 풍세면,경상사고,0,0,2,0,차대차 - 기타,중앙선침범,건조,맑음,단일로 - 기타,승용,여,40세,상해없음,승용,남,58세,경상
2013071300100475,2013년 7월 13일 16시,토요일,충청남도 당진시 수청리,중상사고,0,1,1,0,차대차 - 측면직각충돌,교차로운행방법위반,건조,맑음,단일로 - 기타,승용,여,56세,상해없음,승용,여,51세,중상
2013071300100476,2013년 7월 13일 16시,토요일,충청남도 청양군 정산면,중상사고,0,1,0,0,차대차 - 측면직각충돌,중앙선침범,건조,맑음,단일로 - 기타,승용,남,52세,상해없음,화물,남,50세,중상
2013071300100503,2013년 7월 13일 17시,토요일,충청남도 서천군 서천읍,중상사고,0,2,0,0,차대차 - 추돌 - 진행중,안전운전불이행,건조,맑음,단일로 - 기타,이륜,남,72세,중상,이륜,남,35세,중상
2013071300100529,2013년 7월 13일 18시,토요일,충청남도 서산시 해미면,경상사고,0,0,1,0,차대사람 - 횡단중,안전운전불이행,습기,흐림,단일로 - 기타,화물,남,47세,상해없음,보행자,여,60세,경상
2013071300100530,2013년 7월 13일 18시,토요일,충청남도 논산시 광석면,중상사고,0,1,0,0,차량단독 - 전도전복,안전운전불이행,건조,흐림,단일로 - 기타,원동기,남,55세,중상,,,,
2013071300100572,2013년 7월 13일 19시,토요일,충청남도 태안군 소원면,중상사고,0,3,0,0,차대차 - 정면충돌,중앙선침범,건조,맑음,단일로 - 기타,승용,남,47세,상해없음,화물,남,33세,중상
2013071300100573,2013년 7월 13일 19시,토요일,충청남도 천안시 서북구 백석동,경상사고,0,0,4,0,차대차 - 기타,안전거리미확보,습기,비,단일로 - 기타,승용,남,56세,경상,승용,여,45세,경상
2013071300100600,2013년 7월 13일 20시,토요일,충청남도 천안시 서북구 입장면,경상사고,0,0,2,0,차대차 - 기타,안전운전불이행,습기,흐림,교차로 - 교차로안,승용,남,44세,상해없음,승용,여,29세,경상
2013071300100601,2013년 7월 13일 20시,토요일,충청남도 예산군 예산읍,중상사고,0,1,4,0,차대차 - 측면직각충돌,신호위반,건조,맑음,교차로 - 교차로안,승합,남,36세,경상,승용,남,59세,경상
2013071300100630,2013년 7월 13일 21시,토요일,충청남도 논산시 은진면,중상사고,0,2,1,0,차대차 - 기타,중앙선침범,건조,맑음,교차로 - 교차로부근,승용,남,56세,상해없음,승용,여,22세,중상
2013071300100631,2013년 7월 13일 21시,토요일,충청남도 당진시 면천면,경상사고,0,0,1,0,차대사람 - 차도통행중,안전운전불이행,습기,비,단일로 - 기타,승용,남,36세,상해없음,보행자,여,75세,경상
2013071300100632,2013년 7월 13일 21시,토요일,충청남도 당진시 신평면,경상사고,0,0,1,0,차대차 - 측면직각충돌,안전운전불이행,습기,비,기타 - 기타,승용,여,59세,상해없음,이륜,남,18세,경상
2013071300100633,2013년 7월 13일 21시,토요일,충청남도 천안시 동남구 청당동,경상사고,0,0,1,0,차대차 - 측면직각충돌,안전운전불이행,건조,맑음,교차로 - 교차로안,승용,남,40세,상해없음,승용,여,41세,경상
2013071300100692,2013년 7월 13일 23시,토요일,충청남도 아산시 염치읍,중상사고,0,3,1,0,차량단독 - 전도전복,안전운전불이행,건조,맑음,단일로 - 기타,승용,남,31세,중상,,,,
2013071300100693,2013년 7월 13일 23시,토요일,충청남도 보령시 죽정동,경상사고,0,0,1,0,차대차 - 측면직각충돌,신호위반,건조,맑음,교차로 - 교차로안,승용,남,18세,상해없음,승용,남,50세,경상
2013071300100694,2013년 7월 13일 23시,토요일,충청남도 보령시 동대동,경상사고,0,0,1,0,차대차 - 측면직각충돌,안전운전불이행,건조,흐림,교차로 - 교차로부근,승용,남,32세,상해없음,승용,여,29세,경상
2013071400100014,2013년 7월 14일 00시,일요일,충청남도 천안시 서북구 두정동,경상사고,0,0,1,0,차대차 - 측면직각충돌,안전운전불이행,건조,맑음,교차로 - 교차로부근,승용,남,35세,상해없음,승용,남,55세,경상
2013071400100015,2013년 7월 14일 00시,일요일,충청남도 천안시 서북구 성정동,경상사고,0,0,1,0,차대차 - 기타,안전운전불이행,건조,맑음,교차로 - 교차로부근,승용,남,51세,상해없음,원동기,남,19세,경상
2013071400100016,2013년 7월 14일 00시,일요일,충청남도 아산시 신창면,경상사고,0,0,1,0,차대차 - 기타,안전운전불이행,건조,맑음,기타 - 기타,화물,남,46세,상해없음,승용,여,53세,기타불명
2013071400100068,2013년 7월 14일 03시,일요일,충청남도 서산시 인지면,중상사고,0,1,0,0,차대사람 - 기타,안전운전불이행,건조,맑음,단일로 - 기타,승용,여,44세,상해없음,보행자,남,46세,중상
2013071400100088,2013년 7월 14일 04시,일요일,충청남도 계룡시 엄사면,중상사고,0,3,1,0,차대차 - 측면직각충돌,교차로운행방법위반,건조,흐림,교차로 - 교차로안,승용,여,43세,경상,원동기,남,18세,중상
2013071400100102,2013년 7월 14일 05시,일요일,충청남도 천안시 서북구 두정동,경상사고,0,0,1,0,차대사람 - 기타,안전운전불이행,건조,맑음,단일로 - 기타,승용,남,27세,상해없음,보행자,남,24세,경상
2013071400100150,2013년 7월 14일 09시,일요일,충청남도 천안시 서북구 성정동,경상사고,0,0,2,0,차대차 - 기타,신호위반,건조,맑음,교차로 - 교차로안,승합,남,58세,상해없음,승용,남,27세,경상
2013071400100225,2013년 7월 14일 13시,일요일,충청남도 보령시 청라면,경상사고,0,0,1,0,차대차 - 측면직각충돌,안전운전불이행,건조,흐림,단일로 - 기타,승용,남,39세,상해없음,원동기,여,57세,경상
2013071400100247,2013년 7월 14일 14시,일요일,충청남도 예산군 응봉면,중상사고,0,1,1,0,차대차 - 기타,중앙선침범,습기,비,단일로 - 기타,화물,남,60세,상해없음,승용,남,53세,중상
2013071400100281,2013년 7월 14일 15시,일요일,충청남도 홍성군 서부면,중상사고,0,2,0,0,차대차 - 추돌 - 주정차중,안전운전불이행,건조,맑음,교차로 - 교차로부근,승용,남,65세,상해없음,승용,남,60세,중상
2013071400100305,2013년 7월 14일 16시,일요일,충청남도 태안군 소원면,중상사고,0,1,1,0,차대차 - 추돌 - 주정차중,안전거리미확보,습기,비,단일로 - 기타,승용,남,46세,상해없음,승용,남,54세,경상
2013071400100306,2013년 7월 14일 16시,일요일,충청남도 보령시 남포면,중상사고,0,1,0,0,차대차 - 측면직각충돌,안전운전불이행,건조,흐림,교차로 - 교차로부근,화물,남,35세,상해없음,자전거,남,37세,중상
2013071400100388,2013년 7월 14일 19시,일요일,충청남도 천안시 동남구 구성동,경상사고,0,0,2,0,차대차 - 추돌 - 주정차중,안전운전불이행,습기,비,교차로 - 교차로부근,승용,남,25세,상해없음,승용,남,45세,경상
2013071400100413,2013년 7월 14일 20시,일요일,충청남도 아산시 실옥동,경상사고,0,0,2,0,차대차 - 추돌 - 주정차중,안전운전불이행,습기,흐림,단일로 - 기타,승용,남,50세,상해없음,승용,남,43세,경상
2013071400100414,2013년 7월 14일 20시,일요일,충청남도 보령시 주포면,경상사고,0,0,2,0,차대차 - 추돌 - 주정차중,안전운전불이행,건조,흐림,교차로 - 교차로부근,승용,기타불명,기타불명,기타불명,승용,여,31세,경상
2013071400100415,2013년 7월 14일 20시,일요일,충청남도 천안시 동남구 용곡동,경상사고,0,0,1,0,차대차 - 추돌 - 진행중,안전운전불이행,습기,비,단일로 - 기타,승용,남,55세,상해없음,이륜,남,19세,경상
2013071400100441,2013년 7월 14일 21시,일요일,충청남도 공주시 신관동,경상사고,0,0,1,0,차대차 - 추돌 - 주정차중,안전운전불이행,습기,비,교차로 - 교차로부근,승용,남,30세,상해없음,승용,남,22세,경상
2013071400100471,2013년 7월 14일 22시,일요일,충청남도 서산시 동문동,중상사고,0,1,0,0,차대사람 - 기타,안전운전불이행,건조,맑음,교차로 - 교차로안,승용,남,43세,상해없음,보행자,남,38세,중상
2013071500100022,2013년 7월 15일 02시,월요일,충청남도 아산시 둔포면,경상사고,0,0,2,0,차대차 - 기타,차로위반,건조,맑음,기타 - 기타,승용,기타불명,기타불명,기타불명,승용,남,35세,경상
2013071500100036,2013년 7월 15일 04시,월요일,충청남도 천안시 서북구 쌍용동,중상사고,0,1,0,0,차대사람 - 차도통행중,안전운전불이행,건조,맑음,교차로 - 교차로부근,승용,남,46세,상해없음,보행자,남,36세,중상
2013071500100124,2013년 7월 15일 08시,월요일,충청남도 서천군 화양면,중상사고,0,1,0,0,차대차 - 기타,신호위반,건조,맑음,교차로 - 교차로안,승용,여,48세,상해없음,자전거,여,60세,중상
2013071500100159,2013년 7월 15일 09시,월요일,충청남도 천안시 동남구 목천읍,부상신고사고,0,0,0,1,차량단독 - 공작물충돌,안전운전불이행,건조,맑음,단일로 - 기타,승용,여,23세,부상신고,,,,
2013071500100212,2013년 7월 15일 11시,월요일,충청남도 논산시 취암동,중상사고,0,1,0,0,차대차 - 측면직각충돌,중앙선침범,건조,맑음,교차로 - 교차로부근,자전거,여,57세,중상,승용,남,39세,상해없음
2013071500100213,2013년 7월 15일 11시,월요일,충청남도 당진시 합덕읍,중상사고,0,1,0,0,차대차 - 측면직각충돌,교차로운행방법위반,건조,맑음,교차로 - 교차로안,화물,남,63세,상해없음,원동기,남,83세,중상
2013071500100263,2013년 7월 15일 13시,월요일,충청남도 서산시 지곡면,경상사고,0,0,3,0,차대차 - 정면충돌,안전운전불이행,건조,흐림,단일로 - 기타,건설기계,남,43세,상해없음,화물,남,55세,경상
2013071500100264,2013년 7월 15일 13시,월요일,충청남도 천안시 서북구 직산읍,중상사고,0,1,0,0,차대차 - 정면충돌,중앙선침범,건조,맑음,교차로 - 교차로부근,승용,여,53세,상해없음,승용,남,29세,중상
2013071500100265,2013년 7월 15일 13시,월요일,충청남도 당진시 송악읍,중상사고,0,1,0,0,차대사람 - 기타,안전운전불이행,건조,맑음,교차로 - 교차로부근,승용,여,25세,상해없음,보행자,여,73세,중상
2013071500100289,2013년 7월 15일 14시,월요일,충청남도 천안시 동남구 신부동,경상사고,0,0,1,0,차대차 - 기타,안전운전불이행,건조,맑음,단일로 - 기타,승용,남,32세,상해없음,승용,여,37세,경상
2013071500100313,2013년 7월 15일 15시,월요일,충청남도 서천군 서천읍,경상사고,0,0,1,0,차대차 - 측면직각충돌,직진우회전진행방해,건조,맑음,교차로 - 교차로안,승용,남,74세,상해없음,승용,남,72세,상해없음
2013071500100314,2013년 7월 15일 15시,월요일,충청남도 천안시 동남구 삼룡동,중상사고,0,1,0,0,차대사람 - 기타,안전거리미확보,건조,맑음,교차로 - 교차로부근,승용,여,50세,상해없음,보행자,여,14세,중상
2013071500100345,2013년 7월 15일 16시,월요일,충청남도 태안군 근흥면,중상사고,0,1,0,0,차량단독 - 공작물충돌,안전운전불이행,건조,맑음,단일로 - 기타,승용,남,19세,상해없음,,,,
2013071500100346,2013년 7월 15일 16시,월요일,충청남도 천안시 서북구 성정동,경상사고,0,0,1,0,차대차 - 기타,안전운전불이행,건조,맑음,단일로 - 기타,화물,남,41세,상해없음,승용,남,26세,경상
2013071500100385,2013년 7월 15일 17시,월요일,충청남도 서산시 석림동,중상사고,0,1,0,0,차대사람 - 횡단중,안전운전불이행,습기,흐림,단일로 - 기타,화물,남,55세,상해없음,보행자,여,66세,중상
2013071500100386,2013년 7월 15일 17시,월요일,충청남도 아산시 온천동,경상사고,0,0,1,0,차대차 - 측면직각충돌,안전운전불이행,건조,맑음,기타 - 기타,승용,남,57세,상해없음,승용,남,58세,경상
2013071500100424,2013년 7월 15일 18시,월요일,충청남도 예산군 예산읍,경상사고,0,0,1,0,차대차 - 추돌 - 진행중,안전거리미확보,건조,맑음,단일로 - 기타,이륜,남,68세,경상,승용,남,55세,상해없음
2013071500100425,2013년 7월 15일 18시,월요일,충청남도 천안시 동남구 성남면,중상사고,0,1,1,0,차대차 - 추돌 - 진행중,직진우회전진행방해,건조,맑음,교차로 - 교차로부근,승용,남,42세,상해없음,원동기,남,52세,경상
2013071500100455,2013년 7월 15일 19시,월요일,충청남도 서산시 음암면,중상사고,0,1,0,0,차대차 - 측면직각충돌,안전운전불이행,건조,흐림,단일로 - 기타,승용,여,28세,상해없음,승용,남,28세,중상
2013071500100456,2013년 7월 15일 19시,월요일,충청남도 서천군 서면,경상사고,0,0,3,0,차대차 - 정면충돌,안전운전불이행,건조,맑음,단일로 - 기타,승용,여,44세,경상,화물,남,18세,경상
2013071500100493,2013년 7월 15일 20시,월요일,충청남도 태안군 태안읍,중상사고,0,2,0,0,차대사람 - 횡단중,안전운전불이행,건조,흐림,단일로 - 기타,화물,남,54세,상해없음,보행자,남,35세,중상
2013071500100494,2013년 7월 15일 20시,월요일,충청남도 당진시 송산면,중상사고,0,3,1,0,차대차 - 측면직각충돌,교차로운행방법위반,건조,맑음,교차로 - 교차로안,승용,여,44세,중상,승용,남,44세,경상
2013071600100013,2013년 7월 16일 00시,화요일,충청남도 공주시 신관동,경상사고,0,0,1,0,차대차 - 추돌 - 주정차중,안전운전불이행,건조,맑음,교차로 - 교차로부근,화물,남,50세,상해없음,승용,남,57세,경상
2013071600100014,2013년 7월 16일 00시,화요일,충청남도 예산군 예산읍,경상사고,0,0,1,0,차량단독 - 기타,안전운전불이행,건조,맑음,단일로 - 기타,승용,여,35세,경상,,,,
2013071600100032,2013년 7월 16일 02시,화요일,충청남도 보령시 신흑동,중상사고,0,4,4,0,차대차 - 측면직각충돌,직진우회전진행방해,건조,맑음,교차로 - 교차로안,승용,남,19세,중상,승용,남,20세,경상
2013071600100060,2013년 7월 16일 05시,화요일,충청남도 서천군 서천읍,부상신고사고,0,0,0,1,차대차 - 정면충돌,안전운전불이행,건조,맑음,교차로 - 교차로부근,이륜,여,49세,부상신고,승용,남,50세,상해없음
2013071600100068,2013년 7월 16일 06시,화요일,충청남도 당진시 원당리,중상사고,0,2,0,1,차대차 - 측면직각충돌,신호위반,건조,맑음,교차로 - 교차로안,승용,여,26세,부상신고,승용,여,38세,중상
2013071600100126,2013년 7월 16일 08시,화요일,충청남도 서산시 동문동,중상사고,0,1,0,0,차대차 - 측면직각충돌,신호위반,건조,맑음,교차로 - 교차로안,승용,남,64세,상해없음,승용,남,45세,중상
2013071600100127,2013년 7월 16일 08시,화요일,충청남도 예산군 대흥면,중상사고,0,1,0,0,차량단독 - 공작물충돌,안전운전불이행,건조,맑음,단일로 - 기타,화물,남,58세,상해없음,,,,
2013071600100163,2013년 7월 16일 09시,화요일,충청남도 홍성군 홍동면,중상사고,0,1,0,0,차대사람 - 기타,안전운전불이행,건조,맑음,단일로 - 기타,화물,여,46세,상해없음,보행자,남,76세,중상
2013071600100164,2013년 7월 16일 09시,화요일,충청남도 천안시 동남구 신부동,경상사고,0,0,1,0,차대차 - 추돌 - 진행중,중앙선침범,건조,맑음,교차로 - 교차로부근,승용,남,34세,상해없음,승용,남,45세,경상
2013071600100193,2013년 7월 16일 10시,화요일,충청남도 논산시 광석면,경상사고,0,0,1,0,차대차 - 추돌 - 진행중,안전운전불이행,건조,맑음,단일로 - 기타,화물,남,32세,상해없음,화물,남,58세,상해없음
2013071600100194,2013년 7월 16일 10시,화요일,충청남도 아산시 도고면,경상사고,0,0,1,0,차대차 - 추돌 - 주정차중,안전운전불이행,건조,맑음,단일로 - 기타,승용,남,57세,상해없음,화물,남,50세,경상
2013071600100219,2013년 7월 16일 11시,화요일,충청남도 예산군 예산읍,중상사고,0,1,1,0,차대차 - 측면직각충돌,불법유턴,건조,맑음,교차로 - 교차로안,이륜,남,76세,경상,승용,여,51세,상해없음
2013071600100220,2013년 7월 16일 11시,화요일,충청남도 당진시 합덕읍,사망사고,2,0,1,0,차대차 - 정면충돌,안전운전불이행,건조,맑음,단일로 - 기타,화물,남,33세,사망,화물,남,39세,경상
2013071600100221,2013년 7월 16일 11시,화요일,충청남도 천안시 동남구 신방동,경상사고,0,0,1,0,차대차 - 추돌 - 진행중,신호위반,건조,맑음,교차로 - 교차로안,화물,남,36세,상해없음,승용,여,35세,경상
2013071600100242,2013년 7월 16일 12시,화요일,충청남도 청양군 남양면,중상사고,0,1,0,0,차대차 - 측면직각충돌,직진우회전진행방해,건조,맑음,교차로 - 교차로안,승용,남,67세,상해없음,승용,여,56세,중상
2013071600100266,2013년 7월 16일 13시,화요일,충청남도 아산시 온천동,중상사고,0,1,0,0,차대사람 - 횡단중,신호위반,건조,맑음,교차로 - 교차로부근,화물,남,36세,상해없음,보행자,남,32세,중상
2013071600100303,2013년 7월 16일 14시,화요일,충청남도 천안시 서북구 성거읍,경상사고,0,0,1,0,차대사람 - 기타,보행자보호의무위반,건조,맑음,단일로 - 횡단보도상,기타불명,기타불명,기타불명,기타불명,보행자,여,10세,경상
2013071600100304,2013년 7월 16일 14시,화요일,충청남도 금산군 금산읍,중상사고,0,1,1,0,차대차 - 기타,교차로운행방법위반,건조,맑음,교차로 - 교차로안,승용,남,40세,경상,화물,남,47세,중상
2013071600100334,2013년 7월 16일 15시,화요일,충청남도 당진시 송악읍,부상신고사고,0,0,0,1,차대차 - 추돌 - 진행중,안전운전불이행,건조,맑음,단일로 - 기타,화물,남,37세,부상신고,화물,남,58세,상해없음
2013071600100431,2013년 7월 16일 18시,화요일,충청남도 서산시 대산읍,중상사고,0,1,0,0,차대차 - 측면직각충돌,안전거리미확보,건조,맑음,단일로 - 기타,화물,남,43세,상해없음,승용,여,30세,중상
2013071600100432,2013년 7월 16일 18시,화요일,충청남도 논산시 연무읍,중상사고,0,1,0,0,차대차 - 추돌 - 주정차중,안전운전불이행,건조,맑음,단일로 - 기타,이륜,남,61세,중상,화물,남,61세,상해없음
2013071600100463,2013년 7월 16일 19시,화요일,충청남도 아산시 탕정면,경상사고,0,0,2,0,차대차 - 추돌 - 진행중,안전거리미확보,건조,맑음,단일로 - 기타,승용,남,50세,상해없음,승용,남,34세,경상
2013071600100589,2013년 7월 16일 23시,화요일,충청남도 천안시 동남구 쌍용동,부상신고사고,0,0,0,2,차대차 - 기타,안전운전불이행,건조,맑음,교차로 - 교차로부근,승용,남,29세,상해없음,승용,여,52세,부상신고
2013071600100590,2013년 7월 16일 23시,화요일,충청남도 예산군 덕산면,중상사고,0,1,0,0,차대사람 - 횡단중,안전운전불이행,건조,흐림,교차로 - 교차로안,승용,여,47세,상해없음,보행자,남,45세,중상
2013071600100591,2013년 7월 16일 23시,화요일,충청남도 당진시 수청리,중상사고,0,1,0,0,차대차 - 추돌 - 주정차중,안전운전불이행,습기,비,단일로 - 기타,승용,남,29세,상해없음,승용,남,56세,중상
2013071700100021,2013년 7월 17일 00시,수요일,충청남도 공주시 중동,경상사고,0,0,1,0,차대차 - 측면직각충돌,안전운전불이행,건조,흐림,교차로 - 교차로안,화물,남,48세,상해없음,승용,남,52세,경상
2013071700100076,2013년 7월 17일 05시,수요일,충청남도 천안시 서북구 성정동,중상사고,0,1,0,0,차대사람 - 기타,안전운전불이행,습기,비,단일로 - 기타,승용,남,37세,상해없음,보행자,여,49세,중상
2013071700100084,2013년 7월 17일 06시,수요일,충청남도 보령시 신흑동,경상사고,0,0,2,0,차대차 - 기타,안전운전불이행,건조,맑음,교차로 - 교차로부근,승용,남,44세,상해없음,승용,여,23세,경상
2013071700100108,2013년 7월 17일 07시,수요일,충청남도 공주시 중동,중상사고,0,1,0,0,차대사람 - 횡단중,안전운전불이행,습기,비,교차로 - 교차로부근,승용,남,40세,상해없음,보행자,여,71세,중상
2013071700100138,2013년 7월 17일 08시,수요일,충청남도 천안시 동남구 봉명동,경상사고,0,0,2,0,차대차 - 기타,교차로운행방법위반,습기,비,교차로 - 교차로부근,승용,남,54세,상해없음,화물,남,49세,경상
2013071700100139,2013년 7월 17일 08시,수요일,충청남도 천안시 동남구 청수동,중상사고,0,1,1,0,차대차 - 기타,신호위반,습기,비,단일로 - 기타,승용,남,46세,상해없음,승용,여,52세,경상
2013071700100197,2013년 7월 17일 10시,수요일,충청남도 서산시 동문동,경상사고,0,0,1,0,차대차 - 추돌 - 주정차중,안전거리미확보,습기,비,단일로 - 기타,승용,여,27세,상해없음,승용,남,58세,경상
2013071700100216,2013년 7월 17일 11시,수요일,충청남도 논산시 양촌면,경상사고,0,0,2,0,차대차 - 측면직각충돌,교차로운행방법위반,건조,흐림,교차로 - 교차로부근,승용,남,61세,상해없음,승용,여,39세,경상
2013071700100217,2013년 7월 17일 11시,수요일,충청남도 홍성군 홍성읍,중상사고,0,2,0,0,차대차 - 기타,교차로운행방법위반,습기,비,교차로 - 교차로안,화물,남,54세,상해없음,화물,남,70세,중상
2013071700100218,2013년 7월 17일 11시,수요일,충청남도 당진시 순성면,중상사고,0,1,0,0,차대차 - 기타,중앙선침범,건조,맑음,단일로 - 기타,승용,여,62세,상해없음,화물,남,40세,중상
2013071700100219,2013년 7월 17일 11시,수요일,충청남도 금산군 복수면,사망사고,1,1,1,0,차대사람 - 기타,안전운전불이행,건조,맑음,단일로 - 기타,승용,여,53세,경상,보행자,남,50세,사망
2013071700100243,2013년 7월 17일 12시,수요일,충청남도 아산시 배방읍,경상사고,0,0,1,0,차대차 - 측면직각충돌,직진우회전진행방해,습기,비,교차로 - 교차로안,화물,남,48세,상해없음,승용,여,41세,경상
2013071700100244,2013년 7월 17일 12시,수요일,충청남도 부여군 홍산면,중상사고,0,1,0,0,차대차 - 기타,안전운전불이행,건조,맑음,교차로 - 교차로안,승용,남,62세,상해없음,이륜,남,51세,중상
2013071700100305,2013년 7월 17일 14시,수요일,충청남도 서산시 해미면,중상사고,0,1,0,0,차대사람 - 차도통행중,안전운전불이행,습기,비,단일로 - 기타,화물,남,71세,상해없음,보행자,남,49세,중상