사고번호,사고일시,요일,시군구,사고내용,사망자수,중상자수,경상자수,부상신고자수,사고유형,법규위반,노면상태,기상상태,도로형태,가해운전자 차종,가해운전자 성별,가해운전자 연령,가해운전자 상해정도,피해운전자 차종,피해운전자 성별,피해운전자 연령,피해운전자 상해정도
2013071700100306,2013년 7월 17일 14시,수요일,충청남도 천안시 서북구 성정동,경상사고,0,0,3,0,차대차 - 기타,안전운전불이행,건조,맑음,단일로 - 기타,승용,남,27세,기타불명,승용,남,44세,경상
2013071700100307,2013년 7월 17일 14시,수요일,충청남도 서천군 서천읍,경상사고,0,0,2,0,차대차 - 측면직각충돌,신호위반,건조,맑음,교차로 - 교차로안,승용,여,48세,경상,승용,남,55세,경상
2013071700100308,2013년 7월 17일 14시,수요일,충청남도 부여군 임천면,중상사고,0,1,0,0,차대차 - 측면직각충돌,안전운전불이행,건조,맑음,교차로 - 교차로안,승용,남,40세,상해없음,원동기,남,66세,중상
2013071700100339,2013년 7월 17일 15시,수요일,충청남도 논산시 강산동,경상사고,0,0,1,0,차대차 - 측면직각충돌,직진우회전진행방해,건조,맑음,교차로 - 교차로안,원동기,남,17세,경상,승용,남,53세,상해없음
2013071700100340,2013년 7월 17일 15시,수요일,충청남도 홍성군 갈산면,중상사고,0,1,0,0,차량단독 - 전도전복,안전운전불이행,습기,비,단일로 - 기타,승용,남,21세,상해없음,,,,
2013071700100431,2013년 7월 17일 17시,수요일,충청남도 홍성군 금마면,중상사고,0,1,0,0,차대차 - 기타,안전운전불이행,습기,비,교차로 - 교차로안,승용,남,43세,상해없음,승용,남,52세,중상
2013071700100432,2013년 7월 17일 17시,수요일,충청남도 부여군 홍산면,사망사고,1,0,0,0,차대차 - 측면직각충돌,교차로운행방법위반,건조,맑음,교차로 - 교차로안,원동기,남,69세,사망,승용,남,58세,상해없음
2013071700100433,2013년 7월 17일 17시,수요일,충청남도 당진시 송악읍,경상사고,0,0,1,0,차대차 - 측면직각충돌,안전거리미확보,습기,비,단일로 - 기타,승용,남,58세,상해없음,특수,남,39세,경상
2013071700100465,2013년 7월 17일 18시,수요일,충청남도 아산시 배방읍,경상사고,0,0,1,0,차대차 - 정면충돌,중앙선침범,건조,맑음,단일로 - 기타,승용,남,39세,상해없음,승용,남,25세,경상
2013071700100466,2013년 7월 17일 18시,수요일,충청남도 청양군 청양읍,중상사고,0,1,0,0,차량단독 - 공작물충돌,안전운전불이행,건조,맑음,단일로 - 기타,이륜,남,76세,중상,,,,
2013071700100544,2013년 7월 17일 20시,수요일,충청남도 당진시 신평면,중상사고,0,1,0,0,차대차 - 정면충돌,중앙선침범,건조,맑음,단일로 - 기타,승용,남,52세,상해없음,승용,남,29세,중상
2013071700100614,2013년 7월 17일 22시,수요일,충청남도 천안시 서북구 쌍용동,경상사고,0,0,1,0,차대차 - 기타,안전운전불이행,건조,맑음,단일로 - 기타,승용,남,57세,상해없음,원동기,남,17세,경상
2013071700100654,2013년 7월 17일 23시,수요일,충청남도 천안시 서북구 쌍용동,경상사고,0,0,1,1,차대차 - 기타,안전운전불이행,건조,맑음,교차로 - 교차로부근,승용,남,39세,상해없음,승용,남,54세,경상
2013071800100020,2013년 7월 18일 00시,목요일,충청남도 보령시 오천면,경상사고,0,0,2,0,차량단독 - 공작물충돌,안전운전불이행,건조,맑음,단일로 - 기타,화물,남,37세,경상,,,,
2013071800100110,2013년 7월 18일 06시,목요일,충청남도 서산시 동문동,중상사고,0,2,0,0,차대차 - 측면직각충돌,직진우회전진행방해,건조,맑음,교차로 - 교차로부근,승용,남,50세,상해없음,이륜,남,76세,중상
2013071800100128,2013년 7월 18일 07시,목요일,충청남도 서산시 성연면,경상사고,0,0,1,0,차대차 - 측면직각충돌,교차로운행방법위반,건조,맑음,교차로 - 교차로안,승용,남,42세,상해없음,승용,남,36세,경상
2013071800100130,2013년 7월 18일 07시,목요일,충청남도 천안시 서북구 성거읍,경상사고,0,0,2,0,차대차 - 기타,차로위반,건조,맑음,단일로 - 기타,승용,남,68세,상해없음,승용,남,38세,경상
2013071800100187,2013년 7월 18일 09시,목요일,충청남도 천안시 동남구 성남면,중상사고,0,1,0,0,차대사람 - 기타,안전운전불이행,건조,맑음,단일로 - 기타,화물,남,50세,상해없음,보행자,여,81세,중상
2013071800100203,2013년 7월 18일 10시,목요일,충청남도 공주시 정안면,중상사고,0,1,0,0,차대차 - 추돌 - 진행중,안전운전불이행,건조,맑음,단일로 - 기타,승용,여,31세,상해없음,자전거,남,82세,중상
2013071800100204,2013년 7월 18일 10시,목요일,충청남도 당진시 읍내리,중상사고,0,1,0,0,차대차 - 기타,교차로운행방법위반,건조,맑음,교차로 - 교차로안,승용,여,63세,상해없음,자전거,남,13세,중상
2013071800100227,2013년 7월 18일 11시,목요일,충청남도 천안시 서북구 성거읍,경상사고,0,0,2,0,차대차 - 추돌 - 주정차중,안전운전불이행,건조,맑음,단일로 - 기타,승용,여,42세,상해없음,승용,남,26세,경상
2013071800100292,2013년 7월 18일 14시,목요일,충청남도 아산시 남동,중상사고,0,1,0,0,차대사람 - 횡단중,안전운전불이행,건조,맑음,교차로 - 교차로안,화물,남,42세,상해없음,보행자,여,85세,중상
2013071800100355,2013년 7월 18일 16시,목요일,충청남도 서산시 대산읍,경상사고,0,0,2,0,차대차 - 추돌 - 진행중,안전거리미확보,건조,맑음,단일로 - 기타,화물,남,57세,경상,승용,남,50세,경상
2013071800100397,2013년 7월 18일 17시,목요일,충청남도 예산군 예산읍,경상사고,0,0,1,0,차대사람 - 횡단중,안전운전불이행,건조,맑음,단일로 - 기타,승용,남,70세,상해없음,보행자,여,8세,경상
2013071800100398,2013년 7월 18일 17시,목요일,충청남도 청양군 남양면,경상사고,0,0,1,0,차대차 - 측면직각충돌,신호위반,건조,맑음,교차로 - 교차로안,화물,남,29세,상해없음,승용,남,37세,경상
2013071800100445,2013년 7월 18일 18시,목요일,충청남도 아산시 풍기동,경상사고,0,0,1,0,차대사람 - 기타,안전운전불이행,건조,맑음,단일로 - 기타,승용,남,23세,상해없음,보행자,남,1세,경상
2013071800100446,2013년 7월 18일 18시,목요일,충청남도 공주시 신관동,중상사고,0,1,0,0,차대사람 - 횡단중,보행자보호의무위반,건조,맑음,교차로 - 교차로부근,이륜,남,19세,상해없음,보행자,남,36세,중상
2013071800100484,2013년 7월 18일 19시,목요일,충청남도 논산시 부적면,경상사고,0,0,1,0,차대차 - 추돌 - 주정차중,안전운전불이행,건조,맑음,단일로 - 기타,화물,남,44세,상해없음,화물,남,37세,경상
2013071800100513,2013년 7월 18일 20시,목요일,충청남도 논산시 관촉동,경상사고,0,0,1,0,차대차 - 기타,중앙선침범,건조,맑음,단일로 - 기타,승용,남,50세,상해없음,원동기,남,44세,경상
2013071800100514,2013년 7월 18일 20시,목요일,충청남도 공주시 신관동,경상사고,0,0,1,0,차대차 - 측면직각충돌,안전운전불이행,건조,맑음,교차로 - 교차로안,화물,여,49세,상해없음,승용,남,29세,경상
2013071800100515,2013년 7월 18일 20시,목요일,충청남도 천안시 동남구 대흥동,부상신고사고,0,0,0,1,차대차 - 추돌 - 주정차중,안전운전불이행,건조,맑음,단일로 - 기타,승용,남,38세,상해없음,승용,남,52세,기타불명
2013071800100598,2013년 7월 18일 22시,목요일,충청남도 공주시 옥룡동,중상사고,0,2,0,0,차대차 - 추돌 - 주정차중,안전운전불이행,건조,맑음,교차로 - 교차로안,화물,남,40세,상해없음,승용,남,49세,중상
2013071900100011,2013년 7월 19일 00시,금요일,충청남도 아산시 배방읍,경상사고,0,0,1,0,차대차 - 추돌 - 진행중,안전운전불이행,건조,맑음,교차로 - 교차로부근,화물,남,47세,상해없음,승용,여,33세,경상
2013071900100012,2013년 7월 19일 00시,금요일,충청남도 아산시 배방읍,경상사고,0,0,1,0,차대차 - 측면직각충돌,신호위반,건조,맑음,교차로 - 교차로안,승용,남,61세,상해없음,승용,남,37세,경상
2013071900100055,2013년 7월 19일 02시,금요일,충청남도 천안시 서북구 성정동,경상사고,0,0,1,0,차대차 - 기타,안전운전불이행,건조,맑음,교차로 - 교차로안,승합,남,50세,상해없음,승용,남,26세,상해없음
2013071900100131,2013년 7월 19일 08시,금요일,충청남도 홍성군 결성면,중상사고,0,1,0,0,차량단독 - 공작물충돌,안전운전불이행,건조,맑음,단일로 - 기타,이륜,남,70세,중상,,,,
2013071900100167,2013년 7월 19일 09시,금요일,충청남도 천안시 서북구 성거읍,부상신고사고,0,0,0,2,차대차 - 측면직각충돌,신호위반,건조,맑음,교차로 - 교차로안,화물,남,58세,상해없음,이륜,남,48세,부상신고
2013071900100219,2013년 7월 19일 11시,금요일,충청남도 태안군 근흥면,사망사고,1,0,0,0,차대차 - 기타,안전운전불이행,건조,맑음,교차로 - 교차로부근,승용,남,58세,상해없음,원동기,남,79세,사망
2013071900100249,2013년 7월 19일 12시,금요일,충청남도 서산시 성연면,중상사고,0,1,0,0,차대차 - 측면직각충돌,안전거리미확보,건조,맑음,단일로 - 기타,이륜,남,66세,상해없음,승용,여,38세,상해없음
2013071900100279,2013년 7월 19일 13시,금요일,충청남도 천안시 서북구 쌍용동,중상사고,0,1,0,0,차대사람 - 기타,안전운전불이행,건조,맑음,기타 - 기타,화물,남,49세,상해없음,보행자,여,71세,중상
2013071900100280,2013년 7월 19일 13시,금요일,충청남도 보령시 동대동,경상사고,0,0,2,0,차대차 - 측면직각충돌,안전거리미확보,건조,맑음,단일로 - 기타,승용,남,19세,경상,승용,여,37세,경상
2013071900100281,2013년 7월 19일 13시,금요일,충청남도 금산군 금산읍,경상사고,0,0,1,0,차대차 - 기타,교차로운행방법위반,건조,맑음,교차로 - 교차로안,승용,여,36세,상해없음,이륜,남,78세,경상
2013071900100282,2013년 7월 19일 13시,금요일,충청남도 천안시 동남구 유량동,경상사고,0,0,2,0,차대차 - 추돌 - 진행중,안전운전불이행,건조,맑음,단일로 - 기타,승용,남,31세,경상,화물,남,51세,경상
2013071900100317,2013년 7월 19일 14시,금요일,충청남도 태안군 원북면,중상사고,0,1,0,0,차대사람 - 횡단중,안전운전불이행,건조,맑음,단일로 - 기타,승용,여,54세,상해없음,보행자,여,71세,중상
2013071900100318,2013년 7월 19일 14시,금요일,충청남도 서산시 동문동,중상사고,0,1,0,0,차대차 - 추돌 - 주정차중,안전운전불이행,건조,맑음,단일로 - 기타,이륜,남,31세,상해없음,승용,남,48세,상해없음
2013071900100319,2013년 7월 19일 14시,금요일,충청남도 보령시 주포면,중상사고,0,1,1,0,차대차 - 측면직각충돌,신호위반,건조,맑음,교차로 - 교차로안,승용,남,46세,경상,화물,남,21세,중상
2013071900100411,2013년 7월 19일 17시,금요일,충청남도 당진시 정미면,중상사고,0,1,4,0,차대차 - 정면충돌,안전운전불이행,건조,맑음,단일로 - 기타,승용,남,53세,상해없음,화물,남,50세,경상
2013071900100470,2013년 7월 19일 18시,금요일,충청남도 당진시 송산면,경상사고,0,0,1,0,차대차 - 추돌 - 진행중,중앙선침범,건조,맑음,단일로 - 기타,승용,남,72세,상해없음,원동기,남,29세,경상
2013071900100511,2013년 7월 19일 19시,금요일,충청남도 아산시 인주면,경상사고,0,0,1,0,차대차 - 추돌 - 진행중,안전운전불이행,건조,맑음,기타 - 기타,승용,여,27세,상해없음,화물,남,37세,경상
2013071900100512,2013년 7월 19일 19시,금요일,충청남도 금산군 금산읍,중상사고,0,1,0,0,차대사람 - 횡단중,보행자보호의무위반,건조,맑음,교차로 - 교차로안,화물,남,61세,상해없음,보행자,여,53세,중상
2013071900100585,2013년 7월 19일 21시,금요일,충청남도 아산시 권곡동,중상사고,0,1,0,0,차대사람 - 기타,안전운전불이행,건조,맑음,기타 - 기타,자전거,남,19세,상해없음,보행자,여,50세,중상
2013071900100586,2013년 7월 19일 21시,금요일,충청남도 천안시 동남구 신방동,경상사고,0,0,1,0,차대차 - 추돌 - 진행중,안전운전불이행,건조,맑음,단일로 - 기타,승용,남,51세,상해없음,화물,남,38세,경상
2013071900100618,2013년 7월 19일 22시,금요일,충청남도 아산시 배방읍,중상사고,0,1,0,0,차대사람 - 차도통행중,안전운전불이행,건조,맑음,교차로 - 교차로안,승용,남,25세,상해없음,보행자,남,52세,중상
2013071900100646,2013년 7월 19일 23시,금요일,충청남도 천안시 서북구 성정동,경상사고,0,0,1,0,차대차 - 추돌 - 진행중,안전운전불이행,건조,맑음,단일로 - 기타,승용,남,26세,상해없음,승용,남,31세,경상
2013071900100647,2013년 7월 19일 23시,금요일,충청남도 보령시 죽정동,중상사고,0,1,0,0,차대차 - 추돌 - 진행중,안전운전불이행,건조,맑음,교차로 - 교차로부근,승용,남,34세,상해없음,승용,남,57세,중상
2013072000100015,2013년 7월 20일 00시,토요일,충청남도 아산시 권곡동,경상사고,0,0,3,0,차대차 - 기타,신호위반,건조,맑음,교차로 - 교차로안,승용,남,53세,상해없음,화물,남,31세,경상
2013072000100016,2013년 7월 20일 00시,토요일,충청남도 보령시 신흑동,경상사고,0,0,2,0,차대사람 - 기타,안전운전불이행,건조,맑음,교차로 - 교차로안,이륜,남,21세,상해없음,보행자,남,48세,경상
2013072000100050,2013년 7월 20일 01시,토요일,충청남도 아산시 용화동,경상사고,0,0,1,0,차대사람 - 기타,안전운전불이행,건조,맑음,기타 - 기타,승용,남,57세,상해없음,보행자,남,55세,경상
2013072000100097,2013년 7월 20일 04시,토요일,충청남도 아산시 배방읍,중상사고,0,1,0,0,차량단독 - 기타,안전운전불이행,건조,맑음,기타 - 기타,원동기,남,18세,상해없음,,,,
2013072000100117,2013년 7월 20일 05시,토요일,충청남도 서산시 고북면,중상사고,0,1,0,0,차량단독 - 공작물충돌,안전운전불이행,건조,맑음,단일로 - 기타,화물,남,22세,상해없음,,,,
2013072000100216,2013년 7월 20일 10시,토요일,충청남도 서산시 석림동,중상사고,0,1,0,0,차대차 - 측면직각충돌,직진우회전진행방해,건조,맑음,교차로 - 교차로안,자전거,남,18세,중상,건설기계,남,51세,상해없음
2013072000100217,2013년 7월 20일 10시,토요일,충청남도 금산군 남일면,중상사고,0,1,3,0,차대차 - 측면직각충돌,신호위반,건조,맑음,교차로 - 교차로안,승용,여,47세,중상,화물,남,45세,경상
2013072000100251,2013년 7월 20일 11시,토요일,충청남도 천안시 서북구 성정동,경상사고,0,0,2,0,차대차 - 기타,안전운전불이행,건조,맑음,단일로 - 기타,승용,남,25세,상해없음,승용,여,59세,경상
2013072000100252,2013년 7월 20일 11시,토요일,충청남도 논산시 취암동,중상사고,0,3,3,0,차대차 - 측면직각충돌,과속,건조,맑음,교차로 - 교차로안,승합,남,43세,상해없음,승용,여,20세,중상
2013072000100287,2013년 7월 20일 12시,토요일,충청남도 보령시 청라면,중상사고,0,1,1,0,차대차 - 측면직각충돌,안전운전불이행,건조,맑음,교차로 - 교차로부근,승용,남,51세,상해없음,이륜,남,75세,경상
2013072000100330,2013년 7월 20일 13시,토요일,충청남도 예산군 예산읍,경상사고,0,0,1,0,차대차 - 측면직각충돌,신호위반,건조,맑음,교차로 - 교차로안,이륜,남,82세,경상,승용,남,45세,기타불명
2013072000100407,2013년 7월 20일 15시,토요일,충청남도 천안시 동남구 목천읍,경상사고,0,0,1,0,차대차 - 측면직각충돌,교차로운행방법위반,건조,맑음,교차로 - 교차로안,승용,남,43세,상해없음,자전거,남,9세,경상
2013072000100430,2013년 7월 20일 16시,토요일,충청남도 아산시 권곡동,경상사고,0,0,1,0,차대차 - 측면직각충돌,교차로운행방법위반,건조,맑음,교차로 - 교차로안,승용,남,56세,상해없음,승용,남,69세,경상
2013072000100431,2013년 7월 20일 16시,토요일,충청남도 예산군 삽교읍,사망사고,1,0,0,0,차량단독 - 도로외이탈 - 기타,안전운전불이행,건조,맑음,단일로 - 기타,이륜,남,67세,사망,,,,
2013072000100432,2013년 7월 20일 16시,토요일,충청남도 천안시 동남구 안서동,경상사고,0,0,2,0,차대차 - 기타,안전운전불이행,건조,맑음,단일로 - 기타,승용,남,22세,상해없음,승용,남,40세,경상
2013072000100580,2013년 7월 20일 21시,토요일,충청남도 서천군 서천읍,경상사고,0,0,1,0,차대차 - 기타,안전운전불이행,건조,맑음,교차로 - 교차로안,승용,남,55세,상해없음,승용,남,47세,경상
2013072000100606,2013년 7월 20일 22시,토요일,충청남도 천안시 동남구 신방동,중상사고,0,1,1,0,차대차 - 기타,안전운전불이행,건조,맑음,교차로 - 교차로안,승용,남,43세,상해없음,승용,남,37세,중상
2013072100100028,2013년 7월 21일 01시,일요일,충청남도 아산시 온천동,경상사고,0,0,1,0,차대차 - 기타,안전운전불이행,건조,맑음,교차로 - 교차로안,승용,남,51세,상해없음,승용,남,52세,경상
2013072100100029,2013년 7월 21일 01시,일요일,충청남도 천안시 동남구 신부동,중상사고,0,1,0,0,차대차 - 추돌 - 주정차중,안전운전불이행,건조,맑음,단일로 - 기타,승용,남,43세,상해없음,승용,남,42세,중상
2013072100100031,2013년 7월 21일 01시,일요일,충청남도 서산시 고북면,중상사고,0,1,1,0,차대차 - 추돌 - 진행중,안전운전불이행,건조,맑음,단일로 - 교량,승용,여,28세,상해없음,화물,남,55세,중상
2013072100100049,2013년 7월 21일 02시,일요일,충청남도 천안시 서북구 성환읍,중상사고,0,2,1,0,차대차 - 기타,안전운전불이행,건조,맑음,미분류 - 미분류,승용,남,34세,중상,승용,남,26세,경상
2013072100100050,2013년 7월 21일 02시,일요일,충청남도 공주시 신관동,중상사고,0,1,0,0,차대차 - 측면직각충돌,안전운전불이행,건조,맑음,교차로 - 교차로안,승용,남,28세,기타불명,이륜,남,20세,중상
2013072100100104,2013년 7월 21일 06시,일요일,충청남도 아산시 권곡동,경상사고,0,0,1,0,차대차 - 기타,신호위반,건조,맑음,교차로 - 교차로안,화물,남,56세,상해없음,승용,남,73세,경상
2013072100100147,2013년 7월 21일 09시,일요일,충청남도 보령시 신흑동,경상사고,0,0,2,0,차대차 - 측면직각충돌,불법유턴,건조,맑음,교차로 - 교차로부근,승용,남,23세,상해없음,승용,여,22세,경상
2013072100100148,2013년 7월 21일 09시,일요일,충청남도 금산군 추부면,사망사고,1,0,0,0,차량단독 - 공작물충돌,안전운전불이행,건조,맑음,단일로 - 기타,승용,남,31세,사망,,,,
2013072100100163,2013년 7월 21일 10시,일요일,충청남도 천안시 서북구 백석동,경상사고,0,0,3,0,차대차 - 기타,교차로운행방법위반,건조,맑음,교차로 - 교차로안,승용,남,21세,상해없음,승용,여,47세,경상
2013072100100164,2013년 7월 21일 10시,일요일,충청남도 아산시 권곡동,사망사고,1,0,0,0,차대차 - 측면직각충돌,신호위반,건조,맑음,교차로 - 교차로안,이륜,남,62세,사망,승용,여,31세,상해없음
2013072100100177,2013년 7월 21일 11시,일요일,충청남도 보령시 신흑동,경상사고,0,0,2,0,차대차 - 정면충돌,안전운전불이행,건조,맑음,기타 - 기타,승용,남,70세,상해없음,승용,남,25세,경상
2013072100100223,2013년 7월 21일 13시,일요일,충청남도 청양군 정산면,경상사고,0,0,1,0,차대차 - 기타,안전운전불이행,건조,맑음,단일로 - 기타,승용,여,32세,상해없음,승용,남,51세,기타불명
2013072100100267,2013년 7월 21일 15시,일요일,충청남도 당진시 채운동,중상사고,0,2,1,2,차대차 - 측면직각충돌,안전운전불이행,건조,맑음,단일로 - 기타,승용,남,34세,중상,승용,남,28세,중상
2013072100100268,2013년 7월 21일 15시,일요일,충청남도 공주시 이인면,경상사고,0,0,3,0,차대차 - 추돌 - 진행중,안전거리미확보,건조,맑음,단일로 - 기타,승용,남,52세,상해없음,승합,남,53세,경상
2013072100100300,2013년 7월 21일 16시,일요일,충청남도 보령시 성주면,중상사고,0,1,0,0,차대사람 - 길가장자리구역통행중,기타,건조,맑음,단일로 - 기타,승용,남,42세,상해없음,보행자,여,68세,중상
2013072100100301,2013년 7월 21일 16시,일요일,충청남도 당진시 송악읍,경상사고,0,0,1,1,차대차 - 측면직각충돌,교차로운행방법위반,건조,맑음,교차로 - 교차로안,승용,남,50세,부상신고,승용,여,52세,경상
2013072100100330,2013년 7월 21일 17시,일요일,충청남도 천안시 동남구 영성동,중상사고,0,1,0,0,차대사람 - 차도통행중,안전운전불이행,건조,맑음,교차로 - 교차로부근,승용,여,47세,상해없음,보행자,여,72세,중상
2013072100100360,2013년 7월 21일 18시,일요일,충청남도 청양군 운곡면,경상사고,0,0,4,0,차대차 - 기타,중앙선침범,건조,맑음,단일로 - 기타,승용,남,28세,상해없음,승용,여,33세,경상
2013072100100413,2013년 7월 21일 20시,일요일,충청남도 서산시 운산면,중상사고,0,1,0,0,차대차 - 측면직각충돌,안전운전불이행,습기,흐림,단일로 - 기타,승용,남,41세,중상,화물,남,54세,기타불명
2013072100100414,2013년 7월 21일 20시,일요일,충청남도 천안시 서북구 두정동,중상사고,0,1,0,0,차대사람 - 횡단중,안전운전불이행,건조,맑음,단일로 - 기타,승용,남,30세,상해없음,보행자,남,56세,중상
2013072100100416,2013년 7월 21일 20시,일요일,충청남도 당진시 송악읍,경상사고,0,0,1,0,차대차 - 측면직각충돌,안전운전불이행,습기,흐림,교차로 - 교차로안,승용,기타불명,기타불명,기타불명,승용,남,43세,경상
2013072100100439,2013년 7월 21일 21시,일요일,충청남도 서산시 동문동,경상사고,0,0,2,0,차대사람 - 횡단중,신호위반,건조,맑음,교차로 - 교차로안,이륜,남,16세,상해없음,보행자,남,45세,경상
2013072100100440,2013년 7월 21일 21시,일요일,충청남도 아산시 방축동,경상사고,0,0,2,0,차대차 - 기타,안전거리미확보,건조,맑음,교차로 - 교차로부근,승용,남,27세,경상,승용,남,31세,상해없음
2013072200100016,2013년 7월 22일 01시,월요일,충청남도 보령시 신흑동,중상사고,0,1,0,0,차대사람 - 횡단중,안전운전불이행,건조,맑음,교차로 - 교차로부근,이륜,남,17세,상해없음,보행자,남,24세,중상
2013072200100031,2013년 7월 22일 04시,월요일,충청남도 서산시 예천동,경상사고,0,0,1,0,차량단독 - 공작물충돌,안전운전불이행,건조,맑음,교차로 - 교차로부근,승용,남,31세,경상,,,,
2013072200100032,2013년 7월 22일 04시,월요일,충청남도 천안시 서북구 성정동,경상사고,0,0,2,0,차대차 - 추돌 - 진행중,안전운전불이행,습기,비,교차로 - 교차로안,승용,남,32세,상해없음,승용,여,42세,경상
2013072200100081,2013년 7월 22일 07시,월요일,충청남도 당진시 합덕읍,경상사고,0,0,1,0,차대차 - 측면직각충돌,신호위반,건조,맑음,교차로 - 교차로안,승용,남,54세,상해없음,화물,남,48세,경상
2013072200100169,2013년 7월 22일 10시,월요일,충청남도 서천군 서천읍,중상사고,0,1,0,0,차대차 - 기타,중앙선침범,건조,맑음,단일로 - 기타,자전거,남,80세,중상,승용,남,76세,상해없음
2013072200100201,2013년 7월 22일 11시,월요일,충청남도 천안시 서북구 쌍용동,경상사고,0,0,1,0,차대차 - 기타,신호위반,건조,맑음,교차로 - 교차로안,승합,남,27세,상해없음,승용,남,53세,경상
2013072200100202,2013년 7월 22일 11시,월요일,충청남도 공주시 신관동,경상사고,0,0,1,0,차대차 - 기타,교차로운행방법위반,건조,맑음,교차로 - 교차로안,이륜,남,18세,상해없음,화물,남,77세,경상
2013072200100203,2013년 7월 22일 11시,월요일,충청남도 예산군 오가면,중상사고,0,1,0,0,차대차 - 측면직각충돌,안전운전불이행,건조,맑음,단일로 - 기타,승용,여,24세,상해없음,이륜,남,75세,중상
2013072200100233,2013년 7월 22일 12시,월요일,충청남도 천안시 서북구 백석동,중상사고,0,1,0,0,차대차 - 기타,안전운전불이행,건조,맑음,교차로 - 교차로안,승용,남,33세,상해없음,승용,남,42세,중상
2013072200100234,2013년 7월 22일 12시,월요일,충청남도 금산군 추부면,중상사고,0,1,2,0,차대차 - 측면직각충돌,직진우회전진행방해,건조,맑음,교차로 - 교차로안,화물,여,51세,상해없음,화물,남,41세,경상
2013072200100276,2013년 7월 22일 13시,월요일,충청남도 당진시 송악읍,중상사고,0,1,0,0,차대사람 - 기타,안전운전불이행,건조,맑음,단일로 - 기타,화물,남,45세,상해없음,보행자,남,53세,중상
2013072200100311,2013년 7월 22일 14시,월요일,충청남도 논산시 덕지동,경상사고,0,0,1,0,차대차 - 측면직각충돌,교차로운행방법위반,건조,맑음,교차로 - 교차로안,승용,남,61세,상해없음,승합,남,31세,상해없음
2013072200100312,2013년 7월 22일 14시,월요일,충청남도 공주시 금성동,중상사고,0,1,0,0,차대사람 - 횡단중,안전운전불이행,건조,맑음,교차로 - 교차로안,승용,여,40세,상해없음,보행자,여,51세,중상
2013072200100341,2013년 7월 22일 15시,월요일,충청남도 천안시 서북구 두정동,중상사고,0,1,1,0,차대차 - 측면직각충돌,직진우회전진행방해,건조,맑음,교차로 - 교차로안,승용,여,38세,상해없음,승용,남,32세,중상
2013072200100342,2013년 7월 22일 15시,월요일,충청남도 논산시 연무읍,경상사고,0,0,3,0,차대차 - 측면직각충돌,교차로운행방법위반,건조,맑음,교차로 - 교차로안,승용,남,46세,상해없음,승용,여,65세,경상
2013072200100372,2013년 7월 22일 16시,월요일,충청남도 서산시 동문동,경상사고,0,0,1,0,차대사람 - 횡단중,안전운전불이행,건조,맑음,교차로 - 교차로부근,승용,여,24세,상해없음,보행자,여,8세,경상
2013072200100373,2013년 7월 22일 16시,월요일,충청남도 논산시 취암동,경상사고,0,0,1,0,차대사람 - 횡단중,안전운전불이행,건조,맑음,단일로 - 기타,승용,남,31세,상해없음,보행자,남,16세,경상
2013072200100438,2013년 7월 22일 18시,월요일,충청남도 논산시 연산면,경상사고,0,0,1,0,차대차 - 추돌 - 진행중,신호위반,건조,맑음,교차로 - 교차로안,승용,남,24세,상해없음,자전거,남,39세,경상
2013072200100439,2013년 7월 22일 18시,월요일,충청남도 공주시 금흥동,경상사고,0,0,2,0,차대차 - 기타,안전운전불이행,건조,흐림,단일로 - 기타,승용,남,71세,상해없음,승용,여,26세,경상
2013072200100440,2013년 7월 22일 18시,월요일,충청남도 예산군 오가면,경상사고,0,0,2,0,차대차 - 측면직각충돌,직진우회전진행방해,건조,맑음,교차로 - 교차로안,승용,남,40세,상해없음,화물,남,66세,경상
2013072200100441,2013년 7월 22일 18시,월요일,충청남도 당진시 신평면,경상사고,0,0,1,0,차대차 - 측면직각충돌,교차로운행방법위반,건조,맑음,교차로 - 교차로안,이륜,남,62세,경상,승용,남,27세,상해없음
2013072200100442,2013년 7월 22일 18시,월요일,충청남도 천안시 동남구 목천읍,중상사고,0,3,2,0,차대차 - 기타,안전운전불이행,건조,맑음,단일로 - 기타,승합,남,43세,상해없음,승합,남,56세,경상
2013072200100471,2013년 7월 22일 19시,월요일,충청남도 태안군 태안읍,중상사고,0,2,1,0,차대차 - 측면직각충돌,교차로운행방법위반,건조,맑음,교차로 - 교차로안,승용,남,56세,경상,승용,여,21세,중상
2013072200100472,2013년 7월 22일 19시,월요일,충청남도 당진시 송악읍,사망사고,2,4,1,0,차대차 - 정면충돌,중앙선침범,건조,맑음,단일로 - 기타,승용,남,25세,중상,승용,남,27세,경상
2013072200100502,2013년 7월 22일 20시,월요일,충청남도 서산시 석림동,중상사고,0,1,0,0,차대차 - 측면직각충돌,안전운전불이행,건조,맑음,교차로 - 교차로부근,자전거,남,9세,중상,승용,여,52세,상해없음
2013072200100503,2013년 7월 22일 20시,월요일,충청남도 아산시 탕정면,경상사고,0,0,1,0,차대차 - 추돌 - 진행중,안전거리미확보,건조,맑음,기타 - 기타,승용,기타불명,기타불명,기타불명,승용,남,42세,경상
2013072200100536,2013년 7월 22일 21시,월요일,충청남도 천안시 서북구 불당동,사망사고,1,0,4,0,차대차 - 추돌 - 주정차중,안전운전불이행,건조,맑음,교차로 - 교차로부근,승용,남,63세,사망,승용,여,50세,상해없음