사고번호,사고일시,요일,시군구,사고내용,사망자수,중상자수,경상자수,부상신고자수,사고유형,법규위반,노면상태,기상상태,도로형태,가해운전자 차종,가해운전자 성별,가해운전자 연령,가해운전자 상해정도,피해운전자 차종,피해운전자 성별,피해운전자 연령,피해운전자 상해정도
2013072300100015,2013년 7월 23일 00시,화요일,충청남도 천안시 서북구 성정동,경상사고,0,0,1,0,차대차 - 기타,신호위반,건조,맑음,교차로 - 교차로안,승합,남,48세,상해없음,자전거,여,21세,경상
2013072300100032,2013년 7월 23일 01시,화요일,충청남도 태안군 태안읍,경상사고,0,0,1,0,차량단독 - 공작물충돌,안전운전불이행,건조,맑음,단일로 - 기타,승용,남,42세,경상,,,,
2013072300100104,2013년 7월 23일 07시,화요일,충청남도 홍성군 광천읍,중상사고,0,1,0,0,차대차 - 추돌 - 진행중,안전운전불이행,습기,비,교차로 - 교차로안,화물,남,60세,상해없음,화물,남,45세,상해없음
2013072300100135,2013년 7월 23일 08시,화요일,충청남도 천안시 서북구 두정동,경상사고,0,0,1,0,차대사람 - 횡단중,안전운전불이행,건조,맑음,단일로 - 기타,승용,남,26세,상해없음,보행자,여,10세,경상
2013072300100136,2013년 7월 23일 08시,화요일,충청남도 아산시 도고면,사망사고,1,0,0,0,차대차 - 기타,신호위반,습기,비,교차로 - 교차로부근,승용,남,52세,상해없음,자전거,남,52세,사망
2013072300100165,2013년 7월 23일 09시,화요일,충청남도 보령시 신흑동,사망사고,1,0,0,0,차대사람 - 횡단중,과속,습기,비,교차로 - 교차로안,승용,남,64세,상해없음,보행자,여,71세,사망
2013072300100166,2013년 7월 23일 09시,화요일,충청남도 금산군 군북면,경상사고,0,0,1,0,차대차 - 측면직각충돌,교차로운행방법위반,건조,흐림,교차로 - 교차로안,이륜,남,67세,경상,승용,남,51세,상해없음
2013072300100192,2013년 7월 23일 10시,화요일,충청남도 천안시 서북구 입장면,중상사고,0,1,0,0,차대차 - 정면충돌,안전운전불이행,습기,비,단일로 - 기타,건설기계,남,35세,상해없음,원동기,남,37세,중상
2013072300100193,2013년 7월 23일 10시,화요일,충청남도 당진시 대덕리,중상사고,0,1,0,0,차대차 - 측면직각충돌,교차로운행방법위반,건조,맑음,교차로 - 교차로안,승용,남,29세,상해없음,승용,남,35세,중상
2013072300100285,2013년 7월 23일 13시,화요일,충청남도 태안군 남면,중상사고,0,1,0,0,차량단독 - 공작물충돌,안전운전불이행,습기,비,단일로 - 기타,승용,여,41세,중상,,,,
2013072300100337,2013년 7월 23일 15시,화요일,충청남도 당진시 석문면,중상사고,0,1,1,0,차대사람 - 기타,교차로운행방법위반,건조,맑음,교차로 - 교차로부근,승합,남,57세,상해없음,보행자,여,42세,중상
2013072300100338,2013년 7월 23일 15시,화요일,충청남도 당진시 송악읍,경상사고,0,0,1,0,차대차 - 추돌 - 진행중,신호위반,습기,흐림,교차로 - 교차로안,화물,남,34세,상해없음,화물,남,31세,경상
2013072300100389,2013년 7월 23일 17시,화요일,충청남도 논산시 연산면,경상사고,0,0,1,0,차대차 - 추돌 - 진행중,안전운전불이행,건조,맑음,단일로 - 기타,화물,남,65세,상해없음,화물,남,52세,상해없음
2013072300100390,2013년 7월 23일 17시,화요일,충청남도 공주시 반포면,경상사고,0,0,2,0,차대차 - 추돌 - 주정차중,안전운전불이행,건조,맑음,교차로 - 교차로부근,화물,남,43세,상해없음,승용,남,54세,경상
2013072300100415,2013년 7월 23일 18시,화요일,충청남도 천안시 서북구 두정동,경상사고,0,0,1,0,차대차 - 기타,안전운전불이행,건조,맑음,교차로 - 교차로부근,승용,남,60세,상해없음,승용,남,28세,경상
2013072300100486,2013년 7월 23일 20시,화요일,충청남도 논산시 내동,중상사고,0,1,0,0,차대차 - 정면충돌,교차로운행방법위반,건조,맑음,교차로 - 교차로안,승용,남,38세,상해없음,이륜,남,16세,중상
2013072300100514,2013년 7월 23일 21시,화요일,충청남도 서산시 동문동,경상사고,0,0,1,0,차대차 - 측면직각충돌,안전운전불이행,건조,맑음,단일로 - 기타,승용,남,40세,상해없음,승용,남,30세,경상
2013072300100515,2013년 7월 23일 21시,화요일,충청남도 홍성군 광천읍,중상사고,0,1,0,0,차대사람 - 기타,안전운전불이행,건조,맑음,단일로 - 기타,기타불명,기타불명,기타불명,기타불명,보행자,여,72세,중상
2013072300100516,2013년 7월 23일 21시,화요일,충청남도 당진시 우강면,경상사고,0,0,1,0,차대사람 - 기타,안전운전불이행,건조,맑음,단일로 - 기타,승용,남,29세,상해없음,보행자,남,36세,경상
2013072300100559,2013년 7월 23일 22시,화요일,충청남도 서산시 동문동,경상사고,0,0,1,0,차대차 - 측면직각충돌,신호위반,건조,맑음,교차로 - 교차로안,화물,남,63세,상해없음,승용,남,44세,경상
2013072300100560,2013년 7월 23일 22시,화요일,충청남도 천안시 서북구 불당동,경상사고,0,0,1,0,차대차 - 기타,안전운전불이행,건조,맑음,교차로 - 교차로부근,승용,남,44세,상해없음,자전거,남,16세,경상
2013072300100561,2013년 7월 23일 22시,화요일,충청남도 홍성군 광천읍,경상사고,0,0,2,0,차대차 - 기타,안전운전불이행,습기,비,단일로 - 기타,승용,남,51세,상해없음,승용,남,26세,경상
2013072300100562,2013년 7월 23일 22시,화요일,충청남도 당진시 송산면,중상사고,0,1,0,0,차대차 - 기타,중앙선침범,건조,흐림,단일로 - 기타,승용,남,54세,상해없음,화물,남,37세,중상
2013072300100563,2013년 7월 23일 22시,화요일,충청남도 천안시 동남구 신부동,중상사고,0,2,5,0,차대차 - 기타,중앙선침범,건조,맑음,단일로 - 기타,승용,남,30세,상해없음,승용,남,27세,경상
2013072400100017,2013년 7월 24일 00시,수요일,충청남도 서산시 동문동,중상사고,0,1,0,0,차대차 - 측면직각충돌,교차로운행방법위반,건조,맑음,교차로 - 교차로안,승합,남,36세,상해없음,원동기,남,17세,중상
2013072400100040,2013년 7월 24일 02시,수요일,충청남도 서산시 지곡면,중상사고,0,1,0,0,차량단독 - 공작물충돌,안전운전불이행,건조,흐림,교차로 - 교차로부근,특수,남,34세,중상,,,,
2013072400100041,2013년 7월 24일 02시,수요일,충청남도 천안시 서북구 쌍용동,경상사고,0,0,1,0,차대차 - 측면직각충돌,신호위반,습기,비,교차로 - 교차로안,승용,남,29세,상해없음,승용,남,43세,경상
2013072400100057,2013년 7월 24일 04시,수요일,충청남도 홍성군 홍성읍,중상사고,0,1,0,0,차량단독 - 공작물충돌,안전운전불이행,습기,비,단일로 - 기타,승용,남,19세,중상,,,,
2013072400100087,2013년 7월 24일 06시,수요일,충청남도 천안시 서북구 쌍용동,경상사고,0,0,1,0,차대차 - 기타,안전운전불이행,습기,비,교차로 - 교차로안,승용,여,44세,기타불명,승합,남,41세,상해없음
2013072400100088,2013년 7월 24일 06시,수요일,충청남도 홍성군 홍성읍,중상사고,0,1,0,0,차대사람 - 횡단중,안전운전불이행,습기,비,단일로 - 기타,승용,여,56세,상해없음,보행자,여,37세,중상
2013072400100104,2013년 7월 24일 07시,수요일,충청남도 당진시 읍내리,사망사고,1,1,1,0,차대차 - 기타,안전거리미확보,습기,비,단일로 - 기타,승용,여,54세,사망,특수,남,41세,상해없음
2013072400100129,2013년 7월 24일 08시,수요일,충청남도 보령시 동대동,중상사고,0,1,1,0,차대차 - 측면직각충돌,신호위반,습기,흐림,교차로 - 교차로안,승용,여,28세,상해없음,승용,남,40세,중상
2013072400100159,2013년 7월 24일 09시,수요일,충청남도 천안시 서북구 불당동,경상사고,0,0,2,1,차대차 - 기타,안전운전불이행,건조,맑음,단일로 - 기타,승용,남,51세,상해없음,승용,남,44세,부상신고
2013072400100216,2013년 7월 24일 11시,수요일,충청남도 천안시 서북구 성정동,경상사고,0,0,1,0,차대차 - 기타,안전운전불이행,건조,맑음,교차로 - 교차로안,이륜,남,40세,경상,승용,남,68세,상해없음
2013072400100293,2013년 7월 24일 14시,수요일,충청남도 태안군 근흥면,경상사고,0,0,1,0,차대차 - 측면직각충돌,안전운전불이행,건조,맑음,교차로 - 교차로안,농기계,남,73세,경상,승용,남,51세,상해없음
2013072400100352,2013년 7월 24일 16시,수요일,충청남도 서천군 장항읍,중상사고,0,3,0,0,차대차 - 측면직각충돌,중앙선침범,건조,맑음,기타 - 기타,건설기계,남,61세,상해없음,승용,여,55세,중상
2013072400100372,2013년 7월 24일 17시,수요일,충청남도 부여군 부여읍,중상사고,0,1,0,0,차대차 - 기타,안전운전불이행,건조,맑음,단일로 - 기타,화물,남,55세,상해없음,이륜,여,50세,중상
2013072400100405,2013년 7월 24일 18시,수요일,충청남도 당진시 읍내리,경상사고,0,0,1,0,차대사람 - 기타,불법유턴,기타,맑음,기타 - 기타,승용,여,25세,상해없음,보행자,남,22세,경상
2013072400100507,2013년 7월 24일 21시,수요일,충청남도 아산시 온천동,중상사고,0,1,0,0,차대차 - 측면직각충돌,신호위반,건조,맑음,교차로 - 교차로안,승용,남,42세,상해없음,승용,여,20세,중상
2013072500100024,2013년 7월 25일 01시,목요일,충청남도 보령시 동대동,경상사고,0,0,1,0,차대사람 - 횡단중,안전운전불이행,건조,맑음,교차로 - 교차로부근,승용,남,36세,상해없음,보행자,남,35세,경상
2013072500100041,2013년 7월 25일 03시,목요일,충청남도 천안시 서북구 두정동,부상신고사고,0,0,0,1,차대차 - 측면직각충돌,신호위반,건조,맑음,교차로 - 교차로안,승용,남,32세,기타불명,승용,남,65세,부상신고
2013072500100062,2013년 7월 25일 06시,목요일,충청남도 논산시 양촌면,중상사고,0,1,3,0,차대차 - 기타,안전운전불이행,건조,맑음,단일로 - 기타,화물,여,53세,경상,화물,남,71세,경상
2013072500100077,2013년 7월 25일 07시,목요일,충청남도 아산시 신창면,사망사고,1,1,0,0,차대차 - 정면충돌,중앙선침범,건조,맑음,단일로 - 기타,승용,남,47세,사망,승용,남,61세,중상
2013072500100078,2013년 7월 25일 07시,목요일,충청남도 천안시 동남구 원성동,경상사고,0,0,1,0,차대차 - 기타,안전운전불이행,건조,맑음,단일로 - 횡단보도부근,이륜,남,15세,상해없음,승용,여,34세,경상
2013072500100105,2013년 7월 25일 08시,목요일,충청남도 논산시 노성면,중상사고,0,1,0,0,차대차 - 정면충돌,중앙선침범,건조,맑음,단일로 - 기타,화물,여,42세,상해없음,화물,남,53세,중상
2013072500100106,2013년 7월 25일 08시,목요일,충청남도 보령시 신흑동,경상사고,0,0,2,0,차대차 - 기타,불법유턴,건조,맑음,교차로 - 교차로안,승용,남,22세,상해없음,승용,남,57세,상해없음
2013072500100107,2013년 7월 25일 08시,목요일,충청남도 공주시 유구읍,중상사고,0,1,0,0,차대차 - 측면직각충돌,직진우회전진행방해,건조,맑음,교차로 - 교차로안,원동기,여,57세,중상,승용,남,35세,기타불명
2013072500100166,2013년 7월 25일 10시,목요일,충청남도 홍성군 홍북면,경상사고,0,0,1,0,차대차 - 추돌 - 주정차중,안전운전불이행,건조,맑음,교차로 - 교차로안,승용,남,45세,상해없음,화물,남,37세,경상
2013072500100198,2013년 7월 25일 11시,목요일,충청남도 청양군 청양읍,중상사고,0,1,0,0,차대사람 - 기타,안전운전불이행,건조,맑음,단일로 - 기타,승용,기타불명,기타불명,기타불명,보행자,남,88세,중상
2013072500100231,2013년 7월 25일 12시,목요일,충청남도 천안시 서북구 두정동,경상사고,0,0,1,0,차대차 - 추돌 - 주정차중,안전운전불이행,건조,맑음,교차로 - 교차로부근,승용,남,30세,상해없음,화물,남,44세,경상
2013072500100287,2013년 7월 25일 14시,목요일,충청남도 서산시 석림동,중상사고,0,3,0,0,차대차 - 추돌 - 진행중,안전거리미확보,건조,맑음,교차로 - 교차로안,승용,남,48세,상해없음,승용,여,56세,중상
2013072500100288,2013년 7월 25일 14시,목요일,충청남도 보령시 신흑동,경상사고,0,0,1,0,차대사람 - 기타,안전운전불이행,건조,맑음,단일로 - 기타,승용,여,21세,상해없음,보행자,여,20세,경상
2013072500100289,2013년 7월 25일 14시,목요일,충청남도 보령시 신흑동,중상사고,0,1,0,0,차대차 - 측면직각충돌,신호위반,건조,맑음,교차로 - 교차로안,승용,여,22세,상해없음,이륜,남,74세,중상
2013072500100290,2013년 7월 25일 14시,목요일,충청남도 보령시 웅천읍,중상사고,0,1,0,0,차대차 - 정면충돌,안전운전불이행,건조,맑음,교차로 - 교차로안,화물,남,61세,상해없음,승용,여,36세,중상
2013072500100291,2013년 7월 25일 14시,목요일,충청남도 공주시 정안면,경상사고,0,0,1,0,차대차 - 측면직각충돌,안전운전불이행,건조,맑음,교차로 - 교차로안,승용,남,74세,기타불명,승용,남,48세,경상
2013072500100292,2013년 7월 25일 14시,목요일,충청남도 당진시 신평면,중상사고,0,1,0,0,차대사람 - 기타,안전운전불이행,건조,맑음,단일로 - 기타,화물,남,51세,상해없음,보행자,여,53세,중상
2013072500100293,2013년 7월 25일 14시,목요일,충청남도 천안시 동남구 구성동,부상신고사고,0,0,0,1,차대차 - 추돌 - 진행중,안전운전불이행,건조,맑음,교차로 - 교차로안,승용,남,53세,상해없음,승용,남,44세,상해없음
2013072500100343,2013년 7월 25일 15시,목요일,충청남도 보령시 청소면,중상사고,0,1,0,0,차대차 - 측면직각충돌,안전운전불이행,건조,맑음,단일로 - 기타,승용,여,46세,상해없음,승합,남,36세,기타불명
2013072500100344,2013년 7월 25일 15시,목요일,충청남도 예산군 예산읍,경상사고,0,0,1,0,차대사람 - 차도통행중,안전운전불이행,건조,맑음,단일로 - 기타,승용,여,37세,상해없음,보행자,여,69세,경상
2013072500100382,2013년 7월 25일 16시,목요일,충청남도 아산시 인주면,사망사고,1,0,0,0,차량단독 - 공작물충돌,안전운전불이행,건조,맑음,교차로 - 교차로부근,승용,남,46세,사망,,,,
2013072500100383,2013년 7월 25일 16시,목요일,충청남도 아산시 온천동,경상사고,0,0,1,0,차대사람 - 횡단중,보행자보호의무위반,건조,맑음,단일로 - 기타,기타불명,기타불명,기타불명,기타불명,보행자,여,43세,경상
2013072500100384,2013년 7월 25일 16시,목요일,충청남도 공주시 유구읍,경상사고,0,0,4,0,차대차 - 기타,안전거리미확보,건조,맑음,단일로 - 기타,승용,여,53세,상해없음,승용,여,21세,경상
2013072500100417,2013년 7월 25일 17시,목요일,충청남도 서천군 서천읍,부상신고사고,0,0,0,1,차대차 - 측면직각충돌,안전거리미확보,건조,맑음,단일로 - 횡단보도부근,이륜,남,60세,부상신고,승용,남,29세,상해없음
2013072500100499,2013년 7월 25일 19시,목요일,충청남도 천안시 동남구 목천읍,중상사고,0,1,0,0,차대차 - 추돌 - 진행중,안전운전불이행,건조,맑음,교차로 - 교차로안,승용,여,32세,상해없음,이륜,남,59세,중상
2013072500100534,2013년 7월 25일 20시,목요일,충청남도 서산시 동문동,중상사고,0,1,0,0,차대사람 - 횡단중,안전운전불이행,건조,맑음,단일로 - 기타,승용,남,54세,상해없음,보행자,남,60세,중상
2013072500100535,2013년 7월 25일 20시,목요일,충청남도 천안시 서북구 두정동,경상사고,0,0,1,0,차대차 - 기타,안전운전불이행,건조,맑음,단일로 - 기타,이륜,여,49세,상해없음,승용,여,28세,경상
2013072500100536,2013년 7월 25일 20시,목요일,충청남도 공주시 의당면,중상사고,0,2,0,0,차대사람 - 기타,안전운전불이행,건조,기타,교차로 - 교차로안,화물,남,56세,상해없음,보행자,여,81세,중상
2013072500100537,2013년 7월 25일 20시,목요일,충청남도 당진시 송악읍,경상사고,0,0,1,0,차대차 - 측면직각충돌,안전운전불이행,습기,비,단일로 - 기타,승용,남,32세,기타불명,승용,남,31세,경상
2013072500100538,2013년 7월 25일 20시,목요일,충청남도 천안시 동남구 다가동,경상사고,0,0,1,0,차대차 - 추돌 - 주정차중,안전운전불이행,건조,맑음,단일로 - 기타,승용,여,30세,상해없음,승용,여,45세,경상
2013072500100539,2013년 7월 25일 20시,목요일,충청남도 천안시 동남구 동면,중상사고,0,1,0,0,차대차 - 추돌 - 진행중,중앙선침범,건조,맑음,단일로 - 기타,이륜,남,45세,중상,화물,남,57세,상해없음
2013072500100569,2013년 7월 25일 21시,목요일,충청남도 천안시 동남구 원성동,경상사고,0,0,1,0,차대차 - 추돌 - 진행중,안전운전불이행,건조,맑음,교차로 - 교차로부근,승용,남,30세,상해없음,이륜,남,42세,경상
2013072500100598,2013년 7월 25일 22시,목요일,충청남도 공주시 정안면,중상사고,0,1,0,0,차대차 - 추돌 - 진행중,안전운전불이행,건조,맑음,단일로 - 기타,화물,남,47세,중상,화물,남,48세,상해없음
2013072600100009,2013년 7월 26일 00시,금요일,충청남도 서산시 읍내동,부상신고사고,0,0,0,1,차대차 - 측면직각충돌,안전운전불이행,건조,맑음,단일로 - 기타,이륜,남,17세,부상신고,승용,남,54세,상해없음
2013072600100033,2013년 7월 26일 02시,금요일,충청남도 계룡시 엄사면,경상사고,0,0,1,0,차대사람 - 차도통행중,안전운전불이행,건조,맑음,교차로 - 교차로안,승용,남,34세,상해없음,보행자,남,22세,경상
2013072600100115,2013년 7월 26일 08시,금요일,충청남도 천안시 동남구 목천읍,경상사고,0,0,1,0,차대사람 - 횡단중,신호위반,건조,맑음,교차로 - 교차로부근,화물,남,65세,상해없음,보행자,여,12세,경상
2013072600100143,2013년 7월 26일 09시,금요일,충청남도 예산군 예산읍,경상사고,0,0,2,0,차대차 - 측면직각충돌,불법유턴,건조,맑음,교차로 - 교차로안,승용,남,22세,기타불명,승용,남,38세,경상
2013072600100144,2013년 7월 26일 09시,금요일,충청남도 금산군 부리면,경상사고,0,0,1,0,차대차 - 기타,교차로운행방법위반,건조,맑음,교차로 - 교차로안,승용,남,48세,상해없음,승용,남,53세,경상
2013072600100181,2013년 7월 26일 10시,금요일,충청남도 논산시 연산면,중상사고,0,2,0,0,차대차 - 측면직각충돌,안전운전불이행,건조,맑음,단일로 - 기타,승용,남,69세,상해없음,이륜,남,70세,중상
2013072600100213,2013년 7월 26일 11시,금요일,충청남도 보령시 미산면,중상사고,0,3,0,0,차대차 - 정면충돌,안전운전불이행,건조,맑음,교차로 - 교차로부근,건설기계,남,63세,상해없음,승용,여,55세,중상
2013072600100214,2013년 7월 26일 11시,금요일,충청남도 당진시 시곡리,중상사고,0,1,0,0,차대차 - 추돌 - 진행중,안전운전불이행,건조,맑음,교차로 - 교차로부근,승용,남,56세,기타불명,승합,남,55세,상해없음
2013072600100246,2013년 7월 26일 12시,금요일,충청남도 아산시 도고면,경상사고,0,0,1,0,차대차 - 추돌 - 진행중,안전운전불이행,건조,맑음,교차로 - 교차로부근,승용,남,29세,상해없음,승용,남,39세,경상
2013072600100247,2013년 7월 26일 12시,금요일,충청남도 천안시 동남구 광덕면,중상사고,0,1,0,0,차대차 - 기타,안전거리미확보,건조,맑음,교차로 - 교차로부근,승용,남,61세,상해없음,이륜,남,32세,중상
2013072600100276,2013년 7월 26일 13시,금요일,충청남도 천안시 동남구 풍세면,경상사고,0,0,1,0,차대차 - 기타,안전운전불이행,건조,맑음,단일로 - 기타,승용,여,21세,상해없음,이륜,남,67세,경상
2013072600100302,2013년 7월 26일 14시,금요일,충청남도 천안시 동남구 북면,중상사고,0,4,1,0,차대차 - 기타,안전운전불이행,건조,기타,교차로 - 교차로부근,승합,남,46세,상해없음,승합,남,70세,중상
2013072600100337,2013년 7월 26일 15시,금요일,충청남도 계룡시 엄사면,경상사고,0,0,1,0,차대사람 - 횡단중,기타,건조,맑음,단일로 - 기타,승용,여,23세,상해없음,보행자,여,8세,경상
2013072600100338,2013년 7월 26일 15시,금요일,충청남도 당진시 읍내리,경상사고,0,0,1,0,차대사람 - 보도통행중,안전운전불이행,건조,맑음,기타 - 기타,승용,여,28세,상해없음,보행자,여,69세,경상
2013072600100398,2013년 7월 26일 17시,금요일,충청남도 서산시 대산읍,경상사고,0,0,1,0,차대사람 - 길가장자리구역통행중,안전운전불이행,건조,맑음,단일로 - 기타,화물,남,70세,상해없음,보행자,남,50세,경상
2013072600100399,2013년 7월 26일 17시,금요일,충청남도 논산시 내동,경상사고,0,0,1,0,차대차 - 기타,안전운전불이행,건조,맑음,단일로 - 기타,화물,남,41세,상해없음,자전거,남,45세,경상
2013072600100433,2013년 7월 26일 18시,금요일,충청남도 서천군 기산면,경상사고,0,0,1,0,차대차 - 기타,안전운전불이행,건조,맑음,교차로 - 교차로안,화물,남,69세,상해없음,이륜,남,66세,경상
2013072600100434,2013년 7월 26일 18시,금요일,충청남도 공주시 산성동,중상사고,0,1,0,0,차대사람 - 횡단중,보행자보호의무위반,건조,맑음,단일로 - 기타,이륜,남,17세,상해없음,보행자,여,28세,중상
2013072600100435,2013년 7월 26일 18시,금요일,충청남도 천안시 동남구 목천읍,경상사고,0,0,1,0,차대사람 - 기타,안전운전불이행,건조,흐림,기타 - 기타,화물,남,23세,상해없음,보행자,남,46세,경상
2013072600100469,2013년 7월 26일 19시,금요일,충청남도 서산시 대산읍,경상사고,0,0,2,0,차대차 - 측면직각충돌,안전운전불이행,건조,맑음,단일로 - 기타,승합,남,56세,상해없음,승용,남,33세,경상
2013072600100541,2013년 7월 26일 21시,금요일,충청남도 서산시 부석면,중상사고,0,1,0,0,차량단독 - 공작물충돌,안전운전불이행,건조,맑음,단일로 - 기타,화물,남,35세,중상,,,,
2013072600100542,2013년 7월 26일 21시,금요일,충청남도 천안시 서북구 성정동,경상사고,0,0,2,0,차대차 - 기타,안전운전불이행,건조,맑음,교차로 - 교차로부근,승용,여,30세,상해없음,승용,남,45세,기타불명
2013072600100544,2013년 7월 26일 21시,금요일,충청남도 예산군 예산읍,경상사고,0,0,1,0,차대사람 - 횡단중,안전운전불이행,건조,맑음,단일로 - 기타,승용,남,44세,상해없음,보행자,남,58세,경상
2013072600100583,2013년 7월 26일 22시,금요일,충청남도 보령시 신흑동,중상사고,0,1,0,0,차대차 - 측면직각충돌,직진우회전진행방해,건조,맑음,교차로 - 교차로안,승용,남,56세,상해없음,이륜,남,17세,중상
2013072600100584,2013년 7월 26일 22시,금요일,충청남도 부여군 홍산면,중상사고,0,1,0,0,차대차 - 추돌 - 진행중,안전운전불이행,건조,맑음,교차로 - 교차로부근,승용,남,59세,기타불명,농기계,남,53세,중상
2013072600100585,2013년 7월 26일 22시,금요일,충청남도 부여군 부여읍,중상사고,0,1,0,0,차량단독 - 전도전복,안전운전불이행,건조,맑음,단일로 - 기타,원동기,남,70세,중상,,,,
2013072700100011,2013년 7월 27일 00시,토요일,충청남도 당진시 시곡리,경상사고,0,0,1,0,차대차 - 추돌 - 진행중,교차로운행방법위반,건조,맑음,기타 - 기타,화물,남,15세,상해없음,승용,남,29세,경상
2013072700100039,2013년 7월 27일 01시,토요일,충청남도 예산군 예산읍,사망사고,1,0,0,0,차량단독 - 기타,안전운전불이행,건조,맑음,단일로 - 기타,이륜,남,59세,사망,,,,
2013072700100069,2013년 7월 27일 03시,토요일,충청남도 공주시 반포면,중상사고,0,1,0,0,차량단독 - 공작물충돌,안전운전불이행,건조,맑음,단일로 - 기타,승용,남,29세,기타불명,,,,
2013072700100096,2013년 7월 27일 05시,토요일,충청남도 아산시 풍기동,경상사고,0,0,1,0,차대차 - 측면직각충돌,신호위반,건조,맑음,교차로 - 교차로안,승용,남,21세,상해없음,승용,남,44세,경상
2013072700100123,2013년 7월 27일 07시,토요일,충청남도 논산시 등화동,중상사고,0,1,0,0,차량단독 - 도로외이탈 - 기타,안전운전불이행,건조,맑음,교차로 - 교차로부근,농기계,남,67세,중상,,,,
2013072700100124,2013년 7월 27일 07시,토요일,충청남도 청양군 남양면,중상사고,0,1,0,0,차대사람 - 기타,안전운전불이행,건조,맑음,단일로 - 기타,승용,여,26세,상해없음,보행자,남,72세,중상
2013072700100143,2013년 7월 27일 08시,토요일,충청남도 서천군 서천읍,경상사고,0,0,1,0,차대차 - 측면직각충돌,직진우회전진행방해,건조,맑음,교차로 - 교차로안,승합,남,48세,경상,승용,남,44세,상해없음
2013072700100144,2013년 7월 27일 08시,토요일,충청남도 공주시 신관동,중상사고,0,1,0,0,차대사람 - 횡단중,보행자보호의무위반,건조,맑음,단일로 - 횡단보도상,승합,남,50세,상해없음,보행자,여,17세,중상
2013072700100194,2013년 7월 27일 10시,토요일,충청남도 청양군 청양읍,중상사고,0,1,0,0,차량단독 - 기타,안전운전불이행,건조,맑음,단일로 - 기타,승용,여,28세,상해없음,,,,
2013072700100258,2013년 7월 27일 12시,토요일,충청남도 아산시 모종동,경상사고,0,0,1,0,차대사람 - 횡단중,보행자보호의무위반,건조,맑음,단일로 - 횡단보도상,원동기,남,23세,상해없음,보행자,여,79세,경상
2013072700100289,2013년 7월 27일 13시,토요일,충청남도 공주시 월송동,중상사고,0,1,0,0,차량단독 - 기타,안전운전불이행,건조,맑음,교차로 - 교차로부근,화물,남,66세,상해없음,,,,
2013072700100290,2013년 7월 27일 13시,토요일,충청남도 금산군 제원면,중상사고,0,2,3,0,차대차 - 기타,신호위반,건조,맑음,교차로 - 교차로안,건설기계,남,51세,상해없음,승용,남,40세,중상
2013072700100291,2013년 7월 27일 13시,토요일,충청남도 청양군 정산면,경상사고,0,0,3,0,차대차 - 기타,안전운전불이행,건조,맑음,단일로 - 기타,승용,남,30세,상해없음,승용,남,66세,경상
2013072700100326,2013년 7월 27일 14시,토요일,충청남도 예산군 삽교읍,중상사고,0,2,1,0,차대차 - 정면충돌,직진우회전진행방해,건조,맑음,교차로 - 교차로안,승용,남,42세,경상,화물,남,52세,중상
2013072700100365,2013년 7월 27일 15시,토요일,충청남도 태안군 태안읍,경상사고,0,0,1,0,차대차 - 기타,안전운전불이행,건조,맑음,단일로 - 기타,승용,여,34세,상해없음,원동기,남,85세,경상
2013072700100396,2013년 7월 27일 16시,토요일,충청남도 천안시 서북구 백석동,중상사고,0,1,1,0,차대차 - 기타,안전거리미확보,건조,맑음,단일로 - 기타,승용,남,42세,중상,승용,여,26세,경상
2013072700100397,2013년 7월 27일 16시,토요일,충청남도 아산시 온천동,경상사고,0,0,1,0,차대차 - 추돌 - 진행중,안전운전불이행,건조,맑음,기타 - 기타,승용,남,52세,상해없음,승용,여,42세,경상
2013072700100398,2013년 7월 27일 16시,토요일,충청남도 당진시 정미면,중상사고,0,1,0,0,차대차 - 기타,안전운전불이행,건조,맑음,단일로 - 기타,승용,여,58세,상해없음,이륜,남,75세,중상
2013072700100399,2013년 7월 27일 16시,토요일,충청남도 천안시 동남구 원성동,중상사고,0,1,2,0,차대차 - 추돌 - 진행중,안전운전불이행,건조,맑음,교차로 - 교차로부근,승용,여,63세,상해없음,승용,남,58세,경상
2013072700100465,2013년 7월 27일 18시,토요일,충청남도 논산시 연무읍,경상사고,0,0,2,0,차량단독 - 공작물충돌,안전운전불이행,건조,맑음,단일로 - 기타,승용,남,31세,경상,,,,
2013072700100466,2013년 7월 27일 18시,토요일,충청남도 계룡시 엄사면,경상사고,0,0,1,0,차대차 - 측면직각충돌,안전운전불이행,건조,맑음,교차로 - 교차로부근,자전거,남,9세,경상,승용,남,38세,상해없음
2013072700100467,2013년 7월 27일 18시,토요일,충청남도 아산시 염치읍,중상사고,0,1,3,0,차대차 - 기타,안전운전불이행,건조,맑음,교차로 - 교차로안,화물,남,53세,상해없음,승용,남,48세,경상
2013072700100468,2013년 7월 27일 18시,토요일,충청남도 서천군 장항읍,경상사고,0,0,1,0,차대사람 - 기타,안전운전불이행,건조,맑음,교차로 - 교차로안,승용,여,56세,상해없음,보행자,남,52세,경상