사고번호,사고일시,요일,시군구,사고내용,사망자수,중상자수,경상자수,부상신고자수,사고유형,법규위반,노면상태,기상상태,도로형태,가해운전자 차종,가해운전자 성별,가해운전자 연령,가해운전자 상해정도,피해운전자 차종,피해운전자 성별,피해운전자 연령,피해운전자 상해정도
2013080800100436,2013년 8월 8일 18시,목요일,충청남도 천안시 서북구 두정동,경상사고,0,0,1,0,차대사람 - 기타,안전운전불이행,건조,맑음,단일로 - 기타,승용,남,31세,상해없음,보행자,남,24세,경상
2013080800100481,2013년 8월 8일 19시,목요일,충청남도 천안시 서북구 성정동,경상사고,0,0,1,0,차대차 - 측면직각충돌,안전운전불이행,건조,맑음,교차로 - 교차로안,승용,남,54세,상해없음,원동기,남,46세,경상
2013080800100482,2013년 8월 8일 19시,목요일,충청남도 아산시 배방읍,경상사고,0,0,1,0,차대사람 - 기타,안전운전불이행,건조,맑음,기타 - 기타,승용,기타불명,기타불명,기타불명,보행자,남,7세,경상
2013080800100514,2013년 8월 8일 20시,목요일,충청남도 부여군 외산면,중상사고,0,5,2,0,차대차 - 측면직각충돌,직진우회전진행방해,건조,맑음,교차로 - 교차로안,승용,남,36세,경상,화물,남,64세,경상
2013080800100552,2013년 8월 8일 21시,목요일,충청남도 태안군 소원면,중상사고,0,3,4,0,차대차 - 정면충돌,중앙선침범,건조,맑음,단일로 - 기타,승용,여,42세,경상,승용,남,42세,중상
2013080800100553,2013년 8월 8일 21시,목요일,충청남도 천안시 서북구 성정동,경상사고,0,0,1,0,차대차 - 기타,안전운전불이행,건조,맑음,단일로 - 기타,승용,남,47세,상해없음,승용,남,30세,경상
2013080900100109,2013년 8월 9일 08시,금요일,충청남도 서산시 동문동,중상사고,0,1,0,0,차대차 - 측면직각충돌,직진우회전진행방해,건조,맑음,교차로 - 교차로안,승합,남,63세,상해없음,원동기,남,79세,중상
2013080900100110,2013년 8월 9일 08시,금요일,충청남도 서산시 부석면,경상사고,0,0,1,0,차대차 - 측면직각충돌,직진우회전진행방해,건조,맑음,교차로 - 교차로안,승용,여,27세,경상,승용,남,51세,상해없음
2013080900100111,2013년 8월 9일 08시,금요일,충청남도 홍성군 홍성읍,중상사고,0,1,0,0,차대차 - 측면직각충돌,교차로운행방법위반,건조,맑음,교차로 - 교차로안,승용,여,40세,상해없음,이륜,남,70세,중상
2013080900100139,2013년 8월 9일 09시,금요일,충청남도 아산시 실옥동,중상사고,0,1,4,0,차대차 - 측면직각충돌,신호위반,건조,맑음,교차로 - 교차로안,승합,남,62세,상해없음,화물,남,31세,경상
2013080900100140,2013년 8월 9일 09시,금요일,충청남도 예산군 오가면,경상사고,0,0,1,0,차대사람 - 횡단중,안전운전불이행,건조,맑음,단일로 - 기타,승용,남,31세,상해없음,보행자,여,80세,경상
2013080900100141,2013년 8월 9일 09시,금요일,충청남도 당진시 순성면,중상사고,0,1,1,0,차대차 - 측면직각충돌,교차로운행방법위반,건조,맑음,단일로 - 기타,이륜,여,53세,경상,승용,여,55세,중상
2013080900100237,2013년 8월 9일 12시,금요일,충청남도 당진시 석문면,사망사고,1,1,0,1,차대차 - 정면충돌,중앙선침범,건조,맑음,단일로 - 기타,화물,남,44세,부상신고,승용,남,31세,사망
2013080900100268,2013년 8월 9일 13시,금요일,충청남도 예산군 고덕면,중상사고,0,1,0,0,차대사람 - 기타,안전운전불이행,건조,맑음,단일로 - 기타,승용,남,38세,상해없음,보행자,여,66세,중상
2013080900100370,2013년 8월 9일 16시,금요일,충청남도 태안군 안면읍,경상사고,0,0,1,0,차대차 - 기타,안전운전불이행,건조,맑음,교차로 - 교차로안,이륜,남,26세,경상,승합,남,52세,상해없음
2013080900100371,2013년 8월 9일 16시,금요일,충청남도 천안시 서북구 성정동,경상사고,0,0,1,0,차대차 - 기타,안전운전불이행,건조,맑음,교차로 - 교차로부근,이륜,남,78세,경상,승용,남,51세,상해없음
2013080900100372,2013년 8월 9일 16시,금요일,충청남도 논산시 취암동,중상사고,0,1,0,0,차대차 - 측면직각충돌,교차로운행방법위반,건조,맑음,교차로 - 교차로안,이륜,남,17세,상해없음,화물,남,43세,상해없음
2013080900100405,2013년 8월 9일 17시,금요일,충청남도 천안시 서북구 성정동,중상사고,0,1,0,0,차대사람 - 기타,안전운전불이행,건조,맑음,단일로 - 기타,화물,남,49세,상해없음,보행자,여,72세,중상
2013080900100494,2013년 8월 9일 19시,금요일,충청남도 당진시 읍내리,경상사고,0,0,1,0,차대사람 - 기타,안전운전불이행,기타,맑음,기타 - 기타,기타불명,기타불명,기타불명,기타불명,보행자,남,72세,경상
2013080900100531,2013년 8월 9일 20시,금요일,충청남도 논산시 반월동,경상사고,0,0,1,0,차대차 - 추돌 - 진행중,안전운전불이행,건조,맑음,단일로 - 기타,승용,남,37세,상해없음,승용,여,40세,경상
2013080900100594,2013년 8월 9일 22시,금요일,충청남도 아산시 배방읍,중상사고,0,1,1,0,차대차 - 추돌 - 진행중,안전운전불이행,건조,맑음,기타 - 기타,승용,남,47세,상해없음,자전거,남,14세,중상
2013080900100595,2013년 8월 9일 22시,금요일,충청남도 금산군 남이면,경상사고,0,0,3,0,차대차 - 기타,기타,건조,흐림,단일로 - 기타,승합,여,47세,상해없음,승용,여,49세,경상
2013081000100065,2013년 8월 10일 02시,토요일,충청남도 천안시 서북구 두정동,경상사고,0,0,2,0,차대사람 - 기타,안전운전불이행,건조,맑음,단일로 - 기타,승용,남,38세,상해없음,보행자,남,19세,경상
2013081000100078,2013년 8월 10일 03시,토요일,충청남도 천안시 서북구 쌍용동,중상사고,0,1,2,0,차대차 - 기타,신호위반,건조,맑음,교차로 - 교차로안,승용,남,28세,상해없음,승용,남,27세,중상
2013081000100149,2013년 8월 10일 07시,토요일,충청남도 천안시 서북구 두정동,경상사고,0,0,1,0,차대사람 - 기타,안전운전불이행,건조,맑음,교차로 - 교차로안,승용,남,56세,상해없음,보행자,여,20세,경상
2013081000100166,2013년 8월 10일 08시,토요일,충청남도 천안시 서북구 성정동,경상사고,0,0,1,0,차대사람 - 횡단중,안전운전불이행,건조,맑음,단일로 - 횡단보도상,승용,여,55세,상해없음,보행자,여,43세,경상
2013081000100167,2013년 8월 10일 08시,토요일,충청남도 홍성군 광천읍,중상사고,0,1,0,0,차대차 - 기타,안전운전불이행,건조,맑음,단일로 - 기타,화물,남,70세,상해없음,이륜,남,70세,중상
2013081000100168,2013년 8월 10일 08시,토요일,충청남도 서천군 서면,경상사고,0,0,4,0,차대차 - 측면직각충돌,신호위반,건조,맑음,교차로 - 교차로안,승용,남,69세,상해없음,승용,남,53세,경상
2013081000100169,2013년 8월 10일 08시,토요일,충청남도 공주시 석장리동,중상사고,0,1,1,0,차대사람 - 기타,안전운전불이행,건조,맑음,단일로 - 기타,승용,남,38세,상해없음,보행자,남,44세,중상
2013081000100170,2013년 8월 10일 08시,토요일,충청남도 천안시 동남구 원성동,중상사고,0,1,0,0,차대차 - 측면직각충돌,신호위반,건조,맑음,교차로 - 교차로안,화물,남,61세,상해없음,이륜,남,66세,중상
2013081000100190,2013년 8월 10일 09시,토요일,충청남도 예산군 삽교읍,중상사고,0,2,1,0,차대차 - 기타,안전운전불이행,건조,맑음,교차로 - 교차로부근,승용,여,55세,중상,건설기계,남,39세,경상
2013081000100240,2013년 8월 10일 11시,토요일,충청남도 천안시 서북구 쌍용동,중상사고,0,2,0,0,차대차 - 기타,안전운전불이행,습기,비,교차로 - 교차로부근,화물,남,61세,상해없음,승합,여,34세,중상
2013081000100241,2013년 8월 10일 11시,토요일,충청남도 예산군 덕산면,경상사고,0,0,1,0,차대사람 - 횡단중,안전운전불이행,건조,흐림,교차로 - 교차로부근,승용,남,77세,상해없음,보행자,남,5세,경상
2013081000100242,2013년 8월 10일 11시,토요일,충청남도 금산군 금산읍,경상사고,0,0,1,0,차대차 - 기타,교차로운행방법위반,건조,흐림,교차로 - 교차로안,승용,남,61세,상해없음,자전거,남,11세,경상
2013081000100243,2013년 8월 10일 11시,토요일,충청남도 천안시 서북구 성거읍,경상사고,0,0,1,0,차대차 - 추돌 - 진행중,안전운전불이행,습기,비,단일로 - 기타,승용,남,51세,상해없음,승용,여,62세,경상
2013081000100307,2013년 8월 10일 13시,토요일,충청남도 공주시 우성면,경상사고,0,0,2,0,차대차 - 추돌 - 진행중,안전거리미확보,건조,맑음,단일로 - 기타,화물,남,46세,상해없음,승용,남,66세,경상
2013081000100349,2013년 8월 10일 14시,토요일,충청남도 천안시 서북구 성환읍,경상사고,0,0,6,0,차대차 - 추돌 - 주정차중,안전운전불이행,건조,맑음,교차로 - 교차로부근,승용,남,34세,상해없음,승용,남,44세,경상
2013081000100416,2013년 8월 10일 16시,토요일,충청남도 서산시 동문동,경상사고,0,0,1,0,차대사람 - 횡단중,안전운전불이행,건조,맑음,단일로 - 기타,승용,남,45세,상해없음,보행자,남,13세,경상
2013081000100449,2013년 8월 10일 17시,토요일,충청남도 금산군 남이면,중상사고,0,1,1,0,차대차 - 정면충돌,중앙선침범,건조,맑음,단일로 - 기타,승용,남,71세,상해없음,승용,여,35세,경상
2013081000100452,2013년 8월 10일 17시,토요일,충청남도 서산시 운산면,경상사고,0,0,3,0,차대차 - 추돌 - 진행중,안전운전불이행,건조,맑음,단일로 - 기타,승용,남,26세,상해없음,승용,남,27세,경상
2013081000100489,2013년 8월 10일 18시,토요일,충청남도 서산시 동문동,경상사고,0,0,1,0,차대차 - 측면직각충돌,중앙선침범,건조,맑음,교차로 - 교차로부근,자전거,남,63세,경상,승용,남,34세,상해없음
2013081000100490,2013년 8월 10일 18시,토요일,충청남도 계룡시 두마면,중상사고,0,1,2,0,차대차 - 측면직각충돌,신호위반,건조,맑음,교차로 - 교차로안,승용,남,45세,경상,승용,남,52세,중상
2013081000100491,2013년 8월 10일 18시,토요일,충청남도 보령시 주산면,경상사고,0,0,1,0,차량단독 - 전도전복,안전운전불이행,건조,맑음,기타 - 기타,원동기,남,58세,경상,,,,
2013081000100492,2013년 8월 10일 18시,토요일,충청남도 예산군 예산읍,중상사고,0,1,0,0,차대사람 - 기타,안전운전불이행,건조,맑음,기타 - 기타,승용,남,35세,상해없음,보행자,여,70세,중상
2013081000100588,2013년 8월 10일 21시,토요일,충청남도 서산시 대산읍,경상사고,0,0,1,0,차대사람 - 기타,안전운전불이행,건조,맑음,단일로 - 기타,승합,남,40세,상해없음,보행자,여,17세,경상
2013081000100589,2013년 8월 10일 21시,토요일,충청남도 천안시 서북구 쌍용동,경상사고,0,0,2,0,차대사람 - 기타,안전운전불이행,건조,맑음,기타 - 기타,승용,여,55세,상해없음,보행자,남,27세,경상
2013081100100005,2013년 8월 11일 00시,일요일,충청남도 서산시 동문동,중상사고,0,1,0,0,차대차 - 측면직각충돌,신호위반,건조,맑음,교차로 - 교차로안,승용,남,29세,상해없음,이륜,남,44세,중상
2013081100100006,2013년 8월 11일 00시,일요일,충청남도 청양군 청양읍,경상사고,0,0,1,0,차대사람 - 기타,교차로운행방법위반,건조,맑음,교차로 - 교차로안,승용,남,28세,상해없음,보행자,남,85세,경상
2013081100100102,2013년 8월 11일 08시,일요일,충청남도 청양군 남양면,중상사고,0,1,0,0,차대차 - 기타,중앙선침범,건조,맑음,단일로 - 기타,화물,남,47세,상해없음,화물,남,71세,중상
2013081100100136,2013년 8월 11일 10시,일요일,충청남도 천안시 서북구 업성동,경상사고,0,0,4,0,차대차 - 기타,안전운전불이행,건조,맑음,단일로 - 기타,승용,남,31세,상해없음,승용,남,54세,경상
2013081100100160,2013년 8월 11일 11시,일요일,충청남도 논산시 취암동,중상사고,0,2,0,0,차대차 - 측면직각충돌,신호위반,건조,맑음,교차로 - 교차로안,원동기,여,35세,중상,승용,남,39세,상해없음
2013081100100226,2013년 8월 11일 14시,일요일,충청남도 금산군 복수면,중상사고,0,4,3,0,차대차 - 정면충돌,중앙선침범,건조,맑음,단일로 - 기타,화물,남,67세,중상,승용,여,39세,중상
2013081100100249,2013년 8월 11일 15시,일요일,충청남도 서산시 운산면,경상사고,0,0,1,0,차대차 - 기타,안전운전불이행,건조,맑음,기타 - 기타,승용,남,50세,상해없음,승용,남,32세,경상
2013081100100250,2013년 8월 11일 15시,일요일,충청남도 서천군 서천읍,중상사고,0,1,0,0,차대사람 - 기타,안전운전불이행,건조,맑음,단일로 - 기타,승용,여,45세,상해없음,보행자,남,12세,중상
2013081100100251,2013년 8월 11일 15시,일요일,충청남도 보령시 요암동,경상사고,0,0,1,0,차대차 - 기타,안전거리미확보,건조,맑음,단일로 - 기타,이륜,남,31세,상해없음,이륜,남,33세,경상
2013081100100279,2013년 8월 11일 16시,일요일,충청남도 아산시 배방읍,사망사고,1,4,0,0,차대차 - 정면충돌,중앙선침범,건조,맑음,단일로 - 기타,승용,남,43세,중상,승용,남,41세,중상
2013081100100280,2013년 8월 11일 16시,일요일,충청남도 보령시 청소면,중상사고,0,1,4,0,차대차 - 측면직각충돌,신호위반,건조,맑음,교차로 - 교차로안,승용,남,51세,상해없음,화물,남,65세,중상
2013081100100281,2013년 8월 11일 16시,일요일,충청남도 공주시 사곡면,중상사고,0,2,2,0,차량단독 - 전도전복,안전운전불이행,건조,맑음,단일로 - 기타,화물,남,37세,경상,,,,
2013081100100344,2013년 8월 11일 18시,일요일,충청남도 천안시 서북구 성환읍,중상사고,0,1,0,0,차대차 - 기타,중앙선침범,건조,맑음,교차로 - 교차로안,승용,남,57세,상해없음,이륜,남,43세,중상
2013081100100345,2013년 8월 11일 18시,일요일,충청남도 서천군 서면,중상사고,0,2,3,0,차대차 - 측면직각충돌,신호위반,건조,맑음,교차로 - 교차로안,승용,남,37세,경상,승용,남,59세,경상
2013081100100373,2013년 8월 11일 19시,일요일,충청남도 논산시 강경읍,중상사고,0,1,6,0,차대차 - 측면직각충돌,신호위반,건조,맑음,교차로 - 교차로안,승용,남,48세,상해없음,승용,남,30세,중상
2013081100100400,2013년 8월 11일 20시,일요일,충청남도 천안시 서북구 성환읍,경상사고,0,0,3,0,차대차 - 측면직각충돌,신호위반,건조,맑음,교차로 - 교차로안,승용,남,22세,상해없음,승용,여,37세,경상
2013081100100427,2013년 8월 11일 21시,일요일,충청남도 예산군 덕산면,경상사고,0,0,2,0,차대차 - 정면충돌,중앙선침범,건조,맑음,교차로 - 교차로부근,승용,남,48세,상해없음,승용,남,30세,경상
2013081100100456,2013년 8월 11일 22시,일요일,충청남도 태안군 태안읍,중상사고,0,1,0,0,차대사람 - 횡단중,보행자보호의무위반,건조,맑음,교차로 - 교차로안,승용,남,27세,상해없음,보행자,여,41세,중상
2013081100100457,2013년 8월 11일 22시,일요일,충청남도 서산시 예천동,중상사고,0,1,0,0,차대차 - 측면직각충돌,중앙선침범,건조,맑음,단일로 - 기타,이륜,남,45세,중상,승용,남,37세,상해없음
2013081100100458,2013년 8월 11일 22시,일요일,충청남도 청양군 대치면,중상사고,0,1,0,0,차량단독 - 공작물충돌,안전운전불이행,건조,맑음,단일로 - 기타,승용,남,54세,중상,,,,
2013081200100019,2013년 8월 12일 01시,월요일,충청남도 아산시 온천동,경상사고,0,0,1,0,차대차 - 측면직각충돌,신호위반,건조,맑음,교차로 - 교차로안,승용,남,52세,상해없음,승용,여,25세,경상
2013081200100049,2013년 8월 12일 05시,월요일,충청남도 천안시 서북구 백석동,경상사고,0,0,1,0,차대사람 - 횡단중,안전운전불이행,건조,맑음,단일로 - 기타,승용,여,19세,상해없음,보행자,남,61세,경상
2013081200100059,2013년 8월 12일 06시,월요일,충청남도 예산군 덕산면,사망사고,2,0,0,0,차대사람 - 길가장자리구역통행중,안전운전불이행,건조,맑음,단일로 - 기타,승용,남,34세,상해없음,보행자,남,68세,사망
2013081200100060,2013년 8월 12일 06시,월요일,충청남도 당진시 채운동,중상사고,0,1,0,0,차대차 - 측면직각충돌,교차로운행방법위반,건조,맑음,교차로 - 교차로안,승합,남,42세,상해없음,이륜,남,52세,중상
2013081200100075,2013년 8월 12일 07시,월요일,충청남도 서산시 대산읍,경상사고,0,0,1,0,차대차 - 측면직각충돌,안전운전불이행,건조,맑음,교차로 - 교차로안,승합,남,51세,상해없음,화물,남,47세,경상
2013081200100076,2013년 8월 12일 07시,월요일,충청남도 천안시 서북구 두정동,경상사고,0,0,1,0,차대차 - 기타,안전운전불이행,건조,맑음,교차로 - 교차로부근,승합,남,41세,상해없음,승용,남,30세,경상
2013081200100109,2013년 8월 12일 08시,월요일,충청남도 부여군 은산면,중상사고,0,2,0,0,차대차 - 기타,중앙선침범,건조,맑음,단일로 - 기타,승용,남,39세,상해없음,승용,남,24세,중상
2013081200100133,2013년 8월 12일 09시,월요일,충청남도 천안시 서북구 쌍용동,경상사고,0,0,1,0,차대차 - 측면직각충돌,안전운전불이행,건조,맑음,단일로 - 기타,화물,여,47세,상해없음,승용,남,53세,경상
2013081200100134,2013년 8월 12일 09시,월요일,충청남도 당진시 정미면,경상사고,0,0,2,0,차대차 - 정면충돌,안전운전불이행,건조,맑음,단일로 - 기타,승용,남,67세,상해없음,승용,남,66세,경상
2013081200100135,2013년 8월 12일 09시,월요일,충청남도 천안시 서북구 입장면,중상사고,0,1,0,0,차대차 - 기타,안전운전불이행,건조,맑음,단일로 - 기타,승용,여,29세,상해없음,승용,남,49세,중상
2013081200100171,2013년 8월 12일 10시,월요일,충청남도 태안군 소원면,중상사고,0,5,0,0,차대차 - 정면충돌,중앙선침범,건조,맑음,단일로 - 기타,승용,여,57세,중상,화물,남,18세,중상
2013081200100172,2013년 8월 12일 10시,월요일,충청남도 청양군 청양읍,중상사고,0,1,0,0,차대사람 - 횡단중,안전운전불이행,건조,맑음,교차로 - 교차로안,화물,남,62세,상해없음,보행자,여,91세,중상
2013081200100201,2013년 8월 12일 11시,월요일,충청남도 홍성군 홍성읍,중상사고,0,1,0,0,차대사람 - 횡단중,안전운전불이행,건조,맑음,단일로 - 기타,승용,여,38세,상해없음,보행자,여,61세,중상
2013081200100202,2013년 8월 12일 11시,월요일,충청남도 당진시 송산면,경상사고,0,0,2,0,차대차 - 정면충돌,중앙선침범,건조,맑음,단일로 - 기타,승용,여,48세,상해없음,승용,남,52세,경상
2013081200100234,2013년 8월 12일 12시,월요일,충청남도 서천군 서천읍,중상사고,0,1,0,0,차량단독 - 기타,안전운전불이행,건조,맑음,단일로 - 기타,원동기,남,74세,상해없음,,,,
2013081200100235,2013년 8월 12일 12시,월요일,충청남도 부여군 은산면,중상사고,0,3,0,0,차대차 - 측면직각충돌,중앙선침범,건조,맑음,단일로 - 기타,승용,여,52세,상해없음,승합,남,53세,상해없음
2013081200100268,2013년 8월 12일 13시,월요일,충청남도 천안시 서북구 두정동,경상사고,0,0,1,0,차대차 - 측면직각충돌,교차로운행방법위반,건조,맑음,교차로 - 교차로안,승용,남,30세,기타불명,승용,남,48세,경상
2013081200100299,2013년 8월 12일 14시,월요일,충청남도 논산시 등화동,경상사고,0,0,1,0,차대차 - 측면직각충돌,불법유턴,건조,맑음,단일로 - 기타,화물,남,56세,상해없음,화물,남,44세,경상
2013081200100334,2013년 8월 12일 15시,월요일,충청남도 태안군 태안읍,경상사고,0,0,2,0,차대차 - 추돌 - 주정차중,안전운전불이행,건조,맑음,교차로 - 교차로부근,화물,남,64세,상해없음,승용,여,37세,경상
2013081200100335,2013년 8월 12일 15시,월요일,충청남도 보령시 죽정동,경상사고,0,0,1,0,차대차 - 측면직각충돌,안전운전불이행,건조,맑음,단일로 - 기타,농기계,남,53세,상해없음,이륜,남,71세,경상
2013081200100336,2013년 8월 12일 15시,월요일,충청남도 청양군 화성면,중상사고,0,1,0,0,차대차 - 기타,안전운전불이행,건조,맑음,단일로 - 기타,승용,여,56세,상해없음,이륜,남,77세,중상
2013081200100411,2013년 8월 12일 17시,월요일,충청남도 천안시 동남구 구성동,중상사고,0,1,0,0,차대차 - 기타,안전운전불이행,건조,맑음,교차로 - 교차로안,승용,남,44세,상해없음,자전거,여,62세,중상
2013081200100540,2013년 8월 12일 20시,월요일,충청남도 금산군 추부면,경상사고,0,0,1,0,차대차 - 기타,중앙선침범,건조,맑음,교차로 - 교차로부근,승용,남,22세,상해없음,이륜,남,18세,경상
2013081200100570,2013년 8월 12일 21시,월요일,충청남도 천안시 서북구 두정동,중상사고,0,1,0,0,차대차 - 기타,안전운전불이행,건조,맑음,교차로 - 교차로안,승용,남,40세,상해없음,원동기,남,16세,중상
2013081200100571,2013년 8월 12일 21시,월요일,충청남도 천안시 동남구 원성동,경상사고,0,0,1,0,차대차 - 추돌 - 진행중,안전운전불이행,건조,맑음,단일로 - 기타,기타불명,기타불명,기타불명,기타불명,승용,남,53세,상해없음
2013081200100599,2013년 8월 12일 22시,월요일,충청남도 천안시 동남구 사직동,중상사고,0,1,0,0,차대사람 - 횡단중,안전운전불이행,건조,맑음,교차로 - 교차로부근,승용,남,63세,상해없음,보행자,여,67세,중상
2013081300100014,2013년 8월 13일 00시,화요일,충청남도 논산시 가야곡면,사망사고,1,0,0,0,차량단독 - 전도전복,안전운전불이행,건조,맑음,기타 - 기타,화물,남,60세,상해없음,,,,
2013081300100067,2013년 8월 13일 06시,화요일,충청남도 아산시 영인면,중상사고,0,1,0,0,차대차 - 추돌 - 진행중,안전운전불이행,건조,맑음,교차로 - 교차로안,화물,남,67세,상해없음,원동기,남,82세,중상
2013081300100084,2013년 8월 13일 07시,화요일,충청남도 천안시 서북구 쌍용동,중상사고,0,2,1,0,차대차 - 측면직각충돌,신호위반,건조,맑음,교차로 - 교차로안,승용,남,15세,상해없음,승용,남,32세,경상
2013081300100085,2013년 8월 13일 07시,화요일,충청남도 논산시 상월면,중상사고,0,1,0,0,차대사람 - 길가장자리구역통행중,안전운전불이행,건조,맑음,단일로 - 기타,화물,남,61세,상해없음,보행자,여,66세,중상
2013081300100110,2013년 8월 13일 08시,화요일,충청남도 보령시 죽정동,중상사고,0,1,0,0,차대차 - 측면직각충돌,안전운전불이행,건조,맑음,교차로 - 교차로부근,승용,여,68세,상해없음,자전거,여,61세,중상
2013081300100138,2013년 8월 13일 09시,화요일,충청남도 홍성군 광천읍,경상사고,0,0,1,0,차대차 - 기타,안전운전불이행,건조,맑음,단일로 - 기타,승용,여,46세,상해없음,화물,남,67세,경상
2013081300100139,2013년 8월 13일 09시,화요일,충청남도 천안시 동남구 목천읍,중상사고,0,1,0,0,차대사람 - 횡단중,안전운전불이행,건조,맑음,단일로 - 기타,승용,남,27세,상해없음,보행자,남,52세,중상
2013081300100175,2013년 8월 13일 10시,화요일,충청남도 공주시 산성동,중상사고,0,1,0,0,차대사람 - 횡단중,보행자보호의무위반,건조,맑음,단일로 - 횡단보도상,화물,남,22세,상해없음,보행자,여,56세,중상
2013081300100311,2013년 8월 13일 14시,화요일,충청남도 홍성군 홍성읍,경상사고,0,0,1,0,차대사람 - 기타,안전운전불이행,건조,맑음,단일로 - 기타,승용,여,57세,상해없음,보행자,남,37세,경상
2013081300100437,2013년 8월 13일 17시,화요일,충청남도 보령시 궁촌동,경상사고,0,0,1,0,차대차 - 측면직각충돌,신호위반,건조,맑음,교차로 - 교차로안,승용,남,44세,상해없음,승용,남,53세,경상
2013081300100473,2013년 8월 13일 18시,화요일,충청남도 천안시 동남구 원성동,경상사고,0,0,1,0,차대차 - 기타,안전운전불이행,건조,흐림,교차로 - 교차로부근,승용,남,20세,상해없음,승용,여,61세,경상
2013081300100509,2013년 8월 13일 19시,화요일,충청남도 홍성군 홍성읍,경상사고,0,0,1,0,차대차 - 기타,교차로운행방법위반,건조,맑음,교차로 - 교차로안,승용,여,39세,상해없음,승용,남,29세,경상
2013081300100541,2013년 8월 13일 20시,화요일,충청남도 서천군 서면,중상사고,0,1,0,0,차대사람 - 길가장자리구역통행중,안전운전불이행,건조,맑음,기타 - 기타,화물,남,69세,상해없음,보행자,남,40세,중상
2013081300100542,2013년 8월 13일 20시,화요일,충청남도 보령시 대천동,중상사고,0,1,2,0,차대차 - 추돌 - 주정차중,안전운전불이행,건조,맑음,단일로 - 기타,승용,남,34세,상해없음,승용,남,32세,경상
2013081300100572,2013년 8월 13일 21시,화요일,충청남도 서산시 동문동,중상사고,0,1,0,0,차대사람 - 횡단중,보행자보호의무위반,건조,맑음,교차로 - 교차로부근,승용,남,26세,상해없음,보행자,여,49세,중상
2013081300100573,2013년 8월 13일 21시,화요일,충청남도 공주시 교동,경상사고,0,0,1,0,차대차 - 기타,중앙선침범,건조,맑음,단일로 - 기타,승용,남,46세,상해없음,이륜,남,50세,경상
2013081300100605,2013년 8월 13일 22시,화요일,충청남도 당진시 송악읍,경상사고,0,0,1,0,차량단독 - 기타,안전운전불이행,건조,맑음,기타 - 기타,승용,남,42세,기타불명,,,,
2013081300100635,2013년 8월 13일 23시,화요일,충청남도 천안시 서북구 성환읍,경상사고,0,0,1,0,차대차 - 기타,안전운전불이행,건조,맑음,단일로 - 기타,승용,남,47세,상해없음,승용,남,35세,경상
2013081300100636,2013년 8월 13일 23시,화요일,충청남도 천안시 동남구 원성동,경상사고,0,0,1,0,차대차 - 추돌 - 진행중,차로위반,건조,맑음,교차로 - 교차로부근,승용,남,34세,상해없음,승용,남,36세,경상
2013081400100009,2013년 8월 14일 00시,수요일,충청남도 천안시 동남구 목천읍,사망사고,1,1,0,0,차대차 - 기타,신호위반,건조,맑음,교차로 - 교차로안,승용,남,32세,중상,승합,남,45세,상해없음
2013081400100045,2013년 8월 14일 03시,수요일,충청남도 천안시 서북구 불당동,경상사고,0,0,2,0,차대차 - 기타,안전운전불이행,건조,맑음,교차로 - 교차로안,승용,남,26세,상해없음,승용,여,30세,경상
2013081400100063,2013년 8월 14일 05시,수요일,충청남도 홍성군 홍성읍,중상사고,0,1,0,0,차대사람 - 기타,보행자보호의무위반,건조,맑음,단일로 - 횡단보도상,승용,남,58세,상해없음,보행자,남,78세,중상
2013081400100070,2013년 8월 14일 06시,수요일,충청남도 서산시 석남동,중상사고,0,1,0,0,차량단독 - 공작물충돌,안전운전불이행,건조,맑음,교차로 - 교차로부근,승용,남,19세,중상,,,,
2013081400100114,2013년 8월 14일 08시,수요일,충청남도 홍성군 광천읍,중상사고,0,1,0,0,차대차 - 기타,교차로운행방법위반,건조,맑음,교차로 - 교차로부근,승용,남,28세,상해없음,이륜,여,54세,중상
2013081400100115,2013년 8월 14일 08시,수요일,충청남도 홍성군 홍성읍,중상사고,0,1,0,0,차대차 - 추돌 - 진행중,안전운전불이행,건조,맑음,단일로 - 기타,승용,여,60세,상해없음,승용,여,28세,중상
2013081400100140,2013년 8월 14일 09시,수요일,충청남도 서산시 갈산동,중상사고,0,1,0,0,차대차 - 측면직각충돌,중앙선침범,건조,맑음,단일로 - 기타,승합,남,50세,상해없음,승용,남,31세,중상
2013081400100172,2013년 8월 14일 10시,수요일,충청남도 홍성군 홍성읍,중상사고,0,2,0,0,차대차 - 추돌 - 진행중,안전운전불이행,건조,맑음,단일로 - 기타,화물,남,70세,상해없음,화물,남,51세,상해없음
2013081400100203,2013년 8월 14일 11시,수요일,충청남도 당진시 읍내리,경상사고,0,0,1,1,차대차 - 추돌 - 진행중,중앙선침범,건조,맑음,단일로 - 기타,이륜,남,50세,부상신고,이륜,남,52세,경상
2013081400100223,2013년 8월 14일 12시,수요일,충청남도 논산시 은진면,경상사고,0,0,1,0,차대차 - 기타,안전운전불이행,건조,맑음,단일로 - 기타,이륜,남,35세,경상,승용,남,32세,상해없음
2013081400100256,2013년 8월 14일 13시,수요일,충청남도 서산시 팔봉면,중상사고,0,1,0,0,차대차 - 추돌 - 진행중,안전운전불이행,건조,맑음,단일로 - 기타,승용,여,35세,상해없음,승합,남,58세,중상