사고번호,사고일시,요일,시군구,사고내용,사망자수,중상자수,경상자수,부상신고자수,사고유형,법규위반,노면상태,기상상태,도로형태,가해운전자 차종,가해운전자 성별,가해운전자 연령,가해운전자 상해정도,피해운전자 차종,피해운전자 성별,피해운전자 연령,피해운전자 상해정도
2013081400100257,2013년 8월 14일 13시,수요일,충청남도 금산군 금산읍,중상사고,0,1,0,0,차대차 - 기타,기타,건조,맑음,단일로 - 기타,승용,여,45세,상해없음,원동기,남,23세,중상
2013081400100278,2013년 8월 14일 14시,수요일,충청남도 태안군 이원면,중상사고,0,2,0,0,차대차 - 측면직각충돌,교차로운행방법위반,건조,맑음,교차로 - 교차로안,원동기,남,71세,중상,승용,남,55세,상해없음
2013081400100279,2013년 8월 14일 14시,수요일,충청남도 서산시 동문동,경상사고,0,0,1,0,차대차 - 추돌 - 진행중,안전운전불이행,건조,맑음,교차로 - 교차로안,승용,여,34세,상해없음,이륜,남,55세,경상
2013081400100351,2013년 8월 14일 16시,수요일,충청남도 천안시 서북구 성정동,경상사고,0,0,1,0,차대차 - 측면직각충돌,신호위반,건조,맑음,교차로 - 교차로안,승용,여,50세,상해없음,승용,남,41세,경상
2013081400100352,2013년 8월 14일 16시,수요일,충청남도 논산시 지산동,경상사고,0,0,1,0,차대차 - 기타,안전운전불이행,건조,맑음,단일로 - 기타,이륜,남,71세,경상,승용,남,30세,상해없음
2013081400100353,2013년 8월 14일 16시,수요일,충청남도 보령시 명천동,경상사고,0,0,1,0,차대사람 - 횡단중,안전운전불이행,건조,맑음,단일로 - 기타,승용,여,40세,상해없음,보행자,남,15세,경상
2013081400100354,2013년 8월 14일 16시,수요일,충청남도 당진시 석문면,경상사고,0,0,1,0,차대사람 - 기타,안전운전불이행,건조,맑음,단일로 - 기타,승용,남,36세,상해없음,보행자,여,56세,경상
2013081400100395,2013년 8월 14일 17시,수요일,충청남도 천안시 서북구 신당동,중상사고,0,1,0,0,차대차 - 기타,안전운전불이행,건조,맑음,단일로 - 기타,승합,남,55세,상해없음,승용,여,51세,중상
2013081400100430,2013년 8월 14일 18시,수요일,충청남도 공주시 태봉동,중상사고,0,1,0,0,차대차 - 추돌 - 진행중,안전운전불이행,건조,맑음,단일로 - 기타,화물,남,41세,상해없음,승용,여,56세,중상
2013081400100466,2013년 8월 14일 19시,수요일,충청남도 논산시 지산동,경상사고,0,0,3,0,차대차 - 측면직각충돌,교차로운행방법위반,건조,맑음,교차로 - 교차로안,승용,남,43세,경상,승용,남,47세,경상
2013081400100505,2013년 8월 14일 20시,수요일,충청남도 당진시 수청리,중상사고,0,1,1,0,차대차 - 측면직각충돌,신호위반,건조,맑음,교차로 - 교차로안,승용,남,31세,중상,승용,남,38세,경상
2013081400100549,2013년 8월 14일 21시,수요일,충청남도 당진시 신평면,사망사고,1,0,0,0,차대사람 - 차도통행중,안전운전불이행,건조,맑음,단일로 - 기타,승합,남,32세,상해없음,보행자,남,29세,사망
2013081400100601,2013년 8월 14일 23시,수요일,충청남도 보령시 신흑동,중상사고,0,1,1,0,차대차 - 측면직각충돌,직진우회전진행방해,건조,맑음,교차로 - 교차로안,승용,남,22세,상해없음,원동기,여,15세,경상
2013081500100060,2013년 8월 15일 02시,목요일,충청남도 천안시 서북구 두정동,중상사고,0,1,1,0,차대차 - 추돌 - 주정차중,안전거리미확보,건조,맑음,단일로 - 기타,승용,남,22세,상해없음,승용,남,25세,경상
2013081500100081,2013년 8월 15일 04시,목요일,충청남도 태안군 태안읍,중상사고,0,1,1,0,차대차 - 추돌 - 진행중,안전운전불이행,건조,맑음,단일로 - 기타,승용,남,76세,경상,농기계,남,63세,중상
2013081500100095,2013년 8월 15일 05시,목요일,충청남도 천안시 서북구 불당동,중상사고,0,2,0,0,차대차 - 측면직각충돌,교차로운행방법위반,건조,맑음,교차로 - 교차로안,승용,남,31세,중상,승용,남,58세,중상
2013081500100106,2013년 8월 15일 06시,목요일,충청남도 태안군 근흥면,중상사고,0,1,1,0,차대차 - 기타,교차로운행방법위반,건조,맑음,교차로 - 교차로안,농기계,남,77세,경상,승용,여,52세,상해없음
2013081500100107,2013년 8월 15일 06시,목요일,충청남도 천안시 동남구 신부동,중상사고,0,1,0,0,차대사람 - 기타,기타,건조,맑음,단일로 - 기타,승합,남,46세,상해없음,보행자,여,79세,중상
2013081500100145,2013년 8월 15일 08시,목요일,충청남도 천안시 서북구 두정동,경상사고,0,0,1,0,차대차 - 추돌 - 진행중,안전운전불이행,건조,맑음,교차로 - 교차로부근,승용,남,30세,상해없음,승용,여,35세,경상
2013081500100146,2013년 8월 15일 08시,목요일,충청남도 청양군 청양읍,경상사고,0,0,2,0,차대차 - 측면직각충돌,신호위반,건조,맑음,교차로 - 교차로안,화물,남,40세,경상,화물,남,57세,경상
2013081500100170,2013년 8월 15일 09시,목요일,충청남도 당진시 읍내리,중상사고,0,1,0,0,차대차 - 측면직각충돌,교차로운행방법위반,건조,맑음,교차로 - 교차로안,이륜,남,52세,중상,승용,남,56세,상해없음
2013081500100192,2013년 8월 15일 10시,목요일,충청남도 태안군 근흥면,경상사고,0,0,2,0,차대차 - 측면직각충돌,중앙선침범,습기,흐림,단일로 - 기타,화물,남,66세,상해없음,승용,여,62세,경상
2013081500100224,2013년 8월 15일 11시,목요일,충청남도 천안시 서북구 성정동,중상사고,0,1,0,0,차대차 - 기타,안전운전불이행,건조,맑음,교차로 - 교차로부근,승용,남,30세,상해없음,승용,남,26세,상해없음
2013081500100225,2013년 8월 15일 11시,목요일,충청남도 당진시 원당리,경상사고,0,0,1,0,차대차 - 추돌 - 진행중,안전운전불이행,건조,맑음,단일로 - 기타,승용,남,30세,상해없음,승합,남,39세,경상
2013081500100283,2013년 8월 15일 13시,목요일,충청남도 천안시 서북구 두정동,부상신고사고,0,0,0,1,차대사람 - 기타,안전운전불이행,건조,맑음,교차로 - 교차로안,기타불명,기타불명,기타불명,기타불명,보행자,남,22세,부상신고
2013081500100312,2013년 8월 15일 14시,목요일,충청남도 천안시 동남구 오룡동,경상사고,0,0,1,0,차대사람 - 기타,안전운전불이행,건조,맑음,단일로 - 기타,기타불명,기타불명,기타불명,기타불명,보행자,남,43세,경상
2013081500100332,2013년 8월 15일 15시,목요일,충청남도 서산시 운산면,중상사고,0,1,0,0,차량단독 - 공작물충돌,안전운전불이행,건조,맑음,단일로 - 기타,원동기,남,25세,중상,,,,
2013081500100333,2013년 8월 15일 15시,목요일,충청남도 홍성군 홍북면,중상사고,0,1,0,0,차대차 - 측면직각충돌,교차로운행방법위반,건조,맑음,교차로 - 교차로안,건설기계,남,62세,상해없음,승용,여,25세,중상
2013081500100368,2013년 8월 15일 16시,목요일,충청남도 서천군 기산면,중상사고,0,1,0,0,차대차 - 기타,안전거리미확보,건조,맑음,단일로 - 기타,승용,남,68세,중상,승용,남,58세,상해없음
2013081500100369,2013년 8월 15일 16시,목요일,충청남도 서천군 서면,중상사고,0,3,0,0,차대차 - 기타,신호위반,건조,맑음,교차로 - 교차로안,승용,남,42세,상해없음,승용,남,48세,중상
2013081500100370,2013년 8월 15일 16시,목요일,충청남도 부여군 초촌면,중상사고,0,1,0,0,차대차 - 기타,안전운전불이행,건조,맑음,단일로 - 기타,화물,여,45세,상해없음,원동기,남,74세,중상
2013081500100371,2013년 8월 15일 16시,목요일,충청남도 논산시 벌곡면,중상사고,0,1,0,0,차대차 - 추돌 - 진행중,안전운전불이행,건조,맑음,단일로 - 기타,승용,남,46세,상해없음,승용,여,30세,중상
2013081500100441,2013년 8월 15일 18시,목요일,충청남도 논산시 노성면,경상사고,0,0,1,0,차량단독 - 전도전복,안전운전불이행,건조,맑음,단일로 - 기타,원동기,남,44세,경상,,,,
2013081500100442,2013년 8월 15일 18시,목요일,충청남도 보령시 신흑동,경상사고,0,0,1,0,차대사람 - 기타,안전운전불이행,건조,맑음,단일로 - 기타,기타불명,기타불명,기타불명,기타불명,보행자,남,48세,경상
2013081500100472,2013년 8월 15일 19시,목요일,충청남도 당진시 송산면,사망사고,1,0,0,0,차대사람 - 기타,안전운전불이행,건조,맑음,단일로 - 기타,승용,여,50세,상해없음,보행자,여,86세,사망
2013081500100473,2013년 8월 15일 19시,목요일,충청남도 천안시 동남구 구성동,경상사고,0,0,2,0,차대차 - 추돌 - 주정차중,안전운전불이행,건조,맑음,단일로 - 기타,승용,남,26세,상해없음,승용,남,29세,경상
2013081500100495,2013년 8월 15일 20시,목요일,충청남도 천안시 서북구 성정동,경상사고,0,0,1,0,차대차 - 측면직각충돌,중앙선침범,건조,맑음,단일로 - 기타,승용,남,32세,상해없음,이륜,남,32세,경상
2013081500100496,2013년 8월 15일 20시,목요일,충청남도 홍성군 홍성읍,사망사고,1,0,0,0,차대사람 - 기타,안전운전불이행,건조,맑음,단일로 - 기타,이륜,남,16세,상해없음,보행자,남,57세,사망
2013081500100527,2013년 8월 15일 21시,목요일,충청남도 예산군 삽교읍,경상사고,0,0,1,0,차대차 - 추돌 - 주정차중,안전운전불이행,건조,맑음,단일로 - 기타,승용,남,23세,상해없음,이륜,남,45세,경상
2013081600100083,2013년 8월 16일 07시,금요일,충청남도 보령시 명천동,경상사고,0,0,1,0,차대차 - 측면직각충돌,직진우회전진행방해,건조,맑음,교차로 - 교차로안,승용,여,38세,상해없음,이륜,남,52세,경상
2013081600100101,2013년 8월 16일 08시,금요일,충청남도 예산군 덕산면,중상사고,0,1,0,0,차대차 - 측면직각충돌,신호위반,건조,맑음,교차로 - 교차로안,승용,남,73세,중상,화물,남,55세,상해없음
2013081600100134,2013년 8월 16일 09시,금요일,충청남도 논산시 광석면,사망사고,1,5,0,0,차대차 - 정면충돌,중앙선침범,건조,맑음,단일로 - 기타,화물,남,69세,사망,화물,남,45세,중상
2013081600100135,2013년 8월 16일 09시,금요일,충청남도 예산군 응봉면,중상사고,0,1,0,0,차대차 - 기타,직진우회전진행방해,건조,맑음,교차로 - 교차로안,화물,남,52세,상해없음,승합,남,46세,상해없음
2013081600100173,2013년 8월 16일 10시,금요일,충청남도 서천군 한산면,경상사고,0,0,1,0,차대차 - 기타,직진우회전진행방해,건조,맑음,교차로 - 교차로안,이륜,남,80세,경상,건설기계,남,56세,상해없음
2013081600100204,2013년 8월 16일 11시,금요일,충청남도 예산군 예산읍,중상사고,0,1,1,0,차대차 - 기타,직진우회전진행방해,건조,맑음,교차로 - 교차로안,원동기,남,71세,중상,승용,여,68세,경상
2013081600100267,2013년 8월 16일 13시,금요일,충청남도 천안시 동남구 신부동,경상사고,0,0,2,0,차대사람 - 기타,안전운전불이행,건조,맑음,기타 - 기타,승용,여,34세,상해없음,보행자,남,9세,경상
2013081600100304,2013년 8월 16일 14시,금요일,충청남도 공주시 우성면,중상사고,0,1,1,0,차대차 - 추돌 - 진행중,안전운전불이행,건조,맑음,단일로 - 터널,승용,남,66세,중상,승용,여,20세,경상
2013081600100382,2013년 8월 16일 16시,금요일,충청남도 태안군 소원면,중상사고,0,3,0,0,차대차 - 측면직각충돌,중앙선침범,건조,맑음,단일로 - 기타,승용,남,47세,상해없음,승용,남,62세,중상
2013081600100383,2013년 8월 16일 16시,금요일,충청남도 아산시 선장면,중상사고,0,1,0,0,차대차 - 측면직각충돌,기타,건조,맑음,교차로 - 교차로안,화물,남,52세,상해없음,원동기,남,79세,중상
2013081600100384,2013년 8월 16일 16시,금요일,충청남도 보령시 대천동,중상사고,0,1,0,0,차대사람 - 기타,안전운전불이행,건조,맑음,단일로 - 기타,승용,남,40세,상해없음,보행자,여,71세,중상
2013081600100385,2013년 8월 16일 16시,금요일,충청남도 금산군 금산읍,경상사고,0,0,2,0,차대차 - 기타,중앙선침범,건조,맑음,단일로 - 기타,승용,여,51세,경상,화물,남,41세,경상
2013081600100465,2013년 8월 16일 18시,금요일,충청남도 서산시 음암면,경상사고,0,0,1,0,차대차 - 측면직각충돌,차로위반,건조,맑음,단일로 - 기타,화물,남,69세,상해없음,승용,여,28세,경상
2013081600100513,2013년 8월 16일 19시,금요일,충청남도 홍성군 홍성읍,경상사고,0,0,1,0,차대차 - 추돌 - 주정차중,안전운전불이행,건조,맑음,단일로 - 기타,승용,여,26세,상해없음,승용,여,34세,경상
2013081600100514,2013년 8월 16일 19시,금요일,충청남도 금산군 남일면,경상사고,0,0,4,0,차대차 - 기타,안전운전불이행,건조,맑음,교차로 - 교차로안,건설기계,남,58세,상해없음,화물,여,39세,경상
2013081600100515,2013년 8월 16일 19시,금요일,충청남도 공주시 정안면,중상사고,0,2,0,0,차대차 - 추돌 - 진행중,안전운전불이행,건조,맑음,단일로 - 기타,승용,남,50세,중상,승용,여,25세,중상
2013081600100536,2013년 8월 16일 20시,금요일,충청남도 천안시 동남구 원성동,중상사고,0,1,0,0,차대사람 - 기타,안전운전불이행,건조,맑음,교차로 - 교차로부근,기타불명,기타불명,기타불명,기타불명,보행자,여,72세,중상
2013081600100537,2013년 8월 16일 20시,금요일,충청남도 천안시 동남구 청당동,경상사고,0,0,1,0,차대차 - 기타,안전운전불이행,건조,맑음,단일로 - 기타,승용,여,31세,기타불명,승합,남,48세,경상
2013081600100538,2013년 8월 16일 20시,금요일,충청남도 천안시 동남구 신부동,경상사고,0,0,1,0,차대사람 - 기타,안전운전불이행,건조,맑음,단일로 - 기타,승용,여,41세,상해없음,보행자,여,20세,경상
2013081600100574,2013년 8월 16일 21시,금요일,충청남도 천안시 서북구 성거읍,중상사고,0,1,0,0,차대사람 - 횡단중,중앙선침범,건조,맑음,교차로 - 교차로부근,화물,남,51세,상해없음,보행자,여,4세,중상
2013081600100603,2013년 8월 16일 22시,금요일,충청남도 논산시 취암동,중상사고,0,1,0,0,차대차 - 측면직각충돌,신호위반,건조,맑음,교차로 - 교차로안,승용,여,28세,상해없음,승용,남,57세,중상
2013081600100628,2013년 8월 16일 23시,금요일,충청남도 논산시 내동,경상사고,0,0,1,0,차대차 - 측면직각충돌,교차로운행방법위반,건조,맑음,교차로 - 교차로안,승용,여,42세,상해없음,이륜,남,18세,경상
2013081600100629,2013년 8월 16일 23시,금요일,충청남도 홍성군 홍성읍,중상사고,0,3,1,0,차대차 - 기타,교차로운행방법위반,건조,맑음,교차로 - 교차로안,승용,여,45세,상해없음,승용,여,53세,중상
2013081700100082,2013년 8월 17일 05시,토요일,충청남도 홍성군 홍성읍,경상사고,0,0,1,0,차대차 - 기타,기타,건조,맑음,교차로 - 교차로안,승용,남,24세,상해없음,승용,남,21세,경상
2013081700100097,2013년 8월 17일 06시,토요일,충청남도 천안시 서북구 백석동,경상사고,0,0,2,0,차대차 - 기타,중앙선침범,건조,맑음,교차로 - 교차로안,승용,남,24세,상해없음,승용,남,23세,경상
2013081700100154,2013년 8월 17일 09시,토요일,충청남도 홍성군 홍성읍,경상사고,0,0,3,0,차대차 - 측면직각충돌,교차로운행방법위반,건조,맑음,교차로 - 교차로안,승용,남,72세,경상,승용,남,24세,경상
2013081700100155,2013년 8월 17일 09시,토요일,충청남도 공주시 봉정동,경상사고,0,0,2,0,차대차 - 기타,안전거리미확보,건조,맑음,단일로 - 기타,승용,남,55세,상해없음,승합,남,46세,상해없음
2013081700100182,2013년 8월 17일 10시,토요일,충청남도 천안시 서북구 성정동,중상사고,0,2,0,0,차대차 - 측면직각충돌,신호위반,건조,맑음,교차로 - 교차로안,승용,남,43세,상해없음,원동기,남,70세,중상
2013081700100183,2013년 8월 17일 10시,토요일,충청남도 당진시 송악읍,경상사고,0,0,1,0,차대차 - 측면직각충돌,교차로운행방법위반,건조,맑음,교차로 - 교차로안,승용,여,46세,상해없음,승용,여,26세,경상
2013081700100308,2013년 8월 17일 14시,토요일,충청남도 서산시 읍내동,중상사고,0,1,0,0,차대사람 - 횡단중,보행자보호의무위반,건조,맑음,단일로 - 기타,승용,남,45세,상해없음,보행자,남,7세,중상
2013081700100344,2013년 8월 17일 15시,토요일,충청남도 계룡시 엄사면,중상사고,0,1,1,0,차대차 - 측면직각충돌,안전거리미확보,건조,맑음,단일로 - 기타,승용,남,64세,중상,건설기계,남,52세,경상
2013081700100379,2013년 8월 17일 16시,토요일,충청남도 청양군 청양읍,중상사고,0,1,1,0,차대차 - 기타,중앙선침범,건조,맑음,단일로 - 횡단보도부근,승용,남,71세,상해없음,화물,남,50세,중상
2013081700100407,2013년 8월 17일 17시,토요일,충청남도 태안군 남면,중상사고,0,1,3,0,차대차 - 측면직각충돌,직진우회전진행방해,건조,맑음,교차로 - 교차로안,화물,남,69세,상해없음,승합,남,39세,경상
2013081700100408,2013년 8월 17일 17시,토요일,충청남도 논산시 성동면,중상사고,0,2,0,0,차대차 - 측면직각충돌,직진우회전진행방해,건조,맑음,교차로 - 교차로안,승용,남,25세,상해없음,승용,남,73세,중상
2013081700100449,2013년 8월 17일 18시,토요일,충청남도 천안시 서북구 직산읍,중상사고,0,2,0,0,차대차 - 추돌 - 주정차중,안전운전불이행,건조,맑음,교차로 - 교차로부근,승용,남,35세,상해없음,화물,남,41세,중상
2013081700100539,2013년 8월 17일 21시,토요일,충청남도 천안시 서북구 성정동,경상사고,0,0,2,0,차대차 - 추돌 - 주정차중,안전운전불이행,건조,맑음,교차로 - 교차로안,화물,남,22세,상해없음,승용,여,26세,경상
2013081700100540,2013년 8월 17일 21시,토요일,충청남도 논산시 강경읍,중상사고,0,1,2,0,차대차 - 측면직각충돌,직진우회전진행방해,건조,맑음,교차로 - 교차로안,승용,남,48세,경상,승용,남,51세,중상
2013081700100574,2013년 8월 17일 22시,토요일,충청남도 보령시 남포면,중상사고,0,3,1,0,차량단독 - 도로외이탈 - 추락,안전운전불이행,건조,맑음,교차로 - 교차로부근,승용,남,30세,경상,,,,
2013081700100575,2013년 8월 17일 22시,토요일,충청남도 보령시 동대동,경상사고,0,0,3,0,차대차 - 기타,불법유턴,건조,맑음,단일로 - 기타,승용,남,50세,상해없음,승용,남,33세,경상
2013081700100600,2013년 8월 17일 23시,토요일,충청남도 서산시 읍내동,중상사고,0,1,0,0,차대사람 - 기타,안전운전불이행,건조,맑음,기타 - 기타,승용,남,47세,상해없음,보행자,남,45세,중상
2013081700100601,2013년 8월 17일 23시,토요일,충청남도 천안시 동남구 북면,경상사고,0,0,2,0,차대차 - 추돌 - 진행중,안전운전불이행,건조,맑음,단일로 - 기타,승용,여,50세,상해없음,승용,여,55세,경상
2013081800100016,2013년 8월 18일 00시,일요일,충청남도 천안시 동남구 청수동,경상사고,0,0,1,0,차대사람 - 횡단중,안전운전불이행,건조,맑음,단일로 - 기타,승용,남,48세,상해없음,보행자,남,58세,경상
2013081800100036,2013년 8월 18일 01시,일요일,충청남도 서천군 장항읍,중상사고,0,1,2,0,차대차 - 측면직각충돌,직진우회전진행방해,건조,맑음,교차로 - 교차로안,승용,남,58세,중상,승용,남,36세,경상
2013081800100056,2013년 8월 18일 02시,일요일,충청남도 천안시 서북구 성정동,경상사고,0,0,1,0,차대차 - 기타,안전운전불이행,건조,맑음,교차로 - 교차로안,승용,남,31세,상해없음,승용,남,21세,상해없음
2013081800100057,2013년 8월 18일 02시,일요일,충청남도 아산시 용화동,중상사고,0,1,0,0,차량단독 - 기타,안전운전불이행,건조,맑음,단일로 - 기타,승용,남,42세,상해없음,,,,
2013081800100090,2013년 8월 18일 05시,일요일,충청남도 천안시 서북구 두정동,경상사고,0,0,1,1,차대차 - 측면직각충돌,기타,건조,맑음,단일로 - 기타,승용,여,64세,부상신고,승용,남,34세,경상
2013081800100091,2013년 8월 18일 05시,일요일,충청남도 천안시 동남구 대흥동,사망사고,1,0,0,0,차대사람 - 기타,안전운전불이행,건조,맑음,교차로 - 교차로안,화물,남,51세,상해없음,보행자,남,49세,사망
2013081800100109,2013년 8월 18일 07시,일요일,충청남도 청양군 운곡면,중상사고,0,3,2,0,차대차 - 기타,안전운전불이행,건조,맑음,단일로 - 기타,승용,여,44세,경상,화물,남,56세,중상
2013081800100123,2013년 8월 18일 08시,일요일,충청남도 아산시 배방읍,사망사고,1,0,0,0,차량단독 - 전도전복,안전운전불이행,건조,맑음,교차로 - 교차로안,농기계,남,71세,사망,,,,
2013081800100129,2013년 8월 18일 09시,일요일,충청남도 보령시 궁촌동,경상사고,0,0,1,0,차대차 - 측면직각충돌,안전거리미확보,건조,맑음,단일로 - 기타,원동기,남,65세,경상,승용,여,22세,상해없음
2013081800100149,2013년 8월 18일 10시,일요일,충청남도 천안시 동남구 풍세면,경상사고,0,0,1,0,차대차 - 추돌 - 주정차중,안전운전불이행,건조,맑음,단일로 - 기타,승용,남,57세,상해없음,승용,남,33세,경상
2013081800100168,2013년 8월 18일 11시,일요일,충청남도 천안시 서북구 쌍용동,경상사고,0,0,2,0,차대차 - 측면직각충돌,신호위반,건조,맑음,단일로 - 기타,승용,남,58세,상해없음,승용,남,36세,상해없음
2013081800100169,2013년 8월 18일 11시,일요일,충청남도 서천군 장항읍,중상사고,0,1,0,0,차대차 - 기타,기타,건조,맑음,교차로 - 교차로안,승용,남,61세,상해없음,이륜,남,58세,중상
2013081800100187,2013년 8월 18일 12시,일요일,충청남도 서산시 석남동,경상사고,0,0,2,0,차대차 - 추돌 - 주정차중,안전운전불이행,건조,맑음,단일로 - 기타,승용,남,36세,상해없음,승용,남,27세,경상
2013081800100188,2013년 8월 18일 12시,일요일,충청남도 홍성군 홍북면,중상사고,0,3,1,0,차대차 - 측면직각충돌,교차로운행방법위반,건조,맑음,교차로 - 교차로안,승합,남,38세,상해없음,승용,남,54세,중상
2013081800100342,2013년 8월 18일 18시,일요일,충청남도 천안시 서북구 두정동,경상사고,0,0,1,0,차대사람 - 기타,안전운전불이행,건조,맑음,교차로 - 교차로안,기타불명,기타불명,기타불명,기타불명,보행자,남,11세,경상
2013081800100343,2013년 8월 18일 18시,일요일,충청남도 예산군 오가면,중상사고,0,2,0,0,차대차 - 기타,안전운전불이행,건조,맑음,단일로 - 기타,승용,남,62세,상해없음,원동기,남,72세,중상
2013081800100363,2013년 8월 18일 19시,일요일,충청남도 보령시 궁촌동,중상사고,0,2,0,0,차대차 - 측면직각충돌,신호위반,건조,맑음,교차로 - 교차로안,화물,남,36세,중상,승용,남,38세,중상
2013081800100444,2013년 8월 18일 22시,일요일,충청남도 보령시 궁촌동,경상사고,0,0,1,0,차대차 - 측면직각충돌,중앙선침범,건조,맑음,단일로 - 기타,자전거,남,30세,경상,승용,남,34세,상해없음
2013081800100459,2013년 8월 18일 23시,일요일,충청남도 천안시 동남구 대흥동,중상사고,0,1,0,0,차대사람 - 기타,안전운전불이행,건조,맑음,단일로 - 기타,승용,남,28세,상해없음,보행자,남,49세,중상
2013081900100032,2013년 8월 19일 02시,월요일,충청남도 천안시 서북구 쌍용동,경상사고,0,0,1,0,차대차 - 측면직각충돌,신호위반,건조,맑음,교차로 - 교차로안,원동기,여,16세,상해없음,승용,남,38세,경상
2013081900100083,2013년 8월 19일 07시,월요일,충청남도 예산군 광시면,경상사고,0,0,3,0,차대차 - 측면직각충돌,안전운전불이행,건조,맑음,단일로 - 기타,승용,남,80세,경상,화물,남,40세,경상
2013081900100124,2013년 8월 19일 08시,월요일,충청남도 당진시 신평면,경상사고,0,0,1,0,차대차 - 측면직각충돌,기타,건조,맑음,단일로 - 기타,승용,기타불명,기타불명,기타불명,승용,남,52세,경상
2013081900100162,2013년 8월 19일 09시,월요일,충청남도 천안시 서북구 성정동,경상사고,0,0,1,0,차대사람 - 기타,안전운전불이행,건조,맑음,교차로 - 교차로부근,승용,여,48세,상해없음,보행자,여,40세,경상
2013081900100222,2013년 8월 19일 11시,월요일,충청남도 공주시 소학동,중상사고,0,1,0,0,차대차 - 기타,안전운전불이행,건조,맑음,단일로 - 기타,승용,여,43세,기타불명,승용,여,40세,중상
2013081900100223,2013년 8월 19일 11시,월요일,충청남도 금산군 추부면,경상사고,0,0,2,0,차대차 - 기타,안전운전불이행,건조,맑음,단일로 - 기타,승용,남,41세,상해없음,승용,여,57세,경상
2013081900100224,2013년 8월 19일 11시,월요일,충청남도 천안시 동남구 신부동,경상사고,0,0,1,0,차대차 - 추돌 - 주정차중,안전운전불이행,건조,맑음,단일로 - 기타,승용,여,20세,상해없음,승용,남,49세,경상
2013081900100225,2013년 8월 19일 11시,월요일,충청남도 천안시 동남구 목천읍,경상사고,0,0,1,0,차대차 - 측면직각충돌,차로위반,건조,맑음,단일로 - 기타,화물,남,59세,상해없음,화물,남,35세,경상
2013081900100251,2013년 8월 19일 12시,월요일,충청남도 부여군 부여읍,사망사고,1,0,0,0,차대차 - 기타,중앙선침범,건조,맑음,기타 - 기타,이륜,남,82세,사망,건설기계,남,49세,상해없음
2013081900100322,2013년 8월 19일 14시,월요일,충청남도 서산시 동문동,부상신고사고,0,0,0,1,차대차 - 측면직각충돌,안전운전불이행,건조,맑음,교차로 - 교차로안,자전거,남,38세,부상신고,승용,남,52세,상해없음
2013081900100323,2013년 8월 19일 14시,월요일,충청남도 논산시 취암동,경상사고,0,0,1,0,차대차 - 측면직각충돌,신호위반,건조,맑음,교차로 - 교차로부근,승용,남,41세,상해없음,자전거,남,68세,경상
2013081900100324,2013년 8월 19일 14시,월요일,충청남도 천안시 동남구 신방동,경상사고,0,0,1,0,차대차 - 측면직각충돌,신호위반,건조,맑음,교차로 - 교차로안,기타불명,기타불명,기타불명,기타불명,승용,여,32세,경상
2013081900100325,2013년 8월 19일 14시,월요일,충청남도 천안시 동남구 성남면,중상사고,0,1,0,0,차대차 - 기타,신호위반,건조,맑음,교차로 - 교차로안,승용,남,26세,상해없음,화물,남,28세,중상
2013081900100361,2013년 8월 19일 15시,월요일,충청남도 천안시 동남구 목천읍,중상사고,0,1,1,0,차대차 - 추돌 - 주정차중,안전운전불이행,건조,맑음,단일로 - 기타,승합,남,55세,중상,승용,남,51세,경상
2013081900100391,2013년 8월 19일 16시,월요일,충청남도 천안시 서북구 성거읍,경상사고,0,0,1,0,차대차 - 기타,기타,건조,맑음,교차로 - 교차로안,승합,남,47세,상해없음,승용,남,33세,경상
2013081900100420,2013년 8월 19일 17시,월요일,충청남도 금산군 금성면,사망사고,1,0,0,0,차대차 - 기타,안전운전불이행,건조,맑음,교차로 - 교차로안,원동기,남,72세,사망,화물,남,53세,상해없음
2013081900100421,2013년 8월 19일 17시,월요일,충청남도 예산군 고덕면,사망사고,1,1,1,0,차대차 - 추돌 - 진행중,안전운전불이행,건조,맑음,단일로 - 기타,화물,남,25세,경상,화물,남,63세,중상
2013081900100463,2013년 8월 19일 18시,월요일,충청남도 보령시 주포면,중상사고,0,1,0,0,차대차 - 측면직각충돌,신호위반,건조,맑음,교차로 - 교차로안,승용,남,52세,상해없음,이륜,남,42세,중상
2013081900100464,2013년 8월 19일 18시,월요일,충청남도 보령시 대천동,경상사고,0,0,1,0,차대사람 - 횡단중,보행자보호의무위반,건조,맑음,교차로 - 교차로부근,승용,여,48세,상해없음,보행자,남,82세,경상
2013081900100465,2013년 8월 19일 18시,월요일,충청남도 당진시 송악읍,경상사고,0,0,3,0,차대차 - 기타,교차로운행방법위반,건조,맑음,교차로 - 교차로안,승용,여,60세,경상,승용,남,32세,경상
2013081900100511,2013년 8월 19일 19시,월요일,충청남도 서천군 서천읍,경상사고,0,0,4,0,차대차 - 추돌 - 주정차중,안전운전불이행,건조,맑음,교차로 - 교차로안,승용,남,62세,상해없음,승용,남,51세,경상
2013081900100552,2013년 8월 19일 20시,월요일,충청남도 논산시 노성면,중상사고,0,3,0,0,차대차 - 정면충돌,중앙선침범,건조,맑음,단일로 - 기타,화물,남,54세,상해없음,승용,여,48세,중상
2013081900100593,2013년 8월 19일 21시,월요일,충청남도 서천군 서천읍,경상사고,0,0,2,0,차대차 - 추돌 - 주정차중,안전운전불이행,건조,맑음,교차로 - 교차로부근,화물,남,42세,상해없음,승용,남,21세,경상