사고번호,사고일시,요일,시군구,사고내용,사망자수,중상자수,경상자수,부상신고자수,사고유형,법규위반,노면상태,기상상태,도로형태,가해운전자 차종,가해운전자 성별,가해운전자 연령,가해운전자 상해정도,피해운전자 차종,피해운전자 성별,피해운전자 연령,피해운전자 상해정도
2013083100100104,2013년 8월 31일 05시,토요일,충청남도 논산시 노성면,사망사고,1,0,0,0,차대사람 - 차도통행중,안전운전불이행,건조,맑음,단일로 - 기타,화물,여,61세,상해없음,보행자,여,76세,사망
2013083100100232,2013년 8월 31일 11시,토요일,충청남도 홍성군 금마면,중상사고,0,1,1,0,차대차 - 정면충돌,안전운전불이행,건조,맑음,단일로 - 기타,건설기계,남,46세,상해없음,원동기,남,70세,중상
2013083100100371,2013년 8월 31일 15시,토요일,충청남도 당진시 합덕읍,경상사고,0,0,1,0,차대차 - 기타,교차로운행방법위반,건조,맑음,단일로 - 기타,승용,여,62세,상해없음,원동기,남,70세,경상
2013083100100372,2013년 8월 31일 15시,토요일,충청남도 청양군 청양읍,경상사고,0,0,5,0,차대차 - 측면직각충돌,직진우회전진행방해,건조,맑음,교차로 - 교차로안,화물,남,49세,상해없음,승용,여,30세,경상
2013083100100416,2013년 8월 31일 16시,토요일,충청남도 논산시 광석면,사망사고,1,1,0,0,차대차 - 추돌 - 진행중,안전운전불이행,건조,맑음,단일로 - 기타,원동기,남,46세,사망,승용,남,49세,상해없음
2013083100100445,2013년 8월 31일 17시,토요일,충청남도 천안시 서북구 쌍용동,경상사고,0,0,1,0,차대차 - 측면직각충돌,신호위반,건조,맑음,교차로 - 교차로안,승용,여,40세,상해없음,승용,남,48세,경상
2013083100100446,2013년 8월 31일 17시,토요일,충청남도 아산시 염치읍,경상사고,0,0,1,0,차대차 - 추돌 - 주정차중,안전거리미확보,건조,맑음,단일로 - 기타,승용,기타불명,기타불명,기타불명,승용,남,53세,경상
2013083100100475,2013년 8월 31일 18시,토요일,충청남도 태안군 남면,중상사고,0,1,2,0,차대차 - 측면직각충돌,안전운전불이행,건조,맑음,단일로 - 기타,승용,남,43세,중상,화물,남,53세,경상
2013083100100476,2013년 8월 31일 18시,토요일,충청남도 태안군 소원면,부상신고사고,0,0,0,1,차대차 - 기타,안전운전불이행,건조,맑음,단일로 - 기타,이륜,남,75세,부상신고,승용,남,49세,상해없음
2013083100100477,2013년 8월 31일 18시,토요일,충청남도 계룡시 금암동,경상사고,0,0,1,0,차대사람 - 기타,안전운전불이행,건조,맑음,단일로 - 기타,승용,남,46세,상해없음,보행자,남,13세,경상
2013083100100478,2013년 8월 31일 18시,토요일,충청남도 당진시 채운동,경상사고,0,0,2,0,차대차 - 기타,안전거리미확보,건조,맑음,교차로 - 교차로부근,승용,남,31세,경상,승합,남,66세,경상
2013083100100479,2013년 8월 31일 18시,토요일,충청남도 당진시 우강면,중상사고,0,1,0,0,차대차 - 기타,중앙선침범,건조,맑음,단일로 - 기타,승용,남,39세,상해없음,승용,여,50세,중상
2013083100100506,2013년 8월 31일 19시,토요일,충청남도 논산시 강경읍,중상사고,0,1,3,0,차대차 - 추돌 - 주정차중,안전운전불이행,건조,맑음,단일로 - 기타,승용,여,33세,경상,화물,남,68세,중상
2013083100100507,2013년 8월 31일 19시,토요일,충청남도 예산군 덕산면,경상사고,0,0,1,0,차대차 - 기타,직진우회전진행방해,건조,맑음,교차로 - 교차로안,화물,남,64세,상해없음,이륜,남,25세,경상
2013083100100508,2013년 8월 31일 19시,토요일,충청남도 당진시 채운동,사망사고,1,0,0,0,차대사람 - 횡단중,보행자보호의무위반,건조,맑음,교차로 - 교차로부근,승용,여,55세,상해없음,보행자,남,7세,사망
2013083100100509,2013년 8월 31일 19시,토요일,충청남도 당진시 송산면,경상사고,0,0,2,0,차대차 - 기타,교차로운행방법위반,건조,흐림,교차로 - 교차로부근,승합,남,62세,상해없음,승용,여,26세,경상
2013083100100542,2013년 8월 31일 20시,토요일,충청남도 서산시 양대동,중상사고,0,1,0,0,차대사람 - 횡단중,안전운전불이행,건조,맑음,교차로 - 교차로안,승용,여,46세,상해없음,보행자,남,59세,중상
2013083100100543,2013년 8월 31일 20시,토요일,충청남도 서천군 화양면,중상사고,0,1,0,0,차대사람 - 차도통행중,안전운전불이행,건조,맑음,단일로 - 기타,승용,여,48세,상해없음,보행자,남,53세,중상
2013083100100544,2013년 8월 31일 20시,토요일,충청남도 보령시 주산면,중상사고,0,1,2,0,차대차 - 추돌 - 진행중,안전운전불이행,건조,맑음,단일로 - 기타,화물,여,52세,경상,농기계,남,62세,중상
2013083100100545,2013년 8월 31일 20시,토요일,충청남도 부여군 규암면,중상사고,0,1,0,0,차량단독 - 전도전복,안전운전불이행,건조,맑음,단일로 - 기타,승용,남,47세,기타불명,,,,
2013083100100609,2013년 8월 31일 22시,토요일,충청남도 서산시 석남동,중상사고,0,1,0,0,차대사람 - 횡단중,안전운전불이행,건조,맑음,단일로 - 기타,원동기,남,16세,상해없음,보행자,남,43세,중상
2013083100100610,2013년 8월 31일 22시,토요일,충청남도 청양군 청양읍,사망사고,1,0,0,0,차대차 - 측면직각충돌,안전운전불이행,건조,맑음,단일로 - 기타,승용,여,50세,상해없음,이륜,남,54세,상해없음
2013083100100611,2013년 8월 31일 22시,토요일,충청남도 청양군 정산면,경상사고,0,0,1,0,차대차 - 측면직각충돌,중앙선침범,건조,맑음,단일로 - 기타,화물,남,61세,상해없음,승용,여,54세,경상
2013083100100612,2013년 8월 31일 22시,토요일,충청남도 천안시 동남구 병천면,경상사고,0,0,3,0,차대차 - 측면직각충돌,안전운전불이행,건조,맑음,단일로 - 기타,승용,남,50세,상해없음,화물,남,35세,경상
2013083100100636,2013년 8월 31일 23시,토요일,충청남도 천안시 동남구 신부동,경상사고,0,0,1,0,차대차 - 추돌 - 주정차중,안전거리미확보,건조,맑음,교차로 - 교차로안,승용,남,48세,상해없음,승용,남,46세,경상
2013090100100014,2013년 9월 1일 00시,일요일,충청남도 예산군 삽교읍,경상사고,0,0,1,0,차대차 - 추돌 - 진행중,안전운전불이행,건조,맑음,단일로 - 기타,이륜,남,15세,상해없음,승용,남,46세,상해없음
2013090100100015,2013년 9월 1일 00시,일요일,충청남도 예산군 오가면,경상사고,0,0,3,0,차대차 - 추돌 - 주정차중,안전운전불이행,건조,맑음,단일로 - 기타,화물,남,45세,상해없음,승용,여,36세,경상
2013090100100045,2013년 9월 1일 02시,일요일,충청남도 보령시 천북면,중상사고,0,1,0,0,차대차 - 추돌 - 진행중,안전운전불이행,건조,맑음,단일로 - 기타,승용,남,30세,상해없음,승용,여,30세,중상
2013090100100061,2013년 9월 1일 03시,일요일,충청남도 아산시 남동,사망사고,1,0,0,0,차대사람 - 횡단중,안전운전불이행,건조,맑음,단일로 - 기타,승용,남,48세,상해없음,보행자,남,58세,사망
2013090100100117,2013년 9월 1일 08시,일요일,충청남도 서산시 음암면,경상사고,0,0,1,0,차대차 - 측면직각충돌,안전운전불이행,건조,맑음,교차로 - 교차로부근,이륜,남,64세,경상,화물,남,58세,상해없음
2013090100100135,2013년 9월 1일 09시,일요일,충청남도 부여군 부여읍,중상사고,0,1,1,0,차대차 - 기타,안전운전불이행,건조,맑음,교차로 - 교차로부근,승용,여,58세,상해없음,승용,남,57세,경상
2013090100100160,2013년 9월 1일 10시,일요일,충청남도 아산시 염치읍,중상사고,0,1,0,0,차대사람 - 기타,안전운전불이행,건조,맑음,기타 - 기타,화물,남,50세,상해없음,보행자,남,62세,중상
2013090100100259,2013년 9월 1일 14시,일요일,충청남도 서산시 음암면,중상사고,0,1,0,0,차대사람 - 기타,안전운전불이행,건조,맑음,교차로 - 교차로부근,승용,남,42세,상해없음,보행자,남,57세,중상
2013090100100260,2013년 9월 1일 14시,일요일,충청남도 천안시 서북구 불당동,경상사고,0,0,2,0,차대차 - 측면직각충돌,신호위반,건조,맑음,교차로 - 교차로안,건설기계,남,27세,상해없음,승용,남,40세,경상
2013090100100261,2013년 9월 1일 14시,일요일,충청남도 홍성군 홍성읍,중상사고,0,1,0,0,차대차 - 측면직각충돌,교차로운행방법위반,건조,맑음,교차로 - 교차로안,승용,남,51세,상해없음,이륜,남,61세,중상
2013090100100262,2013년 9월 1일 14시,일요일,충청남도 당진시 신평면,경상사고,0,0,1,0,차대차 - 기타,안전운전불이행,건조,맑음,교차로 - 교차로부근,승용,여,37세,상해없음,승합,남,48세,상해없음
2013090100100263,2013년 9월 1일 14시,일요일,충청남도 금산군 금산읍,경상사고,0,0,4,0,차대차 - 기타,안전거리미확보,건조,맑음,단일로 - 기타,승용,남,56세,상해없음,승용,남,54세,경상
2013090100100264,2013년 9월 1일 14시,일요일,충청남도 공주시 정안면,경상사고,0,0,3,0,차대차 - 추돌 - 주정차중,안전운전불이행,건조,맑음,단일로 - 기타,승용,남,27세,상해없음,승용,남,53세,경상
2013090100100294,2013년 9월 1일 15시,일요일,충청남도 서산시 성연면,중상사고,0,1,0,0,차량단독 - 공작물충돌,안전운전불이행,건조,맑음,단일로 - 기타,원동기,남,54세,중상,,,,
2013090100100295,2013년 9월 1일 15시,일요일,충청남도 홍성군 광천읍,경상사고,0,0,1,0,차대차 - 추돌 - 진행중,안전운전불이행,건조,맑음,단일로 - 기타,승용,남,42세,상해없음,승용,남,51세,경상
2013090100100318,2013년 9월 1일 16시,일요일,충청남도 논산시 강경읍,경상사고,0,0,1,0,차량단독 - 기타,안전운전불이행,건조,맑음,교차로 - 교차로부근,자전거,남,10세,경상,,,,
2013090100100345,2013년 9월 1일 17시,일요일,충청남도 아산시 영인면,경상사고,0,0,2,0,차대차 - 기타,안전운전불이행,건조,맑음,교차로 - 교차로부근,승용,남,52세,상해없음,승용,남,52세,경상
2013090100100346,2013년 9월 1일 17시,일요일,충청남도 서천군 화양면,중상사고,0,1,1,0,차대차 - 측면직각충돌,직진우회전진행방해,건조,맑음,교차로 - 교차로안,승용,남,37세,상해없음,승용,남,30세,중상
2013090100100402,2013년 9월 1일 19시,일요일,충청남도 서산시 예천동,중상사고,0,1,0,0,차대차 - 측면직각충돌,중앙선침범,건조,맑음,단일로 - 기타,승용,남,67세,상해없음,이륜,남,26세,중상
2013090100100403,2013년 9월 1일 19시,일요일,충청남도 아산시 온천동,경상사고,0,0,1,0,차대차 - 추돌 - 주정차중,안전운전불이행,건조,맑음,기타 - 기타,승용,남,64세,상해없음,화물,남,31세,경상
2013090100100404,2013년 9월 1일 19시,일요일,충청남도 부여군 부여읍,중상사고,0,1,0,0,차대차 - 기타,직진우회전진행방해,건조,맑음,교차로 - 교차로안,승용,여,25세,상해없음,이륜,남,18세,중상
2013090100100405,2013년 9월 1일 19시,일요일,충청남도 금산군 제원면,중상사고,0,1,0,0,차량단독 - 공작물충돌,안전운전불이행,건조,맑음,단일로 - 기타,이륜,남,64세,중상,,,,
2013090100100428,2013년 9월 1일 20시,일요일,충청남도 아산시 도고면,중상사고,0,5,6,0,차대차 - 기타,신호위반,건조,맑음,교차로 - 교차로부근,승용,남,59세,상해없음,승합,남,59세,중상
2013090100100429,2013년 9월 1일 20시,일요일,충청남도 천안시 동남구 봉명동,경상사고,0,0,2,0,차대차 - 추돌 - 주정차중,안전운전불이행,건조,흐림,단일로 - 기타,화물,남,42세,상해없음,화물,남,56세,경상
2013090100100452,2013년 9월 1일 21시,일요일,충청남도 천안시 동남구 성남면,경상사고,0,0,1,0,차대차 - 추돌 - 진행중,안전운전불이행,건조,맑음,단일로 - 기타,승용,남,23세,상해없음,화물,남,24세,경상
2013090200100054,2013년 9월 2일 06시,월요일,충청남도 청양군 청양읍,경상사고,0,0,1,0,차대사람 - 기타,안전운전불이행,건조,맑음,교차로 - 교차로안,이륜,남,74세,상해없음,보행자,여,73세,경상
2013090200100082,2013년 9월 2일 07시,월요일,충청남도 천안시 서북구 불당동,중상사고,0,1,0,0,차대차 - 측면직각충돌,기타,건조,맑음,기타 - 기타,승용,남,35세,상해없음,자전거,남,49세,중상
2013090200100126,2013년 9월 2일 08시,월요일,충청남도 부여군 규암면,경상사고,0,0,2,0,차대차 - 추돌 - 진행중,안전운전불이행,건조,맑음,단일로 - 기타,화물,남,61세,상해없음,승용,여,33세,경상
2013090200100127,2013년 9월 2일 08시,월요일,충청남도 천안시 동남구 신부동,경상사고,0,0,1,0,차대차 - 기타,안전운전불이행,건조,맑음,단일로 - 기타,승용,여,45세,상해없음,승합,남,37세,상해없음
2013090200100164,2013년 9월 2일 09시,월요일,충청남도 청양군 남양면,사망사고,1,0,0,0,차대차 - 측면직각충돌,직진우회전진행방해,건조,맑음,교차로 - 교차로안,특수,남,54세,상해없음,이륜,남,75세,사망
2013090200100195,2013년 9월 2일 10시,월요일,충청남도 보령시 대천동,중상사고,0,1,0,0,차대차 - 측면직각충돌,직진우회전진행방해,건조,맑음,교차로 - 교차로안,화물,남,67세,상해없음,이륜,남,73세,중상
2013090200100196,2013년 9월 2일 10시,월요일,충청남도 부여군 부여읍,경상사고,0,0,2,0,차대차 - 추돌 - 주정차중,안전운전불이행,건조,맑음,단일로 - 기타,화물,남,53세,기타불명,화물,남,50세,경상
2013090200100197,2013년 9월 2일 10시,월요일,충청남도 청양군 정산면,중상사고,0,1,0,0,차대차 - 추돌 - 진행중,안전운전불이행,건조,맑음,단일로 - 기타,건설기계,남,48세,상해없음,승용,여,65세,중상
2013090200100261,2013년 9월 2일 12시,월요일,충청남도 천안시 동남구 풍세면,중상사고,0,1,0,0,차대차 - 기타,안전운전불이행,건조,맑음,기타 - 기타,승용,남,65세,상해없음,이륜,남,30세,중상
2013090200100293,2013년 9월 2일 13시,월요일,충청남도 논산시 등화동,경상사고,0,0,1,0,차대차 - 정면충돌,중앙선침범,건조,맑음,단일로 - 기타,승용,남,59세,상해없음,화물,남,56세,경상
2013090200100315,2013년 9월 2일 14시,월요일,충청남도 서산시 잠홍동,경상사고,0,0,1,0,차대차 - 추돌 - 진행중,안전거리미확보,건조,맑음,교차로 - 교차로부근,승용,여,34세,상해없음,승용,여,31세,경상
2013090200100357,2013년 9월 2일 15시,월요일,충청남도 서산시 갈산동,경상사고,0,0,1,0,차대차 - 측면직각충돌,안전운전불이행,건조,맑음,단일로 - 기타,화물,남,45세,상해없음,승용,남,42세,경상
2013090200100358,2013년 9월 2일 15시,월요일,충청남도 금산군 금산읍,경상사고,0,0,1,0,차대차 - 측면직각충돌,신호위반,건조,맑음,교차로 - 교차로안,화물,남,42세,상해없음,승용,남,75세,경상
2013090200100396,2013년 9월 2일 16시,월요일,충청남도 청양군 대치면,중상사고,0,3,1,0,차대차 - 측면직각충돌,안전운전불이행,건조,맑음,단일로 - 기타,승용,남,68세,중상,승용,남,46세,상해없음
2013090200100449,2013년 9월 2일 17시,월요일,충청남도 부여군 은산면,중상사고,0,1,0,0,차대차 - 기타,교차로운행방법위반,건조,맑음,교차로 - 교차로안,승용,여,58세,상해없음,원동기,남,40세,중상
2013090200100531,2013년 9월 2일 19시,월요일,충청남도 서산시 동문동,경상사고,0,0,2,0,차대차 - 추돌 - 주정차중,안전운전불이행,건조,맑음,교차로 - 교차로부근,승용,남,49세,상해없음,승용,여,37세,경상
2013090200100567,2013년 9월 2일 20시,월요일,충청남도 논산시 노성면,중상사고,0,1,0,0,차대차 - 추돌 - 진행중,안전운전불이행,건조,맑음,단일로 - 기타,화물,남,67세,상해없음,이륜,남,61세,중상
2013090200100594,2013년 9월 2일 21시,월요일,충청남도 천안시 서북구 성정동,경상사고,0,0,1,0,차대사람 - 횡단중,안전운전불이행,건조,맑음,교차로 - 교차로부근,승용,남,46세,상해없음,보행자,남,16세,경상
2013090200100595,2013년 9월 2일 21시,월요일,충청남도 천안시 동남구 구성동,중상사고,0,1,0,0,차대차 - 기타,안전운전불이행,건조,맑음,단일로 - 기타,승용,여,42세,상해없음,이륜,남,44세,중상
2013090200100617,2013년 9월 2일 22시,월요일,충청남도 천안시 동남구 청당동,중상사고,0,1,1,0,차대차 - 기타,안전운전불이행,건조,흐림,기타 - 기타,승용,남,44세,상해없음,승합,남,61세,경상
2013090200100618,2013년 9월 2일 22시,월요일,충청남도 보령시 천북면,중상사고,0,2,0,0,차량단독 - 공작물충돌,안전운전불이행,건조,맑음,단일로 - 기타,승용,남,58세,중상,,,,
2013090300100021,2013년 9월 3일 01시,화요일,충청남도 천안시 서북구 쌍용동,경상사고,0,0,2,0,차대차 - 측면직각충돌,교차로운행방법위반,건조,맑음,교차로 - 교차로안,승용,남,21세,경상,승용,여,27세,경상
2013090300100034,2013년 9월 3일 02시,화요일,충청남도 예산군 신암면,중상사고,0,1,0,0,차대사람 - 횡단중,안전운전불이행,건조,맑음,단일로 - 기타,특수,남,61세,상해없음,보행자,남,55세,중상
2013090300100061,2013년 9월 3일 06시,화요일,충청남도 당진시 수청리,중상사고,0,1,0,0,차대차 - 측면직각충돌,신호위반,건조,맑음,교차로 - 교차로안,승용,남,34세,상해없음,승용,여,41세,중상
2013090300100089,2013년 9월 3일 07시,화요일,충청남도 천안시 서북구 백석동,경상사고,0,0,1,0,차대차 - 기타,신호위반,건조,맑음,단일로 - 횡단보도상,화물,남,46세,상해없음,자전거,남,19세,경상
2013090300100090,2013년 9월 3일 07시,화요일,충청남도 홍성군 홍북면,경상사고,0,0,1,0,차대차 - 측면직각충돌,신호위반,건조,맑음,교차로 - 교차로안,승용,여,31세,상해없음,승용,남,30세,경상
2013090300100091,2013년 9월 3일 07시,화요일,충청남도 부여군 홍산면,중상사고,0,1,0,0,차대사람 - 횡단중,보행자보호의무위반,건조,맑음,단일로 - 횡단보도상,화물,남,66세,상해없음,보행자,남,59세,중상
2013090300100093,2013년 9월 3일 07시,화요일,충청남도 천안시 동남구 신방동,중상사고,0,1,0,0,차대사람 - 기타,안전운전불이행,건조,맑음,단일로 - 기타,승용,남,32세,상해없음,보행자,여,44세,중상
2013090300100134,2013년 9월 3일 08시,화요일,충청남도 공주시 금성동,중상사고,0,1,0,0,차대사람 - 횡단중,보행자보호의무위반,건조,맑음,단일로 - 횡단보도상,승용,남,52세,상해없음,보행자,여,55세,중상
2013090300100135,2013년 9월 3일 08시,화요일,충청남도 부여군 부여읍,중상사고,0,1,0,0,차대차 - 측면직각충돌,중앙선침범,건조,맑음,단일로 - 기타,승용,남,38세,상해없음,이륜,남,44세,중상
2013090300100136,2013년 9월 3일 08시,화요일,충청남도 천안시 동남구 쌍용동,중상사고,0,1,0,0,차대사람 - 기타,신호위반,건조,맑음,교차로 - 교차로안,승용,남,46세,상해없음,보행자,여,37세,중상
2013090300100166,2013년 9월 3일 09시,화요일,충청남도 서천군 서천읍,중상사고,0,2,0,0,차대차 - 측면직각충돌,직진우회전진행방해,건조,맑음,교차로 - 교차로안,승용,남,61세,상해없음,원동기,남,73세,중상
2013090300100194,2013년 9월 3일 10시,화요일,충청남도 예산군 예산읍,중상사고,0,2,0,0,차대차 - 기타,안전거리미확보,건조,맑음,단일로 - 기타,이륜,남,71세,중상,승용,남,47세,상해없음
2013090300100226,2013년 9월 3일 11시,화요일,충청남도 논산시 은진면,중상사고,0,1,0,0,차대차 - 추돌 - 진행중,안전운전불이행,건조,맑음,단일로 - 기타,화물,여,53세,중상,화물,남,55세,상해없음
2013090300100227,2013년 9월 3일 11시,화요일,충청남도 서천군 장항읍,중상사고,0,1,0,0,차대차 - 기타,교차로운행방법위반,건조,맑음,교차로 - 교차로안,원동기,남,78세,중상,승합,남,71세,상해없음
2013090300100228,2013년 9월 3일 11시,화요일,충청남도 천안시 동남구 성황동,경상사고,0,0,1,0,차대차 - 기타,중앙선침범,건조,맑음,단일로 - 기타,승용,여,74세,상해없음,화물,남,40세,경상
2013090300100253,2013년 9월 3일 12시,화요일,충청남도 태안군 고남면,부상신고사고,0,0,0,1,차대차 - 측면직각충돌,중앙선침범,건조,맑음,단일로 - 기타,농기계,남,48세,부상신고,화물,남,33세,상해없음
2013090300100288,2013년 9월 3일 13시,화요일,충청남도 당진시 석문면,경상사고,0,0,1,0,차대차 - 추돌 - 진행중,교차로운행방법위반,건조,맑음,교차로 - 교차로안,화물,남,28세,상해없음,특수,남,41세,경상
2013090300100316,2013년 9월 3일 14시,화요일,충청남도 아산시 음봉면,중상사고,0,1,2,0,차대차 - 측면직각충돌,신호위반,건조,맑음,교차로 - 교차로안,승합,남,26세,상해없음,승용,남,44세,중상
2013090300100317,2013년 9월 3일 14시,화요일,충청남도 금산군 추부면,중상사고,0,1,0,0,차대사람 - 기타,안전운전불이행,건조,맑음,단일로 - 터널,승용,남,33세,상해없음,보행자,남,55세,중상
2013090300100387,2013년 9월 3일 16시,화요일,충청남도 논산시 화지동,중상사고,0,1,0,0,차대사람 - 횡단중,보행자보호의무위반,건조,맑음,교차로 - 교차로부근,이륜,남,76세,상해없음,보행자,여,68세,중상
2013090300100388,2013년 9월 3일 16시,화요일,충청남도 보령시 대천동,경상사고,0,0,3,0,차대차 - 추돌 - 주정차중,안전운전불이행,건조,맑음,교차로 - 교차로부근,승합,남,60세,상해없음,승용,여,37세,경상
2013090300100426,2013년 9월 3일 17시,화요일,충청남도 서산시 수석동,중상사고,0,1,0,0,차대사람 - 기타,안전운전불이행,건조,맑음,단일로 - 기타,화물,남,47세,상해없음,보행자,여,78세,중상
2013090300100427,2013년 9월 3일 17시,화요일,충청남도 보령시 남포면,중상사고,0,1,0,0,차대차 - 측면직각충돌,직진우회전진행방해,건조,맑음,교차로 - 교차로안,승용,여,53세,상해없음,이륜,남,75세,중상
2013090300100466,2013년 9월 3일 18시,화요일,충청남도 홍성군 홍성읍,경상사고,0,0,2,0,차대차 - 측면직각충돌,교차로운행방법위반,건조,맑음,교차로 - 교차로안,승용,남,29세,상해없음,승용,남,36세,경상
2013090300100509,2013년 9월 3일 19시,화요일,충청남도 논산시 노성면,중상사고,0,1,0,0,차대차 - 정면충돌,중앙선침범,건조,맑음,단일로 - 기타,승용,남,48세,상해없음,화물,남,48세,중상
2013090300100510,2013년 9월 3일 19시,화요일,충청남도 홍성군 갈산면,중상사고,0,1,0,0,차대사람 - 기타,안전운전불이행,건조,맑음,단일로 - 기타,화물,남,53세,상해없음,보행자,여,80세,중상
2013090300100511,2013년 9월 3일 19시,화요일,충청남도 부여군 임천면,사망사고,1,0,0,0,차대사람 - 횡단중,안전운전불이행,건조,맑음,단일로 - 기타,화물,남,55세,상해없음,보행자,여,76세,사망
2013090300100512,2013년 9월 3일 19시,화요일,충청남도 금산군 진산면,중상사고,0,1,3,0,차대차 - 기타,중앙선침범,건조,맑음,단일로 - 기타,화물,남,42세,상해없음,승용,남,39세,상해없음
2013090300100562,2013년 9월 3일 21시,화요일,충청남도 당진시 시곡리,중상사고,0,1,0,0,차대차 - 추돌 - 주정차중,안전운전불이행,건조,맑음,단일로 - 기타,승용,남,44세,상해없음,승용,여,37세,중상
2013090300100563,2013년 9월 3일 21시,화요일,충청남도 금산군 금산읍,경상사고,0,0,1,0,차대차 - 기타,안전운전불이행,건조,맑음,단일로 - 기타,화물,남,52세,상해없음,이륜,남,41세,경상
2013090300100612,2013년 9월 3일 23시,화요일,충청남도 논산시 연무읍,중상사고,0,2,0,0,차대차 - 추돌 - 주정차중,안전운전불이행,건조,맑음,단일로 - 기타,승용,남,35세,중상,승용,남,29세,중상
2013090300100613,2013년 9월 3일 23시,화요일,충청남도 금산군 군북면,중상사고,0,2,0,0,차대차 - 기타,안전운전불이행,건조,맑음,단일로 - 기타,승용,남,35세,기타불명,승용,여,41세,중상
2013090400100034,2013년 9월 4일 02시,수요일,충청남도 천안시 서북구 쌍용동,경상사고,0,0,3,0,차대차 - 측면직각충돌,안전거리미확보,건조,맑음,단일로 - 기타,승용,남,56세,상해없음,승용,남,35세,상해없음
2013090400100059,2013년 9월 4일 05시,수요일,충청남도 천안시 서북구 쌍용동,경상사고,0,0,1,0,차대차 - 측면직각충돌,신호위반,건조,맑음,교차로 - 교차로안,원동기,남,72세,경상,승용,남,75세,상해없음
2013090400100076,2013년 9월 4일 06시,수요일,충청남도 공주시 신관동,경상사고,0,0,1,0,차대차 - 측면직각충돌,신호위반,건조,맑음,교차로 - 교차로안,화물,남,59세,상해없음,승용,남,58세,경상
2013090400100096,2013년 9월 4일 07시,수요일,충청남도 서산시 석림동,경상사고,0,0,2,0,차대차 - 측면직각충돌,직진우회전진행방해,건조,맑음,교차로 - 교차로안,화물,남,43세,경상,승용,남,42세,경상
2013090400100097,2013년 9월 4일 07시,수요일,충청남도 천안시 서북구 불당동,경상사고,0,0,1,0,차대사람 - 길가장자리구역통행중,안전운전불이행,건조,맑음,단일로 - 기타,승용,남,31세,상해없음,보행자,남,23세,경상
2013090400100098,2013년 9월 4일 07시,수요일,충청남도 보령시 동대동,경상사고,0,0,1,0,차대사람 - 기타,안전운전불이행,건조,맑음,단일로 - 기타,승용,여,44세,상해없음,보행자,남,62세,경상
2013090400100142,2013년 9월 4일 08시,수요일,충청남도 서산시 동문동,중상사고,0,1,0,0,차대사람 - 횡단중,보행자보호의무위반,건조,맑음,교차로 - 교차로안,승용,남,25세,상해없음,보행자,여,50세,중상
2013090400100143,2013년 9월 4일 08시,수요일,충청남도 홍성군 홍성읍,중상사고,0,1,1,0,차대차 - 측면직각충돌,교차로운행방법위반,건조,맑음,교차로 - 교차로안,승용,남,55세,경상,승용,여,39세,중상
2013090400100144,2013년 9월 4일 08시,수요일,충청남도 홍성군 구항면,중상사고,0,1,0,0,차대사람 - 기타,안전운전불이행,건조,맑음,단일로 - 기타,기타불명,기타불명,기타불명,기타불명,보행자,남,17세,중상
2013090400100180,2013년 9월 4일 09시,수요일,충청남도 서천군 장항읍,중상사고,0,1,0,0,차대차 - 기타,직진우회전진행방해,건조,맑음,교차로 - 교차로부근,승용,남,80세,상해없음,자전거,남,76세,중상
2013090400100181,2013년 9월 4일 09시,수요일,충청남도 천안시 동남구 신부동,중상사고,0,1,0,0,차대사람 - 횡단중,안전운전불이행,건조,맑음,단일로 - 기타,승용,여,49세,상해없음,보행자,남,23세,중상
2013090400100329,2013년 9월 4일 14시,수요일,충청남도 서산시 해미면,부상신고사고,0,0,0,1,차대차 - 측면직각충돌,직진우회전진행방해,건조,맑음,교차로 - 교차로안,원동기,여,68세,부상신고,화물,남,66세,상해없음
2013090400100330,2013년 9월 4일 14시,수요일,충청남도 논산시 채운면,경상사고,0,0,1,0,차대차 - 측면직각충돌,교차로운행방법위반,건조,맑음,교차로 - 교차로안,승용,남,52세,상해없음,화물,남,71세,경상
2013090400100422,2013년 9월 4일 17시,수요일,충청남도 서산시 갈산동,경상사고,0,0,1,0,차대차 - 측면직각충돌,직진우회전진행방해,건조,맑음,교차로 - 교차로안,승용,남,41세,상해없음,승용,남,44세,경상
2013090400100423,2013년 9월 4일 17시,수요일,충청남도 홍성군 갈산면,경상사고,0,0,1,0,차대차 - 측면직각충돌,안전운전불이행,건조,맑음,단일로 - 기타,이륜,남,66세,경상,승용,남,67세,상해없음
2013090400100572,2013년 9월 4일 21시,수요일,충청남도 천안시 동남구 신부동,경상사고,0,0,1,0,차대차 - 측면직각충돌,안전운전불이행,건조,맑음,교차로 - 교차로부근,승용,남,53세,상해없음,이륜,남,22세,경상
2013090400100603,2013년 9월 4일 22시,수요일,충청남도 아산시 도고면,중상사고,0,1,0,0,차대사람 - 차도통행중,안전운전불이행,건조,맑음,단일로 - 기타,이륜,남,32세,상해없음,보행자,남,28세,중상
2013090400100604,2013년 9월 4일 22시,수요일,충청남도 예산군 예산읍,경상사고,0,0,2,0,차량단독 - 공작물충돌,안전운전불이행,건조,맑음,단일로 - 기타,승용,남,33세,경상,,,,
2013090400100627,2013년 9월 4일 23시,수요일,충청남도 서산시 동문동,경상사고,0,0,2,1,차대차 - 측면직각충돌,직진우회전진행방해,건조,맑음,교차로 - 교차로안,이륜,남,16세,부상신고,승용,남,41세,경상