사고번호,사고일시,요일,시군구,사고내용,사망자수,중상자수,경상자수,부상신고자수,사고유형,법규위반,노면상태,기상상태,도로형태,가해운전자 차종,가해운전자 성별,가해운전자 연령,가해운전자 상해정도,피해운전자 차종,피해운전자 성별,피해운전자 연령,피해운전자 상해정도
2013090500100077,2013년 9월 5일 06시,목요일,충청남도 공주시 옥룡동,중상사고,0,1,0,0,차대사람 - 횡단중,안전운전불이행,건조,흐림,교차로 - 교차로안,화물,여,29세,상해없음,보행자,여,51세,중상
2013090500100108,2013년 9월 5일 07시,목요일,충청남도 보령시 청소면,경상사고,0,0,1,0,차대차 - 기타,신호위반,건조,맑음,교차로 - 교차로안,화물,남,61세,상해없음,화물,남,38세,경상
2013090500100186,2013년 9월 5일 10시,목요일,충청남도 아산시 탕정면,경상사고,0,0,1,0,차대차 - 기타,안전운전불이행,건조,맑음,교차로 - 교차로안,승용,남,51세,상해없음,승용,여,26세,경상
2013090500100187,2013년 9월 5일 10시,목요일,충청남도 서천군 서천읍,중상사고,0,1,0,0,차대차 - 측면직각충돌,직진우회전진행방해,건조,맑음,교차로 - 교차로안,승용,남,66세,상해없음,원동기,남,71세,중상
2013090500100211,2013년 9월 5일 11시,목요일,충청남도 논산시 광석면,경상사고,0,0,3,0,차대차 - 측면직각충돌,신호위반,건조,맑음,교차로 - 교차로안,승합,남,50세,상해없음,승용,남,76세,경상
2013090500100232,2013년 9월 5일 12시,목요일,충청남도 청양군 청양읍,경상사고,0,0,1,0,차대차 - 기타,안전운전불이행,건조,맑음,교차로 - 교차로안,화물,남,33세,상해없음,화물,남,51세,경상
2013090500100254,2013년 9월 5일 13시,목요일,충청남도 서산시 부석면,부상신고사고,0,0,0,1,차대차 - 측면직각충돌,교차로운행방법위반,건조,맑음,교차로 - 교차로안,화물,남,65세,부상신고,화물,남,48세,상해없음
2013090500100255,2013년 9월 5일 13시,목요일,충청남도 부여군 부여읍,중상사고,0,1,0,0,차대사람 - 기타,안전운전불이행,건조,맑음,기타 - 기타,승용,남,77세,상해없음,보행자,여,76세,중상
2013090500100256,2013년 9월 5일 13시,목요일,충청남도 당진시 대덕리,경상사고,0,0,1,0,차대차 - 기타,안전운전불이행,건조,맑음,교차로 - 교차로부근,승용,남,50세,상해없음,승용,여,46세,상해없음
2013090500100283,2013년 9월 5일 14시,목요일,충청남도 아산시 염치읍,경상사고,0,0,2,0,차대차 - 기타,중앙선침범,건조,맑음,기타 - 기타,승용,남,50세,상해없음,승용,여,45세,경상
2013090500100284,2013년 9월 5일 14시,목요일,충청남도 금산군 남이면,중상사고,0,7,8,0,차량단독 - 전도전복,안전운전불이행,건조,맑음,단일로 - 기타,승합,남,55세,경상,,,,
2013090500100444,2013년 9월 5일 19시,목요일,충청남도 천안시 서북구 쌍용동,경상사고,0,0,1,0,차대사람 - 보도통행중,보행자보호의무위반,건조,맑음,교차로 - 교차로부근,승용,남,36세,상해없음,보행자,여,20세,경상
2013090500100445,2013년 9월 5일 19시,목요일,충청남도 천안시 서북구 백석동,중상사고,0,1,0,0,차대사람 - 횡단중,안전운전불이행,건조,맑음,교차로 - 교차로안,승용,남,45세,상해없음,보행자,여,29세,중상
2013090500100446,2013년 9월 5일 19시,목요일,충청남도 청양군 청양읍,중상사고,0,1,0,0,차대차 - 기타,직진우회전진행방해,건조,맑음,교차로 - 교차로안,승용,남,48세,상해없음,이륜,남,25세,중상
2013090500100516,2013년 9월 5일 21시,목요일,충청남도 논산시 연무읍,중상사고,0,1,2,0,차대차 - 측면직각충돌,교차로운행방법위반,건조,맑음,교차로 - 교차로부근,승용,여,23세,경상,승용,남,35세,중상
2013090500100517,2013년 9월 5일 21시,목요일,충청남도 천안시 동남구 신방동,중상사고,0,1,0,0,차대차 - 기타,신호위반,건조,맑음,교차로 - 교차로안,이륜,남,22세,중상,이륜,남,47세,상해없음
2013090500100568,2013년 9월 5일 23시,목요일,충청남도 보령시 신흑동,경상사고,0,0,1,0,차대사람 - 기타,안전운전불이행,건조,맑음,단일로 - 기타,승용,남,50세,상해없음,보행자,여,47세,경상
2013090600100035,2013년 9월 6일 02시,금요일,충청남도 서산시 읍내동,경상사고,0,0,2,0,차대사람 - 기타,안전운전불이행,건조,맑음,교차로 - 교차로안,화물,남,36세,상해없음,보행자,남,21세,경상
2013090600100044,2013년 9월 6일 03시,금요일,충청남도 천안시 서북구 성거읍,경상사고,0,0,1,0,차대차 - 기타,안전운전불이행,건조,맑음,단일로 - 기타,승용,남,34세,상해없음,화물,남,65세,경상
2013090600100078,2013년 9월 6일 06시,금요일,충청남도 예산군 광시면,경상사고,0,0,1,0,차대차 - 기타,중앙선침범,건조,맑음,단일로 - 기타,화물,남,59세,상해없음,승용,여,48세,경상
2013090600100092,2013년 9월 6일 07시,금요일,충청남도 당진시 합덕읍,중상사고,0,1,0,0,차대차 - 측면직각충돌,교차로운행방법위반,건조,맑음,교차로 - 교차로안,건설기계,남,40세,상해없음,화물,여,45세,중상
2013090600100132,2013년 9월 6일 08시,금요일,충청남도 천안시 서북구 성정동,경상사고,0,0,1,0,차대차 - 기타,안전운전불이행,건조,맑음,기타 - 기타,승용,남,28세,상해없음,승용,여,29세,경상
2013090600100133,2013년 9월 6일 08시,금요일,충청남도 청양군 화성면,중상사고,0,1,0,0,차대차 - 추돌 - 진행중,기타,건조,맑음,교차로 - 교차로안,화물,남,27세,상해없음,이륜,남,45세,중상
2013090600100196,2013년 9월 6일 10시,금요일,충청남도 논산시 부창동,사망사고,1,0,0,0,차대차 - 기타,안전운전불이행,건조,맑음,단일로 - 기타,이륜,남,85세,사망,승합,남,46세,상해없음
2013090600100197,2013년 9월 6일 10시,금요일,충청남도 당진시 고대면,중상사고,0,1,0,0,차대차 - 기타,안전운전불이행,건조,맑음,기타 - 기타,화물,남,71세,상해없음,화물,남,47세,상해없음
2013090600100231,2013년 9월 6일 11시,금요일,충청남도 서산시 성연면,중상사고,0,2,0,0,차대차 - 측면직각충돌,교차로운행방법위반,건조,맑음,교차로 - 교차로안,화물,남,46세,중상,승용,여,50세,중상
2013090600100232,2013년 9월 6일 11시,금요일,충청남도 서천군 서천읍,중상사고,0,1,0,0,차대사람 - 보도통행중,안전운전불이행,건조,맑음,기타 - 기타,승용,여,56세,상해없음,보행자,남,76세,중상
2013090600100233,2013년 9월 6일 11시,금요일,충청남도 보령시 명천동,중상사고,0,1,0,0,차대차 - 측면직각충돌,차로위반,건조,흐림,단일로 - 기타,승용,여,48세,상해없음,승용,남,41세,중상
2013090600100282,2013년 9월 6일 13시,금요일,충청남도 천안시 동남구 신방동,경상사고,0,0,1,0,차대차 - 측면직각충돌,신호위반,건조,흐림,교차로 - 교차로안,승용,남,26세,상해없음,화물,남,32세,경상
2013090600100323,2013년 9월 6일 14시,금요일,충청남도 천안시 서북구 성환읍,중상사고,0,1,0,0,차대차 - 정면충돌,안전운전불이행,건조,맑음,단일로 - 기타,원동기,남,75세,중상,화물,남,46세,상해없음
2013090600100367,2013년 9월 6일 15시,금요일,충청남도 아산시 송악면,중상사고,0,2,0,0,차대차 - 정면충돌,중앙선침범,습기,비,단일로 - 기타,승용,남,51세,중상,화물,남,47세,상해없음
2013090600100397,2013년 9월 6일 16시,금요일,충청남도 서천군 서천읍,경상사고,0,0,1,0,차대차 - 측면직각충돌,직진우회전진행방해,건조,맑음,교차로 - 교차로안,화물,남,30세,상해없음,승용,여,38세,경상
2013090600100471,2013년 9월 6일 18시,금요일,충청남도 천안시 서북구 성정동,경상사고,0,0,2,0,차대차 - 추돌 - 주정차중,안전운전불이행,건조,맑음,단일로 - 기타,승용,남,41세,상해없음,승용,남,26세,경상
2013090600100472,2013년 9월 6일 18시,금요일,충청남도 당진시 우강면,경상사고,0,0,1,0,차대차 - 기타,안전운전불이행,건조,흐림,기타 - 기타,승용,남,41세,기타불명,승용,여,46세,경상
2013090600100514,2013년 9월 6일 19시,금요일,충청남도 아산시 모종동,경상사고,0,0,2,0,차대차 - 추돌 - 주정차중,안전운전불이행,건조,맑음,단일로 - 기타,승용,남,46세,상해없음,승용,여,56세,경상
2013090600100516,2013년 9월 6일 19시,금요일,충청남도 천안시 동남구 원성동,중상사고,0,1,0,0,차대차 - 정면충돌,중앙선침범,건조,맑음,단일로 - 기타,기타불명,기타불명,기타불명,기타불명,원동기,남,30세,중상
2013090600100571,2013년 9월 6일 20시,금요일,충청남도 공주시 의당면,경상사고,0,0,1,0,차대차 - 기타,안전운전불이행,습기,흐림,단일로 - 기타,화물,남,59세,기타불명,승용,남,25세,경상
2013090600100572,2013년 9월 6일 20시,금요일,충청남도 당진시 신평면,중상사고,0,1,0,0,차대차 - 측면직각충돌,중앙선침범,건조,맑음,단일로 - 기타,승용,남,41세,상해없음,원동기,남,19세,중상
2013090600100613,2013년 9월 6일 21시,금요일,충청남도 당진시 원당리,경상사고,0,0,1,0,차대차 - 기타,중앙선침범,습기,비,교차로 - 교차로안,승용,남,54세,상해없음,승용,여,34세,경상
2013090600100653,2013년 9월 6일 22시,금요일,충청남도 천안시 서북구 불당동,부상신고사고,0,0,0,1,차대차 - 측면직각충돌,안전운전불이행,건조,맑음,교차로 - 교차로안,승용,남,45세,상해없음,승용,남,53세,부상신고
2013090700100008,2013년 9월 7일 00시,토요일,충청남도 천안시 서북구 두정동,경상사고,0,0,1,0,차대사람 - 기타,안전운전불이행,건조,맑음,단일로 - 기타,승용,남,26세,상해없음,보행자,남,19세,경상
2013090700100009,2013년 9월 7일 00시,토요일,충청남도 계룡시 엄사면,경상사고,0,0,3,0,차대차 - 기타,안전운전불이행,습기,비,단일로 - 기타,승용,남,39세,상해없음,승용,남,32세,경상
2013090700100010,2013년 9월 7일 00시,토요일,충청남도 서천군 서천읍,중상사고,0,1,0,0,차대차 - 측면직각충돌,직진우회전진행방해,습기,비,교차로 - 교차로안,승합,남,49세,상해없음,원동기,남,16세,중상
2013090700100086,2013년 9월 7일 04시,토요일,충청남도 홍성군 홍성읍,사망사고,1,0,0,0,차량단독 - 공작물충돌,안전운전불이행,건조,맑음,교차로 - 교차로부근,승용,남,39세,상해없음,,,,
2013090700100101,2013년 9월 7일 05시,토요일,충청남도 천안시 동남구 봉명동,중상사고,0,1,0,0,차대사람 - 기타,안전운전불이행,건조,맑음,단일로 - 기타,승용,남,21세,상해없음,보행자,남,63세,중상
2013090700100117,2013년 9월 7일 06시,토요일,충청남도 천안시 동남구 원성동,사망사고,1,0,0,0,차대차 - 추돌 - 주정차중,안전운전불이행,건조,맑음,단일로 - 기타,이륜,남,44세,사망,승합,남,47세,기타불명
2013090700100131,2013년 9월 7일 07시,토요일,충청남도 천안시 서북구 성환읍,중상사고,0,1,0,0,차대차 - 기타,신호위반,건조,맑음,교차로 - 교차로안,화물,남,34세,상해없음,이륜,남,45세,중상
2013090700100170,2013년 9월 7일 09시,토요일,충청남도 홍성군 갈산면,경상사고,0,0,1,0,차대사람 - 기타,안전운전불이행,건조,맑음,단일로 - 기타,이륜,여,50세,상해없음,보행자,여,76세,경상
2013090700100171,2013년 9월 7일 09시,토요일,충청남도 아산시 방축동,경상사고,0,0,2,0,차대차 - 추돌 - 주정차중,안전운전불이행,건조,맑음,교차로 - 교차로부근,승용,남,32세,상해없음,승용,남,35세,경상
2013090700100199,2013년 9월 7일 10시,토요일,충청남도 홍성군 홍성읍,중상사고,0,1,0,0,차대사람 - 기타,안전운전불이행,건조,맑음,단일로 - 기타,승용,여,51세,상해없음,보행자,여,78세,중상
2013090700100233,2013년 9월 7일 11시,토요일,충청남도 천안시 서북구 직산읍,중상사고,0,1,0,1,차대차 - 추돌 - 진행중,안전운전불이행,건조,맑음,단일로 - 교량,승용,남,45세,상해없음,승용,남,36세,부상신고
2013090700100234,2013년 9월 7일 11시,토요일,충청남도 천안시 서북구 성거읍,중상사고,0,3,6,0,차대차 - 추돌 - 진행중,안전운전불이행,건조,맑음,단일로 - 기타,승용,여,48세,상해없음,승용,남,34세,경상
2013090700100267,2013년 9월 7일 12시,토요일,충청남도 당진시 석문면,경상사고,0,0,1,0,차대사람 - 횡단중,안전운전불이행,건조,맑음,단일로 - 기타,승용,남,33세,상해없음,보행자,남,7세,경상
2013090700100311,2013년 9월 7일 13시,토요일,충청남도 서산시 동문동,경상사고,0,0,1,0,차대사람 - 횡단중,안전운전불이행,건조,맑음,단일로 - 기타,이륜,남,63세,상해없음,보행자,남,10세,경상
2013090700100312,2013년 9월 7일 13시,토요일,충청남도 천안시 서북구 직산읍,경상사고,0,0,3,0,차대차 - 추돌 - 주정차중,안전운전불이행,건조,맑음,교차로 - 교차로안,승용,여,32세,상해없음,승용,여,34세,경상
2013090700100313,2013년 9월 7일 13시,토요일,충청남도 천안시 동남구 봉명동,경상사고,0,0,1,0,차대차 - 기타,안전운전불이행,건조,맑음,단일로 - 기타,자전거,남,74세,경상,승용,여,32세,상해없음
2013090700100385,2013년 9월 7일 15시,토요일,충청남도 공주시 검상동,경상사고,0,0,1,0,차대차 - 추돌 - 진행중,안전거리미확보,건조,맑음,단일로 - 터널,승용,남,23세,상해없음,승용,남,60세,경상
2013090700100387,2013년 9월 7일 15시,토요일,충청남도 당진시 송악읍,중상사고,0,1,9,0,차대차 - 추돌 - 진행중,안전운전불이행,건조,맑음,단일로 - 기타,승용,남,48세,경상,승용,남,33세,경상
2013090700100424,2013년 9월 7일 16시,토요일,충청남도 천안시 서북구 성정동,중상사고,0,1,1,0,차대차 - 기타,안전운전불이행,건조,맑음,교차로 - 교차로부근,이륜,남,56세,경상,자전거,여,50세,중상
2013090700100460,2013년 9월 7일 17시,토요일,충청남도 계룡시 두마면,경상사고,0,0,1,0,차대차 - 기타,안전운전불이행,건조,맑음,단일로 - 기타,이륜,남,46세,상해없음,자전거,남,36세,경상
2013090700100461,2013년 9월 7일 17시,토요일,충청남도 보령시 명천동,중상사고,0,1,0,0,차대차 - 측면직각충돌,안전거리미확보,건조,맑음,교차로 - 교차로안,승합,남,25세,상해없음,이륜,남,26세,중상
2013090700100497,2013년 9월 7일 18시,토요일,충청남도 홍성군 홍성읍,경상사고,0,0,2,0,차대차 - 추돌 - 주정차중,안전거리미확보,건조,맑음,교차로 - 교차로부근,화물,남,57세,상해없음,승용,남,30세,경상
2013090700100528,2013년 9월 7일 19시,토요일,충청남도 서산시 수석동,중상사고,0,1,0,0,차대차 - 추돌 - 진행중,안전운전불이행,건조,맑음,단일로 - 기타,이륜,남,44세,중상,승용,남,60세,상해없음
2013090700100529,2013년 9월 7일 19시,토요일,충청남도 홍성군 광천읍,중상사고,0,1,0,0,차대사람 - 기타,보행자보호의무위반,건조,맑음,단일로 - 기타,승용,남,61세,상해없음,보행자,남,48세,중상
2013090700100602,2013년 9월 7일 21시,토요일,충청남도 당진시 신평면,경상사고,0,0,4,0,차대차 - 기타,안전운전불이행,건조,맑음,교차로 - 교차로안,승용,여,31세,상해없음,승용,남,42세,경상
2013090700100628,2013년 9월 7일 22시,토요일,충청남도 천안시 서북구 쌍용동,경상사고,0,0,2,0,차대차 - 측면직각충돌,신호위반,건조,맑음,교차로 - 교차로안,승용,여,23세,상해없음,승용,남,51세,경상
2013090700100629,2013년 9월 7일 22시,토요일,충청남도 논산시 강산동,중상사고,0,1,0,0,차대사람 - 기타,안전운전불이행,건조,맑음,단일로 - 기타,승용,여,33세,상해없음,보행자,남,59세,중상
2013090700100630,2013년 9월 7일 22시,토요일,충청남도 금산군 금산읍,경상사고,0,0,2,0,차대차 - 기타,교차로운행방법위반,건조,맑음,교차로 - 교차로안,승용,남,22세,상해없음,승용,남,47세,경상
2013090800100014,2013년 9월 8일 00시,일요일,충청남도 서산시 동문동,경상사고,0,0,1,0,차대차 - 측면직각충돌,기타,건조,맑음,교차로 - 교차로안,이륜,남,31세,경상,이륜,남,18세,상해없음
2013090800100015,2013년 9월 8일 00시,일요일,충청남도 논산시 내동,경상사고,0,0,1,0,차대차 - 측면직각충돌,중앙선침범,건조,맑음,단일로 - 기타,승용,남,20세,상해없음,승용,남,44세,경상
2013090800100016,2013년 9월 8일 00시,일요일,충청남도 청양군 대치면,중상사고,0,3,0,0,차대차 - 기타,중앙선침범,건조,맑음,단일로 - 기타,승용,남,48세,상해없음,승용,남,45세,중상
2013090800100050,2013년 9월 8일 02시,일요일,충청남도 공주시 신관동,경상사고,0,0,1,0,차대차 - 기타,안전운전불이행,건조,맑음,교차로 - 교차로안,승용,남,32세,상해없음,승용,남,30세,경상
2013090800100084,2013년 9월 8일 04시,일요일,충청남도 천안시 서북구 성정동,중상사고,0,2,3,0,차대차 - 측면직각충돌,신호위반,건조,맑음,교차로 - 교차로안,승합,남,39세,상해없음,승용,남,47세,중상
2013090800100095,2013년 9월 8일 05시,일요일,충청남도 천안시 서북구 두정동,경상사고,0,0,1,0,차대차 - 측면직각충돌,안전운전불이행,건조,맑음,교차로 - 교차로부근,승용,남,26세,상해없음,승용,남,55세,경상
2013090800100111,2013년 9월 8일 06시,일요일,충청남도 천안시 동남구 신부동,경상사고,0,0,1,0,차량단독 - 전도전복,안전운전불이행,건조,맑음,미분류 - 미분류,승용,남,25세,상해없음,,,,
2013090800100123,2013년 9월 8일 07시,일요일,충청남도 아산시 온천동,경상사고,0,0,1,0,차대차 - 기타,안전거리미확보,건조,맑음,단일로 - 기타,승용,남,77세,상해없음,승용,남,33세,경상
2013090800100163,2013년 9월 8일 09시,일요일,충청남도 천안시 동남구 원성동,중상사고,0,1,0,1,차대차 - 추돌 - 주정차중,신호위반,건조,맑음,교차로 - 교차로안,화물,남,54세,상해없음,이륜,남,35세,중상
2013090800100186,2013년 9월 8일 10시,일요일,충청남도 당진시 읍내리,경상사고,0,0,1,0,차대사람 - 횡단중,안전운전불이행,건조,맑음,단일로 - 기타,화물,남,61세,상해없음,보행자,여,7세,경상
2013090800100187,2013년 9월 8일 10시,일요일,충청남도 천안시 동남구 신부동,경상사고,0,0,2,0,차대차 - 추돌 - 주정차중,안전운전불이행,건조,맑음,기타 - 기타,승용,남,49세,상해없음,승용,여,47세,기타불명
2013090800100222,2013년 9월 8일 12시,일요일,충청남도 아산시 신창면,경상사고,0,0,1,0,차대차 - 측면직각충돌,안전운전불이행,건조,맑음,교차로 - 교차로안,승용,남,63세,상해없음,이륜,남,50세,경상
2013090800100249,2013년 9월 8일 13시,일요일,충청남도 당진시 신평면,중상사고,0,1,0,0,차대사람 - 횡단중,안전운전불이행,건조,맑음,단일로 - 기타,승용,남,35세,상해없음,보행자,남,5세,중상
2013090800100250,2013년 9월 8일 13시,일요일,충청남도 천안시 동남구 원성동,중상사고,0,1,0,0,차대사람 - 횡단중,안전운전불이행,건조,맑음,교차로 - 교차로부근,승용,남,36세,상해없음,보행자,남,8세,중상
2013090800100276,2013년 9월 8일 14시,일요일,충청남도 당진시 원당리,경상사고,0,0,2,0,차대차 - 추돌 - 진행중,안전거리미확보,건조,맑음,단일로 - 기타,승용,남,24세,경상,승용,남,50세,경상
2013090800100336,2013년 9월 8일 16시,일요일,충청남도 서천군 종천면,중상사고,0,1,0,0,차대차 - 추돌 - 진행중,안전거리미확보,건조,맑음,단일로 - 기타,화물,남,58세,상해없음,승용,여,50세,중상
2013090800100337,2013년 9월 8일 16시,일요일,충청남도 부여군 양화면,중상사고,0,1,0,0,차량단독 - 공작물충돌,안전운전불이행,건조,맑음,단일로 - 교량,승합,남,43세,상해없음,,,,
2013090800100367,2013년 9월 8일 17시,일요일,충청남도 천안시 서북구 신당동,경상사고,0,0,1,0,차대차 - 기타,안전운전불이행,건조,맑음,단일로 - 기타,승합,남,53세,상해없음,승용,여,46세,경상
2013090800100368,2013년 9월 8일 17시,일요일,충청남도 공주시 신기동,중상사고,0,1,0,0,차대차 - 기타,과속,건조,맑음,단일로 - 기타,화물,남,32세,중상,승합,남,46세,상해없음
2013090800100369,2013년 9월 8일 17시,일요일,충청남도 당진시 신평면,중상사고,0,1,6,0,차대차 - 추돌 - 진행중,안전운전불이행,건조,맑음,단일로 - 기타,승용,남,36세,상해없음,승용,남,49세,경상
2013090800100431,2013년 9월 8일 19시,일요일,충청남도 예산군 광시면,중상사고,0,2,2,0,차대차 - 추돌 - 진행중,안전운전불이행,건조,흐림,단일로 - 기타,화물,남,72세,경상,농기계,남,76세,중상
2013090800100472,2013년 9월 8일 20시,일요일,충청남도 서산시 동문동,중상사고,0,1,0,0,차대차 - 측면직각충돌,교차로운행방법위반,건조,맑음,교차로 - 교차로안,승용,남,65세,상해없음,원동기,남,17세,중상
2013090800100473,2013년 9월 8일 20시,일요일,충청남도 천안시 동남구 다가동,경상사고,0,0,3,0,차대차 - 추돌 - 주정차중,안전운전불이행,건조,맑음,단일로 - 기타,승용,남,30세,상해없음,승용,남,35세,경상
2013090800100541,2013년 9월 8일 23시,일요일,충청남도 서산시 운산면,경상사고,0,0,1,0,차대차 - 추돌 - 진행중,안전운전불이행,건조,맑음,단일로 - 기타,승용,남,42세,상해없음,승합,남,43세,경상
2013090900100031,2013년 9월 9일 03시,월요일,충청남도 천안시 동남구 신방동,중상사고,0,3,0,0,차대차 - 추돌 - 주정차중,신호위반,건조,맑음,교차로 - 교차로안,승용,남,52세,상해없음,승용,남,47세,중상
2013090900100106,2013년 9월 9일 08시,월요일,충청남도 천안시 서북구 쌍용동,중상사고,0,2,0,0,차대차 - 기타,기타,건조,맑음,단일로 - 기타,건설기계,남,53세,상해없음,이륜,남,23세,중상
2013090900100129,2013년 9월 9일 09시,월요일,충청남도 태안군 원북면,중상사고,0,1,0,0,차대차 - 정면충돌,중앙선침범,건조,맑음,단일로 - 기타,화물,남,70세,상해없음,승용,여,50세,중상
2013090900100166,2013년 9월 9일 10시,월요일,충청남도 논산시 지산동,중상사고,0,1,0,0,차대차 - 측면직각충돌,안전운전불이행,건조,맑음,단일로 - 기타,승용,남,67세,상해없음,이륜,남,74세,중상
2013090900100210,2013년 9월 9일 12시,월요일,충청남도 천안시 동남구 원성동,중상사고,0,1,0,0,차대차 - 기타,안전운전불이행,건조,맑음,교차로 - 교차로안,승용,남,53세,상해없음,자전거,남,66세,중상
2013090900100240,2013년 9월 9일 13시,월요일,충청남도 보령시 궁촌동,경상사고,0,0,1,0,차대차 - 측면직각충돌,신호위반,건조,맑음,교차로 - 교차로안,승용,여,43세,상해없음,승용,여,48세,경상
2013090900100340,2013년 9월 9일 16시,월요일,충청남도 부여군 부여읍,중상사고,0,5,0,0,차대차 - 추돌 - 진행중,안전운전불이행,건조,맑음,교차로 - 교차로부근,화물,남,56세,상해없음,승용,남,75세,중상
2013090900100409,2013년 9월 9일 18시,월요일,충청남도 아산시 온천동,중상사고,0,1,0,0,차대사람 - 기타,안전운전불이행,건조,맑음,기타 - 기타,화물,남,26세,상해없음,보행자,남,15세,중상
2013090900100410,2013년 9월 9일 18시,월요일,충청남도 아산시 권곡동,경상사고,0,0,1,0,차대차 - 기타,안전운전불이행,건조,맑음,교차로 - 교차로부근,승용,남,63세,상해없음,승용,여,55세,경상
2013090900100439,2013년 9월 9일 19시,월요일,충청남도 논산시 취암동,중상사고,0,2,0,0,차대차 - 추돌 - 주정차중,안전운전불이행,건조,맑음,단일로 - 기타,승용,남,70세,상해없음,승용,남,44세,중상
2013090900100441,2013년 9월 9일 19시,월요일,충청남도 예산군 예산읍,경상사고,0,0,2,0,차대차 - 추돌 - 주정차중,안전운전불이행,건조,맑음,단일로 - 기타,승용,남,38세,상해없음,승용,남,47세,경상
2013090900100442,2013년 9월 9일 19시,월요일,충청남도 금산군 금산읍,경상사고,0,0,1,0,차대사람 - 기타,안전운전불이행,건조,맑음,교차로 - 교차로부근,승용,남,32세,상해없음,보행자,남,52세,경상
2013090900100443,2013년 9월 9일 19시,월요일,충청남도 천안시 동남구 신부동,경상사고,0,0,1,0,차대사람 - 차도통행중,안전운전불이행,건조,맑음,단일로 - 기타,승용,여,23세,상해없음,보행자,남,34세,경상
2013090900100511,2013년 9월 9일 21시,월요일,충청남도 서산시 잠홍동,경상사고,0,0,3,0,차대차 - 추돌 - 진행중,안전운전불이행,건조,맑음,교차로 - 교차로부근,승용,남,42세,상해없음,승용,남,27세,경상
2013090900100512,2013년 9월 9일 21시,월요일,충청남도 당진시 신평면,중상사고,0,1,6,0,차대차 - 측면직각충돌,교차로운행방법위반,건조,맑음,교차로 - 교차로안,화물,남,41세,상해없음,승합,남,47세,경상
2013091000100016,2013년 9월 10일 00시,화요일,충청남도 공주시 신관동,경상사고,0,0,7,0,차대차 - 측면직각충돌,신호위반,건조,맑음,교차로 - 교차로안,승용,남,52세,상해없음,승용,남,52세,경상
2013091000100033,2013년 9월 10일 01시,화요일,충청남도 천안시 서북구 성정동,중상사고,0,1,0,0,차대차 - 기타,안전운전불이행,건조,맑음,교차로 - 교차로부근,승용,남,42세,상해없음,이륜,남,24세,중상
2013091000100034,2013년 9월 10일 01시,화요일,충청남도 보령시 동대동,경상사고,0,0,1,0,차대차 - 추돌 - 주정차중,안전운전불이행,건조,맑음,교차로 - 교차로부근,승용,남,27세,경상,승합,남,42세,기타불명
2013091000100099,2013년 9월 10일 07시,화요일,충청남도 예산군 덕산면,부상신고사고,0,0,0,1,차대차 - 기타,안전운전불이행,건조,맑음,단일로 - 기타,자전거,남,66세,부상신고,승용,남,25세,상해없음
2013091000100100,2013년 9월 10일 07시,화요일,충청남도 금산군 군북면,경상사고,0,0,1,0,차대차 - 기타,교차로운행방법위반,건조,맑음,교차로 - 교차로안,승용,남,45세,상해없음,자전거,남,9세,경상
2013091000100137,2013년 9월 10일 08시,화요일,충청남도 당진시 합덕읍,경상사고,0,0,1,0,차대차 - 기타,기타,건조,맑음,교차로 - 교차로안,승용,남,25세,상해없음,승용,남,30세,경상
2013091000100138,2013년 9월 10일 08시,화요일,충청남도 청양군 청남면,중상사고,0,2,0,0,차대차 - 기타,직진우회전진행방해,건조,맑음,교차로 - 교차로안,화물,남,47세,중상,승용,여,50세,중상
2013091000100164,2013년 9월 10일 09시,화요일,충청남도 천안시 서북구 입장면,중상사고,0,1,0,0,차대차 - 기타,안전운전불이행,습기,비,단일로 - 기타,승용,남,49세,상해없음,자전거,여,59세,중상
2013091000100165,2013년 9월 10일 09시,화요일,충청남도 서천군 서천읍,경상사고,0,0,1,0,차대차 - 측면직각충돌,직진우회전진행방해,건조,맑음,교차로 - 교차로안,화물,남,69세,상해없음,승용,여,55세,경상
2013091000100209,2013년 9월 10일 11시,화요일,충청남도 논산시 강경읍,중상사고,0,1,1,0,차대차 - 측면직각충돌,교차로운행방법위반,건조,맑음,교차로 - 교차로안,건설기계,남,51세,경상,화물,여,51세,중상
2013091000100337,2013년 9월 10일 16시,화요일,충청남도 홍성군 구항면,중상사고,0,1,0,0,차대차 - 측면직각충돌,교차로운행방법위반,습기,비,교차로 - 교차로안,농기계,남,63세,중상,화물,남,43세,상해없음
2013091000100367,2013년 9월 10일 17시,화요일,충청남도 논산시 대교동,중상사고,0,1,6,0,차대차 - 추돌 - 진행중,안전운전불이행,습기,비,단일로 - 교량,승합,남,69세,상해없음,화물,남,31세,경상
2013091000100425,2013년 9월 10일 18시,화요일,충청남도 홍성군 홍성읍,중상사고,0,1,1,0,차대차 - 추돌 - 주정차중,안전운전불이행,습기,비,교차로 - 교차로부근,승용,남,57세,상해없음,승용,여,40세,중상
2013091000100468,2013년 9월 10일 19시,화요일,충청남도 아산시 신창면,경상사고,0,0,1,0,차대차 - 추돌 - 주정차중,안전운전불이행,습기,비,교차로 - 교차로부근,화물,남,69세,상해없음,승용,남,28세,경상
2013091000100469,2013년 9월 10일 19시,화요일,충청남도 서천군 서천읍,중상사고,0,1,0,0,차대사람 - 횡단중,보행자보호의무위반,습기,비,단일로 - 횡단보도상,승용,남,56세,상해없음,보행자,남,46세,중상