사고번호,사고일시,요일,시군구,사고내용,사망자수,중상자수,경상자수,부상신고자수,사고유형,법규위반,노면상태,기상상태,도로형태,가해운전자 차종,가해운전자 성별,가해운전자 연령,가해운전자 상해정도,피해운전자 차종,피해운전자 성별,피해운전자 연령,피해운전자 상해정도
2013092100100250,2013년 9월 21일 15시,토요일,충청남도 태안군 남면,경상사고,0,0,2,0,차대차 - 추돌 - 진행중,안전운전불이행,건조,맑음,단일로 - 기타,승용,남,42세,상해없음,승용,남,33세,경상
2013092100100251,2013년 9월 21일 15시,토요일,충청남도 공주시 정안면,경상사고,0,0,1,0,차대차 - 기타,안전운전불이행,건조,맑음,단일로 - 기타,기타불명,기타불명,기타불명,기타불명,승용,남,50세,경상
2013092100100302,2013년 9월 21일 17시,토요일,충청남도 부여군 은산면,중상사고,0,1,0,0,차대사람 - 횡단중,안전운전불이행,건조,맑음,단일로 - 기타,승용,남,30세,상해없음,보행자,여,7세,중상
2013092100100356,2013년 9월 21일 19시,토요일,충청남도 태안군 남면,중상사고,0,1,0,0,차대사람 - 기타,안전운전불이행,건조,맑음,단일로 - 기타,화물,남,46세,상해없음,보행자,남,35세,중상
2013092100100357,2013년 9월 21일 19시,토요일,충청남도 논산시 취암동,중상사고,0,2,1,0,차대차 - 측면직각충돌,기타,건조,맑음,교차로 - 교차로안,이륜,남,16세,상해없음,승용,남,49세,상해없음
2013092100100358,2013년 9월 21일 19시,토요일,충청남도 공주시 봉황동,중상사고,0,1,0,0,차대차 - 측면직각충돌,불법유턴,건조,맑음,교차로 - 교차로안,자전거,여,68세,중상,승용,여,45세,상해없음
2013092100100359,2013년 9월 21일 19시,토요일,충청남도 당진시 읍내리,경상사고,0,0,1,0,차대차 - 측면직각충돌,교차로운행방법위반,건조,맑음,교차로 - 교차로안,승용,남,42세,상해없음,승용,여,58세,경상
2013092100100360,2013년 9월 21일 19시,토요일,충청남도 금산군 군북면,중상사고,0,1,0,0,차대사람 - 기타,안전운전불이행,건조,맑음,단일로 - 기타,화물,남,51세,상해없음,보행자,남,46세,중상
2013092100100450,2013년 9월 21일 22시,토요일,충청남도 아산시 방축동,경상사고,0,0,1,0,차대차 - 기타,안전운전불이행,건조,맑음,기타 - 기타,승용,남,50세,상해없음,승용,여,39세,경상
2013092100100480,2013년 9월 21일 23시,토요일,충청남도 홍성군 금마면,중상사고,0,2,2,0,차대차 - 기타,중앙선침범,건조,맑음,단일로 - 기타,승용,여,32세,중상,승용,남,22세,경상
2013092100100481,2013년 9월 21일 23시,토요일,충청남도 아산시 온천동,중상사고,0,1,0,0,차대사람 - 기타,안전운전불이행,건조,맑음,교차로 - 교차로안,승용,여,43세,상해없음,보행자,남,44세,중상
2013092200100006,2013년 9월 22일 00시,일요일,충청남도 서천군 서면,경상사고,0,0,2,0,차대차 - 기타,안전운전불이행,건조,맑음,단일로 - 기타,승용,남,24세,상해없음,승용,남,37세,경상
2013092200100016,2013년 9월 22일 01시,일요일,충청남도 서천군 장항읍,중상사고,0,1,2,0,차대차 - 측면직각충돌,신호위반,건조,맑음,교차로 - 교차로안,승용,남,34세,경상,승용,여,35세,경상
2013092200100104,2013년 9월 22일 09시,일요일,충청남도 천안시 서북구 두정동,경상사고,0,0,2,0,차대차 - 기타,중앙선침범,건조,맑음,교차로 - 교차로부근,승합,남,30세,상해없음,승합,남,26세,경상
2013092200100105,2013년 9월 22일 09시,일요일,충청남도 천안시 동남구 신부동,중상사고,0,1,0,0,차대차 - 측면직각충돌,기타,건조,맑음,교차로 - 교차로부근,승용,남,53세,기타불명,승용,남,73세,중상
2013092200100157,2013년 9월 22일 12시,일요일,충청남도 천안시 동남구 신부동,부상신고사고,0,0,0,1,차대사람 - 기타,안전운전불이행,건조,맑음,기타 - 기타,승용,남,53세,상해없음,보행자,여,48세,부상신고
2013092200100176,2013년 9월 22일 13시,일요일,충청남도 천안시 서북구 성정동,중상사고,0,1,3,0,차대차 - 측면직각충돌,신호위반,건조,맑음,교차로 - 교차로부근,승용,남,23세,상해없음,승용,남,41세,경상
2013092200100177,2013년 9월 22일 13시,일요일,충청남도 서천군 서천읍,중상사고,0,1,0,0,차대사람 - 횡단중,보행자보호의무위반,건조,맑음,단일로 - 횡단보도상,승용,남,70세,상해없음,보행자,여,85세,중상
2013092200100178,2013년 9월 22일 13시,일요일,충청남도 부여군 외산면,중상사고,0,1,0,0,차대차 - 측면직각충돌,직진우회전진행방해,건조,맑음,교차로 - 교차로안,승용,남,32세,상해없음,승용,여,54세,중상
2013092200100179,2013년 9월 22일 13시,일요일,충청남도 천안시 동남구 원성동,경상사고,0,0,1,0,차대차 - 추돌 - 주정차중,안전거리미확보,건조,맑음,교차로 - 교차로부근,화물,남,66세,기타불명,승용,남,40세,경상
2013092200100248,2013년 9월 22일 16시,일요일,충청남도 천안시 동남구 신부동,경상사고,0,0,2,0,차대차 - 추돌 - 진행중,안전운전불이행,건조,맑음,단일로 - 기타,승용,기타불명,기타불명,기타불명,승용,여,22세,경상
2013092200100292,2013년 9월 22일 18시,일요일,충청남도 서천군 비인면,중상사고,0,2,2,0,차대차 - 측면직각충돌,신호위반,건조,맑음,교차로 - 교차로안,승용,남,73세,상해없음,승용,여,52세,중상
2013092200100346,2013년 9월 22일 20시,일요일,충청남도 논산시 연산면,경상사고,0,0,1,0,차대차 - 추돌 - 진행중,안전운전불이행,건조,맑음,교차로 - 교차로부근,승용,남,30세,상해없음,승용,여,51세,경상
2013092200100347,2013년 9월 22일 20시,일요일,충청남도 예산군 신양면,사망사고,2,2,0,0,차대차 - 정면충돌,중앙선침범,건조,맑음,단일로 - 기타,승용,남,53세,사망,화물,남,58세,사망
2013092200100365,2013년 9월 22일 21시,일요일,충청남도 홍성군 홍성읍,중상사고,0,1,0,0,차대차 - 측면직각충돌,중앙선침범,건조,맑음,단일로 - 기타,승용,남,56세,상해없음,승용,여,46세,중상
2013092200100381,2013년 9월 22일 22시,일요일,충청남도 천안시 서북구 성정동,부상신고사고,0,0,0,1,차대차 - 추돌 - 진행중,안전운전불이행,습기,비,단일로 - 기타,이륜,남,29세,부상신고,승용,남,58세,상해없음
2013092300100056,2013년 9월 23일 06시,월요일,충청남도 천안시 서북구 성정동,경상사고,0,0,1,0,차대차 - 측면직각충돌,교차로운행방법위반,건조,맑음,교차로 - 교차로안,승용,여,65세,기타불명,승용,남,27세,경상
2013092300100082,2013년 9월 23일 07시,월요일,충청남도 서산시 고북면,중상사고,0,1,0,0,차대차 - 기타,안전운전불이행,건조,맑음,교차로 - 교차로부근,승용,남,48세,상해없음,화물,남,56세,상해없음
2013092300100083,2013년 9월 23일 07시,월요일,충청남도 공주시 송선동,중상사고,0,1,0,0,차대차 - 기타,신호위반,건조,맑음,교차로 - 교차로안,화물,남,50세,상해없음,승용,남,40세,중상
2013092300100117,2013년 9월 23일 08시,월요일,충청남도 부여군 내산면,중상사고,0,1,0,0,차대차 - 기타,안전운전불이행,건조,맑음,단일로 - 기타,승용,여,66세,상해없음,원동기,남,75세,중상
2013092300100147,2013년 9월 23일 09시,월요일,충청남도 예산군 덕산면,중상사고,0,2,0,0,차대차 - 추돌 - 진행중,안전거리미확보,건조,맑음,단일로 - 기타,승용,여,47세,상해없음,승용,남,58세,중상
2013092300100174,2013년 9월 23일 10시,월요일,충청남도 서산시 해미면,중상사고,0,1,0,0,차대차 - 측면직각충돌,안전운전불이행,건조,맑음,교차로 - 교차로부근,승용,남,73세,상해없음,승용,여,44세,중상
2013092300100205,2013년 9월 23일 11시,월요일,충청남도 당진시 읍내리,경상사고,0,0,1,0,차대사람 - 횡단중,보행자보호의무위반,건조,맑음,단일로 - 기타,승용,남,64세,상해없음,보행자,여,86세,경상
2013092300100231,2013년 9월 23일 12시,월요일,충청남도 서산시 석림동,경상사고,0,0,1,0,차대차 - 측면직각충돌,직진우회전진행방해,건조,맑음,교차로 - 교차로안,이륜,남,32세,경상,승용,여,41세,상해없음
2013092300100232,2013년 9월 23일 12시,월요일,충청남도 천안시 서북구 성환읍,중상사고,0,1,0,0,차대차 - 기타,안전운전불이행,건조,맑음,단일로 - 기타,화물,남,38세,상해없음,이륜,남,70세,중상
2013092300100259,2013년 9월 23일 13시,월요일,충청남도 서산시 동문동,경상사고,0,0,1,0,차대차 - 측면직각충돌,신호위반,건조,맑음,교차로 - 교차로안,이륜,남,31세,경상,승용,남,52세,상해없음
2013092300100260,2013년 9월 23일 13시,월요일,충청남도 서천군 서천읍,중상사고,0,1,0,1,차대차 - 측면직각충돌,안전운전불이행,건조,맑음,교차로 - 교차로안,원동기,남,79세,중상,승합,남,32세,상해없음
2013092300100261,2013년 9월 23일 13시,월요일,충청남도 천안시 동남구 성황동,중상사고,0,1,0,0,차대사람 - 기타,안전운전불이행,건조,맑음,기타 - 기타,승합,남,43세,상해없음,보행자,여,81세,중상
2013092300100289,2013년 9월 23일 14시,월요일,충청남도 예산군 예산읍,경상사고,0,0,1,0,차대차 - 기타,중앙선침범,건조,맑음,단일로 - 기타,승용,남,62세,경상,화물,남,35세,상해없음
2013092300100312,2013년 9월 23일 15시,월요일,충청남도 공주시 중학동,사망사고,1,0,0,0,차대차 - 측면직각충돌,안전거리미확보,건조,맑음,교차로 - 교차로안,이륜,남,76세,사망,승용,남,43세,상해없음
2013092300100379,2013년 9월 23일 17시,월요일,충청남도 당진시 송산면,중상사고,0,4,0,0,차량단독 - 도로외이탈 - 기타,안전운전불이행,건조,맑음,단일로 - 기타,승용,남,81세,상해없음,,,,
2013092300100451,2013년 9월 23일 19시,월요일,충청남도 서천군 마서면,중상사고,0,1,0,0,차대사람 - 기타,안전운전불이행,건조,맑음,교차로 - 교차로안,승용,남,52세,상해없음,보행자,남,51세,중상
2013092300100452,2013년 9월 23일 19시,월요일,충청남도 공주시 유구읍,중상사고,0,1,0,0,차대차 - 측면직각충돌,안전운전불이행,건조,맑음,교차로 - 교차로안,화물,남,71세,상해없음,승용,남,59세,중상
2013092300100502,2013년 9월 23일 21시,월요일,충청남도 보령시 동대동,경상사고,0,0,1,0,차대사람 - 기타,안전운전불이행,건조,맑음,단일로 - 기타,승용,여,37세,상해없음,보행자,남,22세,경상
2013092300100532,2013년 9월 23일 23시,월요일,충청남도 서천군 마서면,중상사고,0,2,0,0,차대사람 - 길가장자리구역통행중,안전운전불이행,건조,맑음,단일로 - 기타,승용,여,51세,중상,보행자,남,56세,중상
2013092400100008,2013년 9월 24일 00시,화요일,충청남도 논산시 연무읍,경상사고,0,0,1,0,차량단독 - 공작물충돌,안전운전불이행,건조,맑음,교차로 - 교차로안,승용,남,38세,상해없음,,,,
2013092400100017,2013년 9월 24일 01시,화요일,충청남도 천안시 서북구 두정동,경상사고,0,0,1,0,차대차 - 추돌 - 진행중,중앙선침범,건조,맑음,교차로 - 교차로안,승용,남,32세,상해없음,승용,남,28세,경상
2013092400100080,2013년 9월 24일 07시,화요일,충청남도 보령시 대천동,중상사고,0,1,1,0,차대차 - 측면직각충돌,직진우회전진행방해,건조,맑음,교차로 - 교차로안,승용,남,61세,상해없음,승용,남,69세,중상
2013092400100182,2013년 9월 24일 10시,화요일,충청남도 천안시 동남구 풍세면,경상사고,0,0,3,0,차대차 - 기타,교차로운행방법위반,건조,맑음,교차로 - 교차로안,승용,남,50세,경상,승용,여,32세,경상
2013092400100210,2013년 9월 24일 11시,화요일,충청남도 청양군 남양면,사망사고,1,0,0,0,차량단독 - 전도전복,안전운전불이행,습기,비,단일로 - 기타,농기계,남,71세,사망,,,,
2013092400100231,2013년 9월 24일 12시,화요일,충청남도 천안시 서북구 신당동,경상사고,0,0,1,0,차대차 - 기타,안전운전불이행,습기,비,단일로 - 기타,화물,남,33세,상해없음,승용,여,35세,경상
2013092400100232,2013년 9월 24일 12시,화요일,충청남도 논산시 양촌면,중상사고,0,1,0,0,차대사람 - 횡단중,안전운전불이행,습기,비,교차로 - 교차로안,화물,남,38세,상해없음,보행자,여,84세,중상
2013092400100250,2013년 9월 24일 13시,화요일,충청남도 논산시 연산면,사망사고,1,0,0,0,차대차 - 정면충돌,안전운전불이행,습기,비,단일로 - 기타,화물,남,53세,상해없음,원동기,남,85세,사망
2013092400100251,2013년 9월 24일 13시,화요일,충청남도 논산시 연무읍,중상사고,0,1,1,0,차대차 - 추돌 - 진행중,안전운전불이행,건조,맑음,단일로 - 기타,화물,남,34세,상해없음,승용,여,26세,경상
2013092400100273,2013년 9월 24일 14시,화요일,충청남도 예산군 대술면,중상사고,0,1,0,0,차량단독 - 전도전복,안전운전불이행,습기,비,단일로 - 기타,승용,남,53세,기타불명,,,,
2013092400100323,2013년 9월 24일 16시,화요일,충청남도 홍성군 갈산면,경상사고,0,0,2,0,차대차 - 기타,교차로운행방법위반,습기,비,교차로 - 교차로안,화물,남,57세,상해없음,승용,남,56세,경상
2013092400100324,2013년 9월 24일 16시,화요일,충청남도 아산시 온천동,경상사고,0,0,1,0,차대차 - 추돌 - 주정차중,안전운전불이행,습기,흐림,단일로 - 기타,승용,남,32세,상해없음,승용,여,41세,경상
2013092400100352,2013년 9월 24일 17시,화요일,충청남도 금산군 군북면,사망사고,1,0,0,0,차량단독 - 공작물충돌,안전운전불이행,습기,비,단일로 - 기타,화물,남,48세,사망,,,,
2013092400100422,2013년 9월 24일 19시,화요일,충청남도 보령시 명천동,경상사고,0,0,1,0,차대차 - 측면직각충돌,안전운전불이행,습기,비,교차로 - 교차로안,승용,남,45세,상해없음,자전거,남,72세,경상
2013092400100423,2013년 9월 24일 19시,화요일,충청남도 보령시 내항동,중상사고,0,1,2,0,차대차 - 측면직각충돌,신호위반,습기,비,교차로 - 교차로안,승용,여,43세,경상,승용,남,46세,중상
2013092400100424,2013년 9월 24일 19시,화요일,충청남도 공주시 정안면,경상사고,0,0,2,0,차대차 - 추돌 - 주정차중,안전운전불이행,습기,비,단일로 - 기타,화물,남,44세,기타불명,승용,남,53세,경상
2013092400100485,2013년 9월 24일 21시,화요일,충청남도 서산시 읍내동,경상사고,0,0,1,0,차대차 - 추돌 - 주정차중,안전운전불이행,건조,맑음,교차로 - 교차로부근,자전거,남,47세,경상,승용,남,33세,상해없음
2013092400100486,2013년 9월 24일 21시,화요일,충청남도 부여군 은산면,사망사고,1,0,0,0,차대사람 - 길가장자리구역통행중,안전운전불이행,습기,맑음,단일로 - 기타,승용,여,54세,상해없음,보행자,여,61세,사망
2013092400100487,2013년 9월 24일 21시,화요일,충청남도 당진시 읍내리,경상사고,0,0,3,0,차대차 - 기타,신호위반,건조,맑음,교차로 - 교차로안,특수,남,52세,상해없음,승용,남,26세,경상
2013092400100541,2013년 9월 24일 23시,화요일,충청남도 논산시 지산동,경상사고,0,0,2,0,차대차 - 추돌 - 주정차중,안전운전불이행,건조,흐림,단일로 - 기타,승용,남,52세,상해없음,승용,남,38세,경상
2013092500100073,2013년 9월 25일 06시,수요일,충청남도 홍성군 갈산면,중상사고,0,2,0,0,차대차 - 기타,교차로운행방법위반,건조,맑음,교차로 - 교차로안,화물,남,30세,상해없음,화물,남,50세,중상
2013092500100092,2013년 9월 25일 07시,수요일,충청남도 논산시 연무읍,중상사고,0,1,1,0,차대차 - 추돌 - 진행중,차로위반,건조,흐림,교차로 - 교차로부근,화물,남,46세,상해없음,승용,남,34세,경상
2013092500100123,2013년 9월 25일 08시,수요일,충청남도 아산시 남동,경상사고,0,0,2,0,차대차 - 추돌 - 진행중,안전운전불이행,건조,맑음,단일로 - 기타,승용,남,31세,상해없음,승용,여,41세,경상
2013092500100124,2013년 9월 25일 08시,수요일,충청남도 예산군 예산읍,경상사고,0,0,1,0,차대차 - 측면직각충돌,불법유턴,건조,맑음,교차로 - 교차로부근,승용,남,25세,상해없음,승용,여,46세,경상
2013092500100125,2013년 9월 25일 08시,수요일,충청남도 당진시 구룡리,경상사고,0,0,1,0,차대차 - 기타,안전운전불이행,건조,맑음,기타 - 기타,승용,남,33세,상해없음,승용,여,61세,경상
2013092500100196,2013년 9월 25일 10시,수요일,충청남도 서천군 서천읍,경상사고,0,0,1,0,차대차 - 측면직각충돌,직진우회전진행방해,건조,맑음,교차로 - 교차로안,승용,남,44세,상해없음,승용,남,50세,상해없음
2013092500100197,2013년 9월 25일 10시,수요일,충청남도 공주시 정안면,중상사고,0,2,0,0,차량단독 - 기타,안전운전불이행,건조,맑음,단일로 - 기타,이륜,남,80세,중상,,,,
2013092500100273,2013년 9월 25일 13시,수요일,충청남도 아산시 실옥동,중상사고,0,1,0,0,차대사람 - 기타,안전운전불이행,건조,맑음,기타 - 기타,원동기,남,57세,상해없음,보행자,여,56세,중상
2013092500100299,2013년 9월 25일 14시,수요일,충청남도 서산시 대산읍,경상사고,0,0,1,0,차량단독 - 기타,안전운전불이행,건조,맑음,단일로 - 기타,원동기,여,61세,경상,,,,
2013092500100300,2013년 9월 25일 14시,수요일,충청남도 천안시 서북구 성정동,중상사고,0,1,1,0,차대차 - 기타,교차로운행방법위반,건조,맑음,교차로 - 교차로안,승용,남,65세,상해없음,승용,여,39세,중상
2013092500100412,2013년 9월 25일 17시,수요일,충청남도 예산군 예산읍,경상사고,0,0,3,0,차대차 - 기타,안전운전불이행,건조,맑음,교차로 - 교차로안,승용,남,42세,상해없음,승용,남,52세,경상
2013092500100447,2013년 9월 25일 18시,수요일,충청남도 태안군 태안읍,사망사고,1,0,0,0,차대사람 - 횡단중,안전운전불이행,건조,맑음,단일로 - 기타,승용,남,63세,상해없음,보행자,남,72세,사망
2013092500100493,2013년 9월 25일 19시,수요일,충청남도 홍성군 홍성읍,중상사고,0,1,0,0,차대사람 - 기타,안전운전불이행,건조,맑음,교차로 - 교차로부근,승용,남,53세,상해없음,보행자,여,69세,중상
2013092500100537,2013년 9월 25일 20시,수요일,충청남도 서산시 동문동,중상사고,0,1,0,0,차대차 - 기타,안전운전불이행,건조,맑음,교차로 - 교차로안,승용,남,33세,상해없음,이륜,남,16세,중상
2013092500100538,2013년 9월 25일 20시,수요일,충청남도 아산시 온천동,중상사고,0,2,0,0,차대차 - 측면직각충돌,안전운전불이행,건조,맑음,교차로 - 교차로안,승합,여,38세,상해없음,원동기,남,30세,중상
2013092500100592,2013년 9월 25일 22시,수요일,충청남도 공주시 정안면,중상사고,0,1,0,0,차대사람 - 기타,기타,건조,맑음,기타 - 기타,승용,여,37세,상해없음,보행자,남,52세,중상
2013092500100593,2013년 9월 25일 22시,수요일,충청남도 당진시 송악읍,중상사고,0,4,0,0,차대차 - 측면직각충돌,신호위반,건조,맑음,교차로 - 교차로부근,승용,남,32세,중상,승용,남,31세,중상
2013092500100624,2013년 9월 25일 23시,수요일,충청남도 공주시 옥룡동,경상사고,0,0,1,0,차대사람 - 기타,안전운전불이행,건조,맑음,단일로 - 기타,승용,여,54세,상해없음,보행자,남,45세,경상
2013092500100625,2013년 9월 25일 23시,수요일,충청남도 예산군 대흥면,중상사고,0,1,0,0,차량단독 - 공작물충돌,안전운전불이행,건조,흐림,단일로 - 기타,이륜,남,18세,중상,,,,
2013092600100013,2013년 9월 26일 00시,목요일,충청남도 천안시 서북구 성환읍,경상사고,0,0,1,0,차대차 - 기타,안전운전불이행,건조,맑음,단일로 - 기타,승용,기타불명,기타불명,기타불명,승용,남,25세,경상
2013092600100072,2013년 9월 26일 05시,목요일,충청남도 논산시 연무읍,경상사고,0,0,1,0,차량단독 - 공작물충돌,안전운전불이행,건조,맑음,단일로 - 기타,승용,여,33세,경상,,,,
2013092600100073,2013년 9월 26일 05시,목요일,충청남도 아산시 배방읍,중상사고,0,1,0,0,차대사람 - 기타,안전운전불이행,건조,맑음,교차로 - 교차로부근,승용,남,24세,상해없음,보행자,여,66세,중상
2013092600100111,2013년 9월 26일 07시,목요일,충청남도 태안군 남면,중상사고,0,1,0,0,차대차 - 정면충돌,안전운전불이행,건조,맑음,교차로 - 교차로부근,승용,남,69세,상해없음,농기계,남,68세,중상
2013092600100152,2013년 9월 26일 08시,목요일,충청남도 아산시 둔포면,중상사고,0,1,0,0,차대차 - 측면직각충돌,신호위반,건조,맑음,교차로 - 교차로안,화물,남,44세,상해없음,승용,남,34세,중상
2013092600100186,2013년 9월 26일 09시,목요일,충청남도 서산시 고북면,중상사고,0,2,0,0,차대차 - 기타,안전운전불이행,건조,맑음,교차로 - 교차로부근,화물,남,60세,상해없음,승용,여,48세,중상
2013092600100216,2013년 9월 26일 10시,목요일,충청남도 당진시 신평면,경상사고,0,0,1,0,차대차 - 추돌 - 주정차중,안전운전불이행,건조,맑음,단일로 - 기타,승용,여,53세,경상,승용,남,42세,상해없음
2013092600100217,2013년 9월 26일 10시,목요일,충청남도 당진시 읍내리,중상사고,0,1,1,0,차대차 - 측면직각충돌,중앙선침범,건조,맑음,단일로 - 기타,승용,남,66세,상해없음,승합,남,32세,경상
2013092600100242,2013년 9월 26일 11시,목요일,충청남도 계룡시 금암동,중상사고,0,2,1,0,차대차 - 측면직각충돌,교차로운행방법위반,건조,맑음,교차로 - 교차로안,승용,남,46세,중상,승용,여,56세,경상
2013092600100262,2013년 9월 26일 12시,목요일,충청남도 당진시 합덕읍,중상사고,0,1,6,0,차대차 - 측면직각충돌,교차로운행방법위반,건조,맑음,교차로 - 교차로안,승용,여,52세,중상,승용,남,55세,경상
2013092600100286,2013년 9월 26일 13시,목요일,충청남도 서천군 종천면,경상사고,0,0,1,0,차대차 - 측면직각충돌,안전운전불이행,건조,맑음,교차로 - 교차로안,승용,남,30세,상해없음,승용,남,48세,경상
2013092600100287,2013년 9월 26일 13시,목요일,충청남도 당진시 신평면,중상사고,0,1,0,0,차대차 - 측면직각충돌,교차로운행방법위반,건조,맑음,교차로 - 교차로안,이륜,남,73세,중상,승용,남,57세,상해없음
2013092600100438,2013년 9월 26일 17시,목요일,충청남도 서산시 동문동,경상사고,0,0,1,0,차대차 - 추돌 - 진행중,안전운전불이행,건조,맑음,교차로 - 교차로안,승용,남,57세,상해없음,자전거,여,20세,경상
2013092600100439,2013년 9월 26일 17시,목요일,충청남도 금산군 추부면,중상사고,0,1,0,0,차대차 - 기타,기타,건조,맑음,교차로 - 교차로안,이륜,남,23세,중상,승용,여,19세,상해없음
2013092600100517,2013년 9월 26일 19시,목요일,충청남도 서산시 석림동,중상사고,0,1,1,0,차대차 - 측면직각충돌,직진우회전진행방해,건조,맑음,교차로 - 교차로안,승합,남,59세,상해없음,원동기,여,45세,경상
2013092600100518,2013년 9월 26일 19시,목요일,충청남도 서산시 갈산동,중상사고,0,2,2,0,차대차 - 추돌 - 진행중,안전운전불이행,건조,맑음,단일로 - 기타,승용,남,55세,상해없음,승용,남,30세,중상
2013092600100519,2013년 9월 26일 19시,목요일,충청남도 홍성군 홍성읍,중상사고,0,2,1,0,차대차 - 추돌 - 주정차중,안전운전불이행,건조,맑음,교차로 - 교차로부근,승용,여,44세,상해없음,승용,여,37세,경상
2013092600100520,2013년 9월 26일 19시,목요일,충청남도 서천군 마서면,사망사고,1,0,0,0,차대사람 - 횡단중,안전운전불이행,건조,맑음,기타 - 기타,승용,여,45세,상해없음,보행자,남,66세,사망
2013092600100566,2013년 9월 26일 20시,목요일,충청남도 서산시 석림동,중상사고,0,1,1,0,차대차 - 측면직각충돌,안전운전불이행,건조,맑음,교차로 - 교차로안,승용,남,24세,상해없음,원동기,남,32세,중상
2013092600100593,2013년 9월 26일 21시,목요일,충청남도 아산시 좌부동,중상사고,0,1,0,0,차대사람 - 기타,안전운전불이행,건조,맑음,교차로 - 교차로안,화물,남,58세,상해없음,보행자,여,19세,중상
2013092600100620,2013년 9월 26일 22시,목요일,충청남도 논산시 은진면,경상사고,0,0,3,0,차대차 - 기타,안전운전불이행,건조,맑음,단일로 - 기타,승용,남,27세,상해없음,승용,남,24세,경상
2013092600100651,2013년 9월 26일 23시,목요일,충청남도 논산시 취암동,경상사고,0,0,1,0,차대차 - 기타,안전운전불이행,건조,기타,기타 - 기타,승용,남,42세,상해없음,이륜,남,17세,경상
2013092600100652,2013년 9월 26일 23시,목요일,충청남도 아산시 배방읍,경상사고,0,0,1,0,차대차 - 기타,안전운전불이행,건조,맑음,단일로 - 기타,승합,남,18세,상해없음,승합,남,54세,경상
2013092700100045,2013년 9월 27일 03시,금요일,충청남도 서산시 읍내동,경상사고,0,0,1,0,차대차 - 추돌 - 주정차중,안전운전불이행,건조,맑음,교차로 - 교차로안,승용,남,33세,경상,화물,남,37세,상해없음
2013092700100048,2013년 9월 27일 04시,금요일,충청남도 홍성군 홍성읍,경상사고,0,0,2,0,차대차 - 측면직각충돌,교차로운행방법위반,건조,맑음,교차로 - 교차로안,화물,남,49세,경상,승용,남,51세,경상
2013092700100059,2013년 9월 27일 05시,금요일,충청남도 보령시 죽정동,중상사고,0,1,2,0,차대차 - 측면직각충돌,신호위반,건조,맑음,교차로 - 교차로안,승합,여,50세,상해없음,승용,남,55세,경상
2013092700100074,2013년 9월 27일 06시,금요일,충청남도 보령시 남곡동,중상사고,0,2,0,0,차대차 - 정면충돌,중앙선침범,건조,맑음,단일로 - 기타,승용,여,66세,중상,승용,여,44세,중상
2013092700100096,2013년 9월 27일 07시,금요일,충청남도 서천군 종천면,부상신고사고,0,0,0,1,차대차 - 추돌 - 진행중,안전운전불이행,건조,맑음,교차로 - 교차로부근,원동기,여,61세,부상신고,승용,남,46세,상해없음
2013092700100097,2013년 9월 27일 07시,금요일,충청남도 공주시 신관동,중상사고,0,1,0,0,차대사람 - 기타,안전운전불이행,건조,맑음,단일로 - 기타,승용,여,51세,상해없음,보행자,남,76세,중상
2013092700100098,2013년 9월 27일 07시,금요일,충청남도 공주시 신관동,중상사고,0,1,0,0,차대사람 - 기타,안전운전불이행,건조,맑음,단일로 - 기타,승용,남,39세,상해없음,보행자,남,58세,중상
2013092700100144,2013년 9월 27일 08시,금요일,충청남도 아산시 신창면,중상사고,0,1,0,0,차대차 - 측면직각충돌,중앙선침범,건조,맑음,단일로 - 기타,승용,여,39세,상해없음,승용,남,29세,중상
2013092700100178,2013년 9월 27일 09시,금요일,충청남도 청양군 장평면,중상사고,0,1,0,0,차대차 - 기타,교차로운행방법위반,건조,맑음,교차로 - 교차로안,승용,여,54세,상해없음,이륜,여,57세,중상
2013092700100179,2013년 9월 27일 09시,금요일,충청남도 천안시 동남구 구성동,경상사고,0,0,1,0,차대차 - 추돌 - 진행중,차로위반,건조,맑음,기타 - 기타,화물,남,52세,상해없음,승용,여,55세,경상
2013092700100214,2013년 9월 27일 10시,금요일,충청남도 보령시 명천동,사망사고,1,0,1,0,차대차 - 측면직각충돌,직진우회전진행방해,건조,맑음,교차로 - 교차로안,이륜,남,76세,사망,화물,남,48세,경상
2013092700100246,2013년 9월 27일 11시,금요일,충청남도 천안시 서북구 성거읍,중상사고,0,2,1,0,차대사람 - 기타,안전운전불이행,건조,맑음,단일로 - 기타,승용,남,37세,상해없음,보행자,남,80세,중상
2013092700100248,2013년 9월 27일 11시,금요일,충청남도 공주시 정안면,중상사고,0,1,0,0,차대차 - 기타,안전운전불이행,건조,맑음,단일로 - 기타,화물,남,47세,중상,승용,여,46세,상해없음
2013092700100264,2013년 9월 27일 12시,금요일,충청남도 홍성군 광천읍,경상사고,0,0,1,0,차대사람 - 기타,안전운전불이행,건조,맑음,단일로 - 기타,승합,남,50세,상해없음,보행자,여,74세,경상
2013092700100296,2013년 9월 27일 13시,금요일,충청남도 홍성군 갈산면,중상사고,0,1,0,0,차대차 - 기타,교차로운행방법위반,건조,맑음,교차로 - 교차로안,화물,남,61세,상해없음,원동기,남,74세,중상