사고번호,사고일시,요일,시군구,사고내용,사망자수,중상자수,경상자수,부상신고자수,사고유형,법규위반,노면상태,기상상태,도로형태,가해운전자 차종,가해운전자 성별,가해운전자 연령,가해운전자 상해정도,피해운전자 차종,피해운전자 성별,피해운전자 연령,피해운전자 상해정도
2013100700100137,2013년 10월 7일 09시,월요일,충청남도 서천군 서천읍,경상사고,0,0,1,0,차대차 - 측면직각충돌,직진우회전진행방해,건조,맑음,교차로 - 교차로안,승용,남,54세,상해없음,승용,여,38세,경상
2013100700100162,2013년 10월 7일 10시,월요일,충청남도 당진시 합덕읍,중상사고,0,2,0,0,차대차 - 측면직각충돌,교차로운행방법위반,건조,맑음,교차로 - 교차로안,승용,남,66세,중상,승용,남,52세,중상
2013100700100163,2013년 10월 7일 10시,월요일,충청남도 당진시 원당리,경상사고,0,0,2,0,차대차 - 추돌 - 주정차중,안전운전불이행,건조,맑음,교차로 - 교차로부근,화물,남,24세,상해없음,승용,남,48세,경상
2013100700100164,2013년 10월 7일 10시,월요일,충청남도 청양군 목면,사망사고,1,3,0,0,차대차 - 정면충돌,중앙선침범,건조,맑음,단일로 - 기타,승용,여,64세,중상,승용,남,25세,사망
2013100700100165,2013년 10월 7일 10시,월요일,충청남도 예산군 신양면,중상사고,0,1,0,0,차대차 - 추돌 - 진행중,안전운전불이행,건조,맑음,단일로 - 기타,승용,남,20세,상해없음,화물,남,52세,중상
2013100700100195,2013년 10월 7일 11시,월요일,충청남도 보령시 대천동,경상사고,0,0,1,0,차대사람 - 기타,안전운전불이행,건조,맑음,교차로 - 교차로안,승용,남,55세,상해없음,보행자,남,78세,경상
2013100700100305,2013년 10월 7일 15시,월요일,충청남도 예산군 삽교읍,경상사고,0,0,1,0,차대차 - 기타,중앙선침범,건조,맑음,단일로 - 기타,화물,남,42세,상해없음,화물,남,45세,경상
2013100700100306,2013년 10월 7일 15시,월요일,충청남도 부여군 은산면,중상사고,0,1,0,0,차대차 - 기타,안전운전불이행,건조,맑음,단일로 - 기타,승용,여,29세,상해없음,이륜,여,54세,중상
2013100700100362,2013년 10월 7일 17시,월요일,충청남도 서산시 동문동,중상사고,0,1,0,0,차대사람 - 차도통행중,안전운전불이행,건조,맑음,단일로 - 기타,승용,남,53세,상해없음,보행자,여,54세,중상
2013100700100363,2013년 10월 7일 17시,월요일,충청남도 논산시 채운면,중상사고,0,1,0,0,차대사람 - 길가장자리구역통행중,안전운전불이행,건조,맑음,교차로 - 교차로안,화물,여,61세,상해없음,보행자,남,81세,중상
2013100700100364,2013년 10월 7일 17시,월요일,충청남도 당진시 송악읍,중상사고,0,1,1,0,차대차 - 추돌 - 진행중,안전운전불이행,건조,맑음,단일로 - 기타,화물,남,51세,상해없음,승용,남,55세,중상
2013100700100413,2013년 10월 7일 18시,월요일,충청남도 태안군 안면읍,경상사고,0,0,1,0,차대차 - 측면직각충돌,교차로운행방법위반,건조,맑음,교차로 - 교차로안,승용,남,30세,상해없음,이륜,남,69세,경상
2013100700100414,2013년 10월 7일 18시,월요일,충청남도 아산시 탕정면,경상사고,0,0,4,0,차대차 - 추돌 - 진행중,안전운전불이행,건조,맑음,교차로 - 교차로안,승용,남,35세,상해없음,승용,남,28세,경상
2013100700100454,2013년 10월 7일 19시,월요일,충청남도 천안시 서북구 성정동,경상사고,0,0,1,0,차대차 - 기타,안전운전불이행,건조,맑음,단일로 - 기타,승용,남,70세,상해없음,승용,남,52세,경상
2013100700100493,2013년 10월 7일 20시,월요일,충청남도 천안시 서북구 성성동,사망사고,1,0,0,0,차대사람 - 차도통행중,안전운전불이행,건조,맑음,단일로 - 기타,승용,남,45세,상해없음,보행자,남,57세,사망
2013100700100495,2013년 10월 7일 20시,월요일,충청남도 천안시 동남구 신방동,부상신고사고,0,0,0,1,차대차 - 측면직각충돌,안전운전불이행,건조,맑음,단일로 - 기타,승용,기타불명,기타불명,기타불명,승용,남,37세,부상신고
2013100700100565,2013년 10월 7일 22시,월요일,충청남도 논산시 취암동,경상사고,0,0,1,0,차대차 - 측면직각충돌,안전거리미확보,건조,맑음,단일로 - 기타,승용,남,30세,상해없음,승용,남,46세,상해없음
2013100700100606,2013년 10월 7일 23시,월요일,충청남도 천안시 서북구 백석동,경상사고,0,0,1,0,차대사람 - 기타,안전운전불이행,건조,맑음,교차로 - 교차로안,승용,여,36세,상해없음,보행자,남,43세,경상
2013100800100008,2013년 10월 8일 00시,화요일,충청남도 보령시 동대동,중상사고,0,1,0,0,차대차 - 추돌 - 주정차중,안전운전불이행,건조,맑음,교차로 - 교차로부근,승용,남,30세,상해없음,승용,남,38세,중상
2013100800100032,2013년 10월 8일 01시,화요일,충청남도 태안군 태안읍,경상사고,0,0,1,0,차량단독 - 공작물충돌,안전운전불이행,건조,맑음,단일로 - 기타,화물,남,58세,경상,,,,
2013100800100033,2013년 10월 8일 01시,화요일,충청남도 서산시 해미면,중상사고,0,2,0,0,차대차 - 측면직각충돌,안전운전불이행,건조,맑음,단일로 - 기타,화물,남,52세,상해없음,이륜,남,23세,중상
2013100800100035,2013년 10월 8일 01시,화요일,충청남도 보령시 대천동,중상사고,0,2,0,0,차대차 - 추돌 - 진행중,안전운전불이행,건조,맑음,단일로 - 기타,화물,남,38세,상해없음,화물,남,38세,중상
2013100800100084,2013년 10월 8일 05시,화요일,충청남도 천안시 동남구 원성동,중상사고,0,1,0,0,차대차 - 기타,신호위반,습기,비,교차로 - 교차로안,승합,남,63세,상해없음,자전거,남,64세,중상
2013100800100132,2013년 10월 8일 07시,화요일,충청남도 논산시 강경읍,중상사고,0,1,0,0,차대차 - 측면직각충돌,안전운전불이행,습기,흐림,단일로 - 기타,화물,남,29세,상해없음,자전거,남,13세,중상
2013100800100160,2013년 10월 8일 08시,화요일,충청남도 아산시 음봉면,사망사고,1,1,2,0,차대차 - 측면직각충돌,신호위반,습기,비,교차로 - 교차로안,승합,남,69세,상해없음,승용,여,27세,사망
2013100800100192,2013년 10월 8일 09시,화요일,충청남도 천안시 동남구 대흥동,중상사고,0,1,0,0,차대사람 - 횡단중,보행자보호의무위반,습기,비,단일로 - 횡단보도상,승용,남,57세,상해없음,보행자,여,32세,중상
2013100800100326,2013년 10월 8일 13시,화요일,충청남도 천안시 서북구 두정동,경상사고,0,0,1,0,차대차 - 기타,기타,습기,비,단일로 - 기타,승용,남,34세,상해없음,이륜,남,47세,경상
2013100800100327,2013년 10월 8일 13시,화요일,충청남도 보령시 주교면,경상사고,0,0,2,0,차대차 - 기타,교차로운행방법위반,습기,비,교차로 - 교차로안,승용,여,30세,경상,승용,남,66세,경상
2013100800100358,2013년 10월 8일 14시,화요일,충청남도 금산군 제원면,중상사고,0,1,0,0,차대차 - 정면충돌,중앙선침범,습기,비,단일로 - 기타,이륜,남,52세,중상,화물,남,36세,상해없음
2013100800100422,2013년 10월 8일 16시,화요일,충청남도 홍성군 홍성읍,경상사고,0,0,1,0,차대차 - 추돌 - 진행중,안전운전불이행,습기,비,기타 - 기타,승합,여,54세,상해없음,승용,남,37세,경상
2013100800100423,2013년 10월 8일 16시,화요일,충청남도 홍성군 홍성읍,중상사고,0,1,1,0,차대차 - 추돌 - 진행중,안전운전불이행,습기,비,교차로 - 교차로안,화물,남,38세,상해없음,승용,남,29세,중상
2013100800100424,2013년 10월 8일 16시,화요일,충청남도 공주시 우성면,경상사고,0,0,1,0,차대차 - 정면충돌,중앙선침범,습기,비,단일로 - 기타,승용,남,54세,기타불명,승용,남,64세,경상
2013100800100425,2013년 10월 8일 16시,화요일,충청남도 예산군 예산읍,경상사고,0,0,1,0,차량단독 - 공작물충돌,안전운전불이행,습기,비,단일로 - 기타,화물,남,37세,상해없음,,,,
2013100800100521,2013년 10월 8일 18시,화요일,충청남도 태안군 남면,중상사고,0,1,0,0,차대사람 - 길가장자리구역통행중,안전운전불이행,건조,흐림,단일로 - 기타,승용,여,50세,상해없음,보행자,남,62세,중상
2013100800100573,2013년 10월 8일 19시,화요일,충청남도 보령시 내항동,중상사고,0,2,0,0,차대차 - 측면직각충돌,신호위반,건조,맑음,교차로 - 교차로안,승합,남,61세,상해없음,승합,남,20세,중상
2013100800100575,2013년 10월 8일 19시,화요일,충청남도 당진시 신평면,경상사고,0,0,1,0,차대차 - 측면직각충돌,신호위반,건조,맑음,교차로 - 교차로안,이륜,남,23세,경상,승용,여,61세,상해없음
2013100800100576,2013년 10월 8일 19시,화요일,충청남도 천안시 동남구 봉명동,경상사고,0,0,1,0,차대차 - 기타,안전운전불이행,습기,비,단일로 - 기타,승용,여,28세,경상,승용,남,49세,상해없음
2013100800100614,2013년 10월 8일 20시,화요일,충청남도 아산시 탕정면,경상사고,0,0,1,0,차대사람 - 횡단중,신호위반,건조,맑음,교차로 - 교차로부근,승용,남,45세,상해없음,보행자,남,47세,경상
2013100800100615,2013년 10월 8일 20시,화요일,충청남도 보령시 내항동,사망사고,1,1,10,0,차대차 - 기타,중앙선침범,건조,흐림,단일로 - 기타,승합,남,53세,사망,승합,남,58세,경상
2013100800100658,2013년 10월 8일 21시,화요일,충청남도 보령시 명천동,중상사고,0,2,0,0,차대차 - 기타,중앙선침범,건조,맑음,단일로 - 기타,화물,남,62세,상해없음,승용,여,39세,중상
2013100800100659,2013년 10월 8일 21시,화요일,충청남도 당진시 합덕읍,중상사고,0,1,0,0,차대차 - 추돌 - 주정차중,안전운전불이행,건조,맑음,단일로 - 기타,화물,남,38세,상해없음,승용,여,31세,중상
2013100800100660,2013년 10월 8일 21시,화요일,충청남도 천안시 동남구 대흥동,경상사고,0,0,1,0,차대차 - 기타,안전운전불이행,건조,맑음,교차로 - 교차로안,승용,남,39세,기타불명,승용,남,61세,경상
2013100800100700,2013년 10월 8일 22시,화요일,충청남도 태안군 태안읍,경상사고,0,0,2,0,차대차 - 측면직각충돌,차로위반,건조,맑음,단일로 - 기타,승용,남,17세,상해없음,승용,남,43세,경상
2013100800100734,2013년 10월 8일 23시,화요일,충청남도 천안시 서북구 쌍용동,경상사고,0,0,1,0,차대차 - 측면직각충돌,안전운전불이행,건조,맑음,교차로 - 교차로부근,승용,남,42세,기타불명,승용,남,27세,상해없음
2013100900100021,2013년 10월 9일 00시,수요일,충청남도 천안시 동남구 청수동,중상사고,0,1,0,0,차량단독 - 공작물충돌,안전운전불이행,습기,비,교차로 - 교차로안,승용,여,55세,중상,,,,
2013100900100100,2013년 10월 9일 06시,수요일,충청남도 천안시 서북구 성정동,중상사고,0,1,0,0,차대차 - 기타,신호위반,건조,맑음,교차로 - 교차로안,승용,남,21세,상해없음,승용,여,71세,중상
2013100900100133,2013년 10월 9일 08시,수요일,충청남도 당진시 읍내리,중상사고,0,2,0,0,차대차 - 측면직각충돌,신호위반,건조,맑음,교차로 - 교차로안,승용,남,68세,중상,승용,여,31세,중상
2013100900100134,2013년 10월 9일 08시,수요일,충청남도 청양군 청양읍,중상사고,0,1,6,0,차대차 - 기타,직진우회전진행방해,건조,맑음,교차로 - 교차로안,승용,남,82세,중상,화물,남,47세,경상
2013100900100155,2013년 10월 9일 09시,수요일,충청남도 서산시 석림동,중상사고,0,1,1,1,차대차 - 측면직각충돌,직진우회전진행방해,건조,맑음,교차로 - 교차로안,승용,여,53세,경상,승용,여,46세,중상
2013100900100156,2013년 10월 9일 09시,수요일,충청남도 서천군 마서면,경상사고,0,0,1,0,차량단독 - 공작물충돌,안전운전불이행,건조,맑음,단일로 - 기타,승용,남,74세,경상,,,,
2013100900100175,2013년 10월 9일 10시,수요일,충청남도 서산시 읍내동,중상사고,0,2,1,0,차대차 - 측면직각충돌,신호위반,건조,맑음,교차로 - 교차로안,승용,여,38세,경상,승합,남,44세,중상
2013100900100209,2013년 10월 9일 11시,수요일,충청남도 공주시 의당면,경상사고,0,0,1,0,차대차 - 측면직각충돌,직진우회전진행방해,건조,맑음,교차로 - 교차로안,승합,남,68세,상해없음,승용,남,52세,상해없음
2013100900100237,2013년 10월 9일 12시,수요일,충청남도 논산시 등화동,경상사고,0,0,3,0,차대차 - 측면직각충돌,안전거리미확보,건조,맑음,교차로 - 교차로부근,승용,여,44세,경상,승용,남,54세,경상
2013100900100259,2013년 10월 9일 13시,수요일,충청남도 아산시 둔포면,경상사고,0,0,3,0,차대차 - 추돌 - 주정차중,안전운전불이행,건조,맑음,교차로 - 교차로부근,승용,남,23세,경상,승용,남,22세,경상
2013100900100288,2013년 10월 9일 14시,수요일,충청남도 태안군 남면,중상사고,0,1,0,0,차대차 - 측면직각충돌,과속,건조,맑음,교차로 - 교차로안,화물,남,37세,중상,화물,남,53세,상해없음
2013100900100289,2013년 10월 9일 14시,수요일,충청남도 금산군 복수면,중상사고,0,1,3,0,차대차 - 측면직각충돌,신호위반,건조,맑음,교차로 - 교차로안,승용,여,30세,경상,승용,남,63세,중상
2013100900100316,2013년 10월 9일 15시,수요일,충청남도 아산시 방축동,경상사고,0,0,2,0,차대차 - 측면직각충돌,안전운전불이행,건조,맑음,교차로 - 교차로안,승용,여,42세,상해없음,승용,남,40세,경상
2013100900100338,2013년 10월 9일 16시,수요일,충청남도 아산시 모종동,경상사고,0,0,1,0,차대차 - 추돌 - 진행중,안전운전불이행,건조,맑음,교차로 - 교차로부근,화물,남,54세,상해없음,승용,여,34세,경상
2013100900100363,2013년 10월 9일 17시,수요일,충청남도 논산시 광석면,사망사고,1,0,0,0,차량단독 - 도로외이탈 - 추락,안전운전불이행,건조,맑음,단일로 - 기타,이륜,남,63세,사망,,,,
2013100900100364,2013년 10월 9일 17시,수요일,충청남도 아산시 좌부동,중상사고,0,2,1,0,차대차 - 기타,직진우회전진행방해,건조,맑음,교차로 - 교차로안,승용,여,22세,경상,화물,여,48세,중상
2013100900100406,2013년 10월 9일 18시,수요일,충청남도 당진시 석문면,경상사고,0,0,1,0,차대차 - 추돌 - 진행중,안전운전불이행,건조,맑음,기타 - 기타,화물,남,61세,상해없음,화물,남,54세,경상
2013100900100477,2013년 10월 9일 20시,수요일,충청남도 아산시 방축동,중상사고,0,1,0,0,차대사람 - 기타,안전운전불이행,건조,맑음,교차로 - 교차로부근,승용,남,41세,상해없음,보행자,남,24세,중상
2013100900100507,2013년 10월 9일 21시,수요일,충청남도 예산군 예산읍,중상사고,0,2,3,0,차대차 - 정면충돌,신호위반,건조,맑음,교차로 - 교차로안,승용,남,17세,기타불명,승용,남,22세,경상
2013100900100547,2013년 10월 9일 23시,수요일,충청남도 논산시 연산면,중상사고,0,3,0,0,차대차 - 정면충돌,중앙선침범,건조,맑음,단일로 - 기타,승용,여,37세,중상,화물,남,63세,중상
2013100900100548,2013년 10월 9일 23시,수요일,충청남도 공주시 신관동,경상사고,0,0,1,0,차대차 - 측면직각충돌,신호위반,건조,맑음,교차로 - 교차로안,승용,남,32세,상해없음,승용,남,53세,경상
2013101000100006,2013년 10월 10일 00시,목요일,충청남도 아산시 도고면,경상사고,0,0,2,0,차대차 - 추돌 - 주정차중,안전운전불이행,건조,맑음,교차로 - 교차로부근,승용,남,30세,상해없음,승용,여,42세,경상
2013101000100066,2013년 10월 10일 06시,목요일,충청남도 서산시 성연면,중상사고,0,1,1,0,차대차 - 측면직각충돌,신호위반,건조,맑음,교차로 - 교차로안,화물,남,43세,경상,승용,남,38세,중상
2013101000100083,2013년 10월 10일 07시,목요일,충청남도 부여군 구룡면,중상사고,0,1,1,0,차대차 - 정면충돌,중앙선침범,건조,맑음,단일로 - 기타,승용,남,81세,상해없음,화물,남,56세,경상
2013101000100118,2013년 10월 10일 08시,목요일,충청남도 천안시 서북구 직산읍,중상사고,0,2,0,0,차대차 - 기타,안전운전불이행,건조,맑음,교차로 - 교차로안,승용,여,39세,중상,승용,남,64세,중상
2013101000100199,2013년 10월 10일 11시,목요일,충청남도 서산시 동문동,중상사고,0,1,0,0,차대차 - 측면직각충돌,중앙선침범,건조,맑음,교차로 - 교차로부근,원동기,남,73세,중상,승용,남,30세,상해없음
2013101000100200,2013년 10월 10일 11시,목요일,충청남도 논산시 연무읍,경상사고,0,0,1,0,차대차 - 측면직각충돌,신호위반,건조,흐림,교차로 - 교차로안,화물,남,38세,상해없음,승용,남,57세,경상
2013101000100201,2013년 10월 10일 11시,목요일,충청남도 홍성군 홍성읍,중상사고,0,1,0,0,차대차 - 추돌 - 진행중,안전운전불이행,건조,맑음,단일로 - 기타,승용,여,38세,상해없음,이륜,남,71세,중상
2013101000100202,2013년 10월 10일 11시,목요일,충청남도 당진시 석문면,중상사고,0,1,0,0,차대차 - 기타,중앙선침범,건조,맑음,단일로 - 기타,이륜,여,71세,중상,화물,남,35세,상해없음
2013101000100203,2013년 10월 10일 11시,목요일,충청남도 금산군 금성면,경상사고,0,0,1,0,차대차 - 기타,안전운전불이행,습기,비,단일로 - 기타,승용,남,20세,상해없음,원동기,남,74세,경상
2013101000100234,2013년 10월 10일 12시,목요일,충청남도 금산군 부리면,경상사고,0,0,1,0,차대차 - 기타,중앙선침범,습기,흐림,단일로 - 기타,이륜,여,61세,경상,승용,남,36세,상해없음
2013101000100266,2013년 10월 10일 13시,목요일,충청남도 천안시 서북구 백석동,경상사고,0,0,1,0,차대차 - 추돌 - 진행중,안전운전불이행,건조,맑음,교차로 - 교차로부근,승용,남,31세,상해없음,승용,여,37세,경상
2013101000100267,2013년 10월 10일 13시,목요일,충청남도 논산시 취암동,중상사고,0,1,0,0,차대차 - 기타,안전운전불이행,건조,맑음,단일로 - 기타,승용,남,81세,상해없음,자전거,남,76세,중상
2013101000100341,2013년 10월 10일 16시,목요일,충청남도 천안시 동남구 용곡동,경상사고,0,0,1,0,차대사람 - 기타,안전운전불이행,건조,맑음,단일로 - 기타,승합,남,71세,상해없음,보행자,여,29세,경상
2013101000100415,2013년 10월 10일 18시,목요일,충청남도 천안시 서북구 쌍용동,중상사고,0,2,0,0,차대사람 - 횡단중,안전운전불이행,건조,맑음,기타 - 기타,이륜,남,16세,중상,보행자,남,13세,중상
2013101000100416,2013년 10월 10일 18시,목요일,충청남도 논산시 취암동,사망사고,1,0,0,0,차대사람 - 횡단중,보행자보호의무위반,건조,흐림,단일로 - 횡단보도상,승합,남,37세,상해없음,보행자,여,23세,사망
2013101000100417,2013년 10월 10일 18시,목요일,충청남도 당진시 정미면,중상사고,0,1,2,0,차대차 - 기타,기타,건조,맑음,교차로 - 교차로안,화물,남,57세,상해없음,승용,남,59세,중상
2013101000100418,2013년 10월 10일 18시,목요일,충청남도 금산군 추부면,경상사고,0,0,1,0,차대사람 - 기타,안전운전불이행,습기,비,단일로 - 기타,원동기,남,41세,상해없음,보행자,여,28세,경상
2013101000100555,2013년 10월 10일 21시,목요일,충청남도 서산시 예천동,경상사고,0,0,6,0,차대차 - 측면직각충돌,차로위반,건조,맑음,기타 - 기타,화물,남,48세,상해없음,승합,남,45세,경상
2013101000100556,2013년 10월 10일 21시,목요일,충청남도 논산시 취암동,중상사고,0,1,0,0,차대차 - 측면직각충돌,불법유턴,습기,비,단일로 - 기타,승합,남,28세,상해없음,이륜,남,16세,중상
2013101000100586,2013년 10월 10일 22시,목요일,충청남도 천안시 동남구 신부동,경상사고,0,0,1,0,차대차 - 기타,안전운전불이행,건조,맑음,교차로 - 교차로부근,이륜,남,51세,경상,승용,남,57세,상해없음
2013101000100620,2013년 10월 10일 23시,목요일,충청남도 천안시 서북구 쌍용동,중상사고,0,1,1,0,차량단독 - 공작물충돌,안전운전불이행,건조,맑음,기타 - 기타,승용,남,31세,중상,,,,
2013101000100621,2013년 10월 10일 23시,목요일,충청남도 당진시 송악읍,경상사고,0,0,1,0,차대차 - 기타,안전운전불이행,건조,맑음,단일로 - 기타,승용,남,38세,상해없음,승용,남,32세,경상
2013101100100013,2013년 10월 11일 00시,금요일,충청남도 논산시 강산동,경상사고,0,0,2,0,차대차 - 추돌 - 주정차중,안전운전불이행,건조,흐림,교차로 - 교차로부근,승용,남,25세,상해없음,승용,남,37세,경상
2013101100100113,2013년 10월 11일 06시,금요일,충청남도 태안군 태안읍,중상사고,0,1,0,0,차대차 - 정면충돌,중앙선침범,건조,맑음,기타 - 기타,승용,남,32세,상해없음,특수,남,38세,중상
2013101100100114,2013년 10월 11일 06시,금요일,충청남도 당진시 신평면,경상사고,0,0,2,0,차대차 - 기타,안전운전불이행,습기,비,단일로 - 기타,화물,남,57세,상해없음,승용,남,41세,경상
2013101100100133,2013년 10월 11일 07시,금요일,충청남도 당진시 송산면,중상사고,0,1,0,0,차대차 - 기타,안전운전불이행,건조,맑음,기타 - 기타,승용,남,31세,상해없음,농기계,남,81세,중상
2013101100100176,2013년 10월 11일 08시,금요일,충청남도 청양군 청남면,중상사고,0,1,1,0,차대차 - 측면직각충돌,과속,건조,맑음,교차로 - 교차로안,화물,남,55세,상해없음,화물,남,57세,경상
2013101100100224,2013년 10월 11일 09시,금요일,충청남도 당진시 합덕읍,경상사고,0,0,4,0,차대차 - 기타,교차로운행방법위반,건조,맑음,교차로 - 교차로안,화물,남,51세,상해없음,승용,여,23세,경상
2013101100100269,2013년 10월 11일 11시,금요일,충청남도 천안시 동남구 신부동,경상사고,0,0,1,0,차대차 - 추돌 - 주정차중,안전운전불이행,건조,맑음,단일로 - 기타,승용,남,33세,상해없음,화물,여,45세,경상
2013101100100306,2013년 10월 11일 12시,금요일,충청남도 보령시 주포면,경상사고,0,0,2,0,차대차 - 추돌 - 진행중,안전운전불이행,건조,맑음,교차로 - 교차로부근,승용,남,44세,상해없음,승용,남,36세,경상
2013101100100307,2013년 10월 11일 12시,금요일,충청남도 당진시 송산면,경상사고,0,0,1,0,차대차 - 기타,안전운전불이행,건조,맑음,기타 - 기타,승용,남,28세,상해없음,승용,남,58세,경상
2013101100100308,2013년 10월 11일 12시,금요일,충청남도 천안시 동남구 구성동,경상사고,0,0,1,0,차대사람 - 기타,안전운전불이행,건조,맑음,단일로 - 기타,이륜,여,58세,상해없음,보행자,여,45세,경상
2013101100100344,2013년 10월 11일 13시,금요일,충청남도 청양군 비봉면,중상사고,0,2,0,0,차대차 - 기타,교차로운행방법위반,건조,맑음,교차로 - 교차로안,화물,남,65세,상해없음,화물,남,52세,중상
2013101100100372,2013년 10월 11일 14시,금요일,충청남도 천안시 서북구 성거읍,중상사고,0,1,0,0,차대차 - 기타,안전운전불이행,건조,맑음,교차로 - 교차로부근,화물,남,54세,상해없음,원동기,남,66세,중상
2013101100100373,2013년 10월 11일 14시,금요일,충청남도 천안시 서북구 성정동,경상사고,0,0,1,0,차대차 - 기타,안전운전불이행,건조,맑음,교차로 - 교차로부근,승용,여,44세,상해없음,승용,남,24세,경상
2013101100100374,2013년 10월 11일 14시,금요일,충청남도 아산시 배방읍,경상사고,0,0,3,0,차대차 - 측면직각충돌,신호위반,건조,맑음,교차로 - 교차로안,승용,남,52세,상해없음,승용,남,63세,상해없음
2013101100100375,2013년 10월 11일 14시,금요일,충청남도 보령시 미산면,중상사고,0,1,0,0,차량단독 - 기타,안전운전불이행,건조,맑음,기타 - 기타,승합,남,32세,상해없음,,,,
2013101100100407,2013년 10월 11일 15시,금요일,충청남도 서산시 잠홍동,중상사고,0,1,0,0,차대차 - 측면직각충돌,중앙선침범,건조,맑음,단일로 - 기타,승용,여,56세,상해없음,이륜,남,69세,중상
2013101100100408,2013년 10월 11일 15시,금요일,충청남도 서산시 잠홍동,경상사고,0,0,2,0,차대차 - 추돌 - 진행중,안전운전불이행,건조,맑음,단일로 - 기타,승용,남,30세,상해없음,승용,남,50세,경상
2013101100100409,2013년 10월 11일 15시,금요일,충청남도 천안시 서북구 두정동,중상사고,0,1,0,0,차대차 - 추돌 - 주정차중,안전운전불이행,건조,맑음,교차로 - 교차로부근,화물,남,68세,상해없음,승용,여,38세,중상
2013101100100445,2013년 10월 11일 16시,금요일,충청남도 논산시 취암동,경상사고,0,0,1,0,차대차 - 측면직각충돌,안전운전불이행,건조,맑음,단일로 - 기타,승용,남,32세,상해없음,자전거,남,17세,경상
2013101100100480,2013년 10월 11일 17시,금요일,충청남도 논산시 부창동,부상신고사고,0,0,0,1,차대차 - 측면직각충돌,신호위반,건조,맑음,교차로 - 교차로안,이륜,남,78세,부상신고,승용,남,54세,상해없음
2013101100100481,2013년 10월 11일 17시,금요일,충청남도 예산군 응봉면,중상사고,0,1,0,0,차대차 - 기타,기타,건조,맑음,기타 - 기타,승용,남,60세,상해없음,승용,여,33세,중상
2013101100100521,2013년 10월 11일 18시,금요일,충청남도 천안시 서북구 백석동,경상사고,0,0,3,0,차대차 - 기타,신호위반,건조,맑음,교차로 - 교차로안,승용,남,71세,상해없음,승용,남,31세,경상
2013101100100522,2013년 10월 11일 18시,금요일,충청남도 홍성군 홍성읍,중상사고,0,1,0,0,차대사람 - 횡단중,보행자보호의무위반,건조,맑음,교차로 - 교차로부근,화물,남,41세,상해없음,보행자,남,35세,중상
2013101100100523,2013년 10월 11일 18시,금요일,충청남도 당진시 고대면,경상사고,0,0,9,0,차대차 - 기타,교차로운행방법위반,건조,맑음,미분류 - 미분류,화물,남,57세,상해없음,승합,남,29세,상해없음
2013101100100575,2013년 10월 11일 19시,금요일,충청남도 당진시 대덕리,중상사고,0,2,0,0,차대차 - 추돌 - 주정차중,교차로운행방법위반,건조,흐림,교차로 - 교차로부근,승용,남,25세,상해없음,이륜,남,78세,중상
2013101100100606,2013년 10월 11일 20시,금요일,충청남도 천안시 서북구 성정동,중상사고,0,1,0,0,차대사람 - 기타,안전운전불이행,건조,맑음,단일로 - 기타,승용,남,23세,상해없음,보행자,남,49세,중상
2013101100100642,2013년 10월 11일 21시,금요일,충청남도 천안시 서북구 신당동,경상사고,0,0,1,0,차대차 - 추돌 - 주정차중,안전운전불이행,건조,맑음,교차로 - 교차로부근,승용,남,50세,상해없음,승용,여,22세,경상
2013101100100675,2013년 10월 11일 22시,금요일,충청남도 천안시 서북구 백석동,중상사고,0,1,0,0,차대차 - 기타,신호위반,건조,맑음,교차로 - 교차로부근,승용,남,47세,상해없음,승합,남,31세,중상
2013101100100676,2013년 10월 11일 22시,금요일,충청남도 공주시 신관동,경상사고,0,0,6,0,차대차 - 추돌 - 주정차중,안전운전불이행,건조,맑음,교차로 - 교차로부근,승용,남,30세,기타불명,승용,남,57세,경상
2013101100100700,2013년 10월 11일 23시,금요일,충청남도 천안시 서북구 두정동,경상사고,0,0,2,0,차대차 - 기타,안전운전불이행,건조,맑음,교차로 - 교차로안,승용,남,55세,상해없음,승용,남,29세,경상
2013101100100701,2013년 10월 11일 23시,금요일,충청남도 논산시 대교동,경상사고,0,0,1,1,차대차 - 측면직각충돌,교차로운행방법위반,건조,맑음,교차로 - 교차로안,이륜,남,32세,부상신고,승용,남,40세,상해없음
2013101100100703,2013년 10월 11일 23시,금요일,충청남도 천안시 동남구 영성동,중상사고,0,1,0,0,차대사람 - 기타,안전운전불이행,건조,맑음,단일로 - 기타,승용,남,28세,상해없음,보행자,남,49세,중상
2013101200100064,2013년 10월 12일 03시,토요일,충청남도 천안시 서북구 성정동,부상신고사고,0,0,0,1,차대차 - 추돌 - 주정차중,안전운전불이행,건조,맑음,기타 - 기타,승용,남,25세,상해없음,승용,남,25세,부상신고
2013101200100074,2013년 10월 12일 04시,토요일,충청남도 천안시 동남구 목천읍,중상사고,0,1,2,0,차대차 - 기타,안전운전불이행,건조,맑음,단일로 - 기타,화물,남,47세,상해없음,승용,남,26세,중상
2013101200100138,2013년 10월 12일 07시,토요일,충청남도 서산시 성연면,경상사고,0,0,2,0,차대차 - 측면직각충돌,신호위반,건조,맑음,교차로 - 교차로안,승용,여,49세,경상,화물,남,41세,경상