사고번호,사고일시,요일,시군구,사고내용,사망자수,중상자수,경상자수,부상신고자수,사고유형,법규위반,노면상태,기상상태,도로형태,가해운전자 차종,가해운전자 성별,가해운전자 연령,가해운전자 상해정도,피해운전자 차종,피해운전자 성별,피해운전자 연령,피해운전자 상해정도
2013102700100476,2013년 10월 27일 19시,일요일,충청남도 천안시 서북구 입장면,중상사고,0,1,0,0,차대사람 - 기타,안전운전불이행,건조,맑음,단일로 - 기타,승용,남,56세,상해없음,보행자,여,71세,중상
2013102700100477,2013년 10월 27일 19시,일요일,충청남도 계룡시 두마면,중상사고,0,2,0,0,차대차 - 측면직각충돌,교차로운행방법위반,건조,맑음,교차로 - 교차로안,화물,남,58세,중상,농기계,남,60세,중상
2013102700100478,2013년 10월 27일 19시,일요일,충청남도 공주시 신관동,경상사고,0,0,1,0,차대차 - 추돌 - 주정차중,안전운전불이행,건조,맑음,단일로 - 기타,승용,남,27세,상해없음,승용,남,36세,경상
2013102700100506,2013년 10월 27일 20시,일요일,충청남도 홍성군 홍성읍,중상사고,0,1,0,0,차대차 - 기타,안전운전불이행,건조,맑음,단일로 - 기타,원동기,남,58세,중상,승합,여,50세,기타불명
2013102700100536,2013년 10월 27일 21시,일요일,충청남도 보령시 웅천읍,중상사고,0,1,0,0,차대차 - 측면직각충돌,신호위반,건조,맑음,교차로 - 교차로안,승용,남,23세,상해없음,승용,여,51세,중상
2013102800100040,2013년 10월 28일 04시,월요일,충청남도 홍성군 홍성읍,중상사고,0,1,0,0,차대차 - 기타,안전운전불이행,건조,맑음,단일로 - 기타,승용,남,42세,상해없음,원동기,남,31세,중상
2013102800100058,2013년 10월 28일 06시,월요일,충청남도 서산시 부석면,중상사고,0,1,0,0,차대차 - 측면직각충돌,안전운전불이행,습기,안개,교차로 - 교차로부근,승용,여,66세,상해없음,농기계,남,74세,중상
2013102800100074,2013년 10월 28일 07시,월요일,충청남도 당진시 신평면,경상사고,0,0,3,0,차대차 - 추돌 - 진행중,안전운전불이행,건조,맑음,기타 - 기타,승합,남,52세,상해없음,화물,남,56세,상해없음
2013102800100075,2013년 10월 28일 07시,월요일,충청남도 금산군 복수면,중상사고,0,1,2,0,차대차 - 정면충돌,안전운전불이행,건조,맑음,교차로 - 교차로안,화물,남,36세,상해없음,승용,여,38세,중상
2013102800100110,2013년 10월 28일 08시,월요일,충청남도 논산시 취암동,경상사고,0,0,1,0,차대차 - 측면직각충돌,안전운전불이행,건조,맑음,단일로 - 횡단보도상,자전거,남,13세,경상,승용,남,40세,상해없음
2013102800100142,2013년 10월 28일 09시,월요일,충청남도 태안군 원북면,경상사고,0,0,1,0,차대차 - 기타,안전운전불이행,건조,맑음,단일로 - 기타,화물,남,53세,상해없음,농기계,남,69세,경상
2013102800100172,2013년 10월 28일 10시,월요일,충청남도 서천군 문산면,경상사고,0,0,1,0,차대사람 - 기타,안전운전불이행,건조,맑음,단일로 - 기타,승용,여,38세,상해없음,보행자,여,41세,경상
2013102800100173,2013년 10월 28일 10시,월요일,충청남도 부여군 홍산면,중상사고,0,1,0,0,차대차 - 측면직각충돌,직진우회전진행방해,건조,맑음,교차로 - 교차로안,화물,남,54세,상해없음,이륜,남,63세,중상
2013102800100202,2013년 10월 28일 11시,월요일,충청남도 서산시 운산면,경상사고,0,0,1,0,차대사람 - 기타,안전운전불이행,건조,맑음,단일로 - 기타,승합,남,45세,상해없음,보행자,남,63세,경상
2013102800100227,2013년 10월 28일 12시,월요일,충청남도 홍성군 홍성읍,중상사고,0,1,0,0,차대차 - 측면직각충돌,교차로운행방법위반,건조,맑음,교차로 - 교차로안,승용,남,39세,상해없음,이륜,남,61세,중상
2013102800100228,2013년 10월 28일 12시,월요일,충청남도 공주시 송선동,중상사고,0,1,1,0,차대차 - 정면충돌,신호위반,건조,맑음,교차로 - 교차로안,승용,남,76세,경상,화물,남,49세,상해없음
2013102800100256,2013년 10월 28일 13시,월요일,충청남도 보령시 동대동,중상사고,0,1,2,0,차대차 - 추돌 - 주정차중,안전운전불이행,건조,맑음,단일로 - 기타,이륜,남,69세,중상,승용,여,28세,경상
2013102800100257,2013년 10월 28일 13시,월요일,충청남도 보령시 성주면,중상사고,0,1,0,0,차대차 - 측면직각충돌,불법유턴,건조,맑음,단일로 - 기타,승용,남,44세,상해없음,승용,남,77세,중상
2013102800100311,2013년 10월 28일 15시,월요일,충청남도 서산시 해미면,경상사고,0,0,1,0,차대차 - 기타,안전운전불이행,건조,맑음,단일로 - 기타,원동기,남,77세,경상,승용,남,27세,상해없음
2013102800100339,2013년 10월 28일 16시,월요일,충청남도 서산시 수석동,중상사고,0,1,1,0,차대차 - 측면직각충돌,직진우회전진행방해,건조,맑음,교차로 - 교차로안,화물,남,34세,경상,화물,남,44세,중상
2013102800100340,2013년 10월 28일 16시,월요일,충청남도 공주시 석장리동,중상사고,0,1,0,0,차대차 - 추돌 - 진행중,안전운전불이행,건조,맑음,단일로 - 기타,승용,여,42세,상해없음,승용,남,26세,중상
2013102800100341,2013년 10월 28일 16시,월요일,충청남도 예산군 예산읍,중상사고,0,3,0,0,차대사람 - 기타,기타,건조,맑음,단일로 - 기타,화물,남,55세,상해없음,보행자,여,42세,중상
2013102800100364,2013년 10월 28일 17시,월요일,충청남도 홍성군 홍성읍,중상사고,0,1,0,0,차대차 - 측면직각충돌,교차로운행방법위반,건조,맑음,교차로 - 교차로안,승용,남,40세,상해없음,이륜,남,65세,중상
2013102800100365,2013년 10월 28일 17시,월요일,충청남도 예산군 예산읍,경상사고,0,0,1,0,차대차 - 기타,안전운전불이행,건조,맑음,단일로 - 기타,자전거,여,71세,경상,화물,남,58세,상해없음
2013102800100366,2013년 10월 28일 17시,월요일,충청남도 당진시 송산면,중상사고,0,1,0,0,차대차 - 기타,안전운전불이행,건조,맑음,단일로 - 기타,승용,남,23세,상해없음,화물,남,35세,중상
2013102800100429,2013년 10월 28일 18시,월요일,충청남도 논산시 취암동,중상사고,0,1,0,0,차대차 - 측면직각충돌,불법유턴,건조,맑음,단일로 - 횡단보도상,승용,여,25세,상해없음,승용,남,35세,중상
2013102800100430,2013년 10월 28일 18시,월요일,충청남도 당진시 합덕읍,경상사고,0,0,1,0,차대차 - 추돌 - 진행중,안전운전불이행,건조,맑음,단일로 - 기타,승용,남,48세,상해없음,화물,남,44세,경상
2013102800100479,2013년 10월 28일 19시,월요일,충청남도 태안군 안면읍,중상사고,0,1,0,0,차대사람 - 기타,안전운전불이행,건조,맑음,기타 - 기타,승용,남,67세,상해없음,보행자,여,62세,중상
2013102800100510,2013년 10월 28일 20시,월요일,충청남도 논산시 부적면,경상사고,0,0,2,0,차대차 - 측면직각충돌,안전운전불이행,건조,맑음,단일로 - 기타,승용,남,72세,상해없음,승용,남,51세,경상
2013102800100539,2013년 10월 28일 21시,월요일,충청남도 홍성군 홍북면,사망사고,1,0,0,0,차대사람 - 기타,안전운전불이행,건조,맑음,단일로 - 기타,승용,남,59세,상해없음,보행자,남,36세,사망
2013102800100541,2013년 10월 28일 21시,월요일,충청남도 당진시 합덕읍,경상사고,0,0,2,0,차대차 - 기타,중앙선침범,건조,맑음,기타 - 기타,승용,남,39세,기타불명,화물,남,40세,경상
2013102800100577,2013년 10월 28일 22시,월요일,충청남도 논산시 연무읍,경상사고,0,0,2,0,차대차 - 측면직각충돌,중앙선침범,건조,맑음,단일로 - 기타,승용,여,39세,상해없음,승용,남,27세,경상
2013102800100578,2013년 10월 28일 22시,월요일,충청남도 아산시 탕정면,중상사고,0,1,0,0,차대차 - 기타,신호위반,건조,맑음,교차로 - 교차로안,승용,남,38세,상해없음,원동기,남,29세,중상
2013102800100596,2013년 10월 28일 23시,월요일,충청남도 홍성군 홍성읍,중상사고,0,1,0,0,차대차 - 정면충돌,중앙선침범,건조,맑음,단일로 - 터널,승용,남,37세,상해없음,승용,남,37세,중상
2013102900100064,2013년 10월 29일 05시,화요일,충청남도 당진시 송악읍,중상사고,0,1,0,0,차대사람 - 기타,안전운전불이행,건조,맑음,단일로 - 기타,건설기계,남,39세,상해없음,보행자,남,27세,중상
2013102900100136,2013년 10월 29일 08시,화요일,충청남도 공주시 신관동,경상사고,0,0,1,0,차대사람 - 기타,안전운전불이행,건조,맑음,기타 - 기타,자전거,기타불명,기타불명,기타불명,보행자,여,9세,경상
2013102900100298,2013년 10월 29일 14시,화요일,충청남도 천안시 동남구 신방동,중상사고,0,1,0,0,차대사람 - 기타,보행자보호의무위반,건조,맑음,교차로 - 교차로부근,화물,남,54세,상해없음,보행자,남,80세,중상
2013102900100317,2013년 10월 29일 15시,화요일,충청남도 서산시 동문동,경상사고,0,0,1,0,차대차 - 측면직각충돌,안전운전불이행,건조,맑음,교차로 - 교차로안,승용,남,64세,상해없음,이륜,남,69세,경상
2013102900100356,2013년 10월 29일 16시,화요일,충청남도 천안시 동남구 병천면,경상사고,0,0,1,0,차대차 - 정면충돌,안전운전불이행,건조,맑음,단일로 - 기타,기타불명,기타불명,기타불명,기타불명,승용,여,63세,경상
2013102900100404,2013년 10월 29일 17시,화요일,충청남도 아산시 방축동,중상사고,0,1,0,0,차대차 - 추돌 - 주정차중,안전운전불이행,습기,비,교차로 - 교차로부근,승용,남,55세,상해없음,승용,남,54세,중상
2013102900100405,2013년 10월 29일 17시,화요일,충청남도 금산군 금산읍,경상사고,0,0,1,0,차대차 - 기타,신호위반,건조,맑음,교차로 - 교차로안,화물,남,62세,상해없음,승용,여,27세,경상
2013102900100406,2013년 10월 29일 17시,화요일,충청남도 금산군 금산읍,경상사고,0,0,1,0,차대사람 - 횡단중,보행자보호의무위반,건조,맑음,단일로 - 횡단보도상,승합,남,33세,상해없음,보행자,남,8세,경상
2013102900100450,2013년 10월 29일 18시,화요일,충청남도 태안군 태안읍,경상사고,0,0,1,0,차대차 - 측면직각충돌,안전운전불이행,습기,비,교차로 - 교차로안,이륜,여,71세,경상,승용,남,52세,상해없음
2013102900100451,2013년 10월 29일 18시,화요일,충청남도 천안시 서북구 성정동,중상사고,0,1,0,0,차대사람 - 횡단중,안전운전불이행,습기,비,교차로 - 교차로부근,원동기,남,62세,상해없음,보행자,여,52세,중상
2013102900100452,2013년 10월 29일 18시,화요일,충청남도 아산시 배방읍,경상사고,0,0,1,0,차대사람 - 기타,안전운전불이행,건조,맑음,기타 - 기타,화물,남,40세,상해없음,보행자,남,14세,경상
2013102900100453,2013년 10월 29일 18시,화요일,충청남도 서천군 종천면,사망사고,1,0,0,0,차대사람 - 횡단중,안전운전불이행,건조,맑음,단일로 - 기타,화물,남,57세,상해없음,보행자,남,74세,사망
2013102900100454,2013년 10월 29일 18시,화요일,충청남도 부여군 규암면,중상사고,0,1,0,0,차대차 - 추돌 - 진행중,안전운전불이행,건조,맑음,단일로 - 기타,화물,남,38세,상해없음,농기계,남,54세,중상
2013102900100536,2013년 10월 29일 20시,화요일,충청남도 서산시 동문동,부상신고사고,0,0,0,1,차대차 - 추돌 - 주정차중,안전운전불이행,습기,흐림,교차로 - 교차로안,이륜,남,16세,부상신고,승용,남,53세,상해없음
2013102900100537,2013년 10월 29일 20시,화요일,충청남도 공주시 사곡면,사망사고,1,0,1,0,차대차 - 추돌 - 진행중,안전운전불이행,습기,흐림,기타 - 기타,화물,남,69세,사망,농기계,남,46세,경상
2013102900100538,2013년 10월 29일 20시,화요일,충청남도 천안시 동남구 풍세면,경상사고,0,0,2,0,차대차 - 기타,중앙선침범,건조,맑음,단일로 - 기타,승용,남,53세,상해없음,승용,남,32세,경상
2013102900100570,2013년 10월 29일 21시,화요일,충청남도 서산시 동문동,경상사고,0,0,1,0,차대차 - 측면직각충돌,직진우회전진행방해,습기,비,교차로 - 교차로안,승용,남,48세,상해없음,이륜,남,16세,경상
2013102900100571,2013년 10월 29일 21시,화요일,충청남도 천안시 서북구 성거읍,경상사고,0,0,1,0,차대차 - 측면직각충돌,신호위반,습기,비,교차로 - 교차로안,화물,남,48세,상해없음,승용,여,49세,경상
2013102900100572,2013년 10월 29일 21시,화요일,충청남도 홍성군 홍성읍,중상사고,0,2,0,0,차대차 - 기타,안전운전불이행,습기,비,단일로 - 기타,승용,남,27세,상해없음,승용,남,25세,중상
2013103000100014,2013년 10월 30일 00시,수요일,충청남도 천안시 서북구 성정동,사망사고,1,0,0,0,차대사람 - 횡단중,안전운전불이행,건조,맑음,단일로 - 기타,승용,여,51세,상해없음,보행자,남,52세,사망
2013103000100034,2013년 10월 30일 01시,수요일,충청남도 천안시 동남구 목천읍,경상사고,0,0,1,0,차대차 - 기타,안전운전불이행,건조,흐림,단일로 - 기타,화물,남,39세,상해없음,화물,남,55세,경상
2013103000100067,2013년 10월 30일 05시,수요일,충청남도 보령시 청소면,경상사고,0,0,1,0,차대차 - 측면직각충돌,안전운전불이행,건조,기타,교차로 - 교차로안,화물,남,64세,상해없음,승용,남,61세,상해없음
2013103000100102,2013년 10월 30일 07시,수요일,충청남도 보령시 주포면,중상사고,0,2,0,0,차대차 - 측면직각충돌,신호위반,건조,맑음,교차로 - 교차로안,승용,남,60세,상해없음,이륜,남,77세,중상
2013103000100138,2013년 10월 30일 08시,수요일,충청남도 서산시 동문동,부상신고사고,0,0,0,1,차대차 - 측면직각충돌,안전운전불이행,건조,맑음,교차로 - 교차로안,자전거,여,10세,부상신고,승용,남,32세,상해없음
2013103000100139,2013년 10월 30일 08시,수요일,충청남도 논산시 등화동,경상사고,0,0,1,0,차대차 - 추돌 - 주정차중,안전운전불이행,건조,맑음,단일로 - 기타,화물,남,58세,상해없음,화물,남,43세,경상
2013103000100140,2013년 10월 30일 08시,수요일,충청남도 청양군 비봉면,중상사고,0,1,0,0,차대차 - 정면충돌,안전운전불이행,건조,맑음,단일로 - 기타,화물,여,47세,중상,화물,남,37세,상해없음
2013103000100181,2013년 10월 30일 09시,수요일,충청남도 홍성군 홍성읍,중상사고,0,1,0,0,차대사람 - 기타,안전운전불이행,건조,맑음,기타 - 기타,승용,여,46세,상해없음,보행자,여,19세,중상
2013103000100210,2013년 10월 30일 10시,수요일,충청남도 논산시 연무읍,경상사고,0,0,1,0,차대차 - 기타,안전운전불이행,건조,맑음,단일로 - 기타,화물,남,28세,상해없음,승용,남,43세,경상
2013103000100270,2013년 10월 30일 12시,수요일,충청남도 천안시 서북구 성환읍,중상사고,0,1,1,0,차대차 - 기타,직진우회전진행방해,건조,맑음,교차로 - 교차로안,이륜,남,28세,중상,화물,남,77세,경상
2013103000100299,2013년 10월 30일 13시,수요일,충청남도 예산군 예산읍,중상사고,0,1,3,0,차대차 - 측면직각충돌,직진우회전진행방해,건조,맑음,교차로 - 교차로안,승용,여,32세,경상,화물,남,42세,경상
2013103000100363,2013년 10월 30일 15시,수요일,충청남도 예산군 예산읍,중상사고,0,1,0,0,차대차 - 기타,신호위반,건조,맑음,교차로 - 교차로안,승용,여,59세,상해없음,승용,여,51세,중상
2013103000100364,2013년 10월 30일 15시,수요일,충청남도 당진시 송악읍,경상사고,0,0,2,0,차대차 - 측면직각충돌,중앙선침범,건조,맑음,단일로 - 기타,승용,남,65세,상해없음,승용,남,31세,경상
2013103000100425,2013년 10월 30일 17시,수요일,충청남도 청양군 청양읍,경상사고,0,0,1,0,차대차 - 추돌 - 주정차중,안전운전불이행,건조,맑음,교차로 - 교차로부근,승용,남,37세,상해없음,승용,남,68세,경상
2013103000100465,2013년 10월 30일 18시,수요일,충청남도 서산시 팔봉면,부상신고사고,0,0,0,1,차량단독 - 전도전복,안전운전불이행,건조,맑음,교차로 - 교차로안,화물,남,42세,부상신고,,,,
2013103000100466,2013년 10월 30일 18시,수요일,충청남도 논산시 등화동,중상사고,0,1,0,0,차대사람 - 횡단중,안전운전불이행,건조,맑음,교차로 - 교차로안,화물,남,56세,상해없음,보행자,여,70세,중상
2013103000100467,2013년 10월 30일 18시,수요일,충청남도 서천군 장항읍,중상사고,0,1,0,0,차대사람 - 기타,교차로운행방법위반,건조,맑음,교차로 - 교차로부근,승용,여,38세,상해없음,보행자,여,84세,중상
2013103000100468,2013년 10월 30일 18시,수요일,충청남도 보령시 주교면,경상사고,0,0,1,0,차대사람 - 횡단중,보행자보호의무위반,건조,맑음,교차로 - 교차로안,승용,남,46세,상해없음,보행자,여,17세,경상
2013103000100522,2013년 10월 30일 19시,수요일,충청남도 보령시 주산면,중상사고,0,1,0,0,차대사람 - 횡단중,안전운전불이행,건조,맑음,단일로 - 기타,승용,남,28세,상해없음,보행자,남,27세,중상
2013103000100523,2013년 10월 30일 19시,수요일,충청남도 부여군 부여읍,중상사고,0,1,0,0,차대사람 - 횡단중,보행자보호의무위반,건조,맑음,교차로 - 교차로부근,승용,여,51세,상해없음,보행자,남,62세,중상
2013103000100662,2013년 10월 30일 23시,수요일,충청남도 당진시 시곡리,중상사고,0,2,0,0,차대차 - 측면직각충돌,신호위반,건조,맑음,교차로 - 교차로안,승용,남,27세,상해없음,승용,남,47세,중상
2013103100100033,2013년 10월 31일 01시,목요일,충청남도 아산시 도고면,경상사고,0,0,2,0,차대차 - 추돌 - 주정차중,안전운전불이행,건조,맑음,교차로 - 교차로안,승용,남,30세,상해없음,승용,남,32세,경상
2013103100100140,2013년 10월 31일 08시,목요일,충청남도 태안군 태안읍,중상사고,0,1,0,0,차량단독 - 공작물충돌,안전운전불이행,건조,맑음,단일로 - 기타,승용,여,36세,중상,,,,
2013103100100203,2013년 10월 31일 10시,목요일,충청남도 서산시 동문동,중상사고,0,1,2,0,차대차 - 기타,안전거리미확보,건조,맑음,교차로 - 교차로부근,화물,남,52세,상해없음,승합,남,43세,경상
2013103100100204,2013년 10월 31일 10시,목요일,충청남도 아산시 탕정면,경상사고,0,0,1,0,차대사람 - 횡단중,신호위반,건조,맑음,교차로 - 교차로안,승용,여,39세,상해없음,보행자,남,49세,경상
2013103100100233,2013년 10월 31일 11시,목요일,충청남도 서산시 대산읍,중상사고,0,1,0,0,차대차 - 측면직각충돌,교차로운행방법위반,건조,맑음,교차로 - 교차로안,화물,남,53세,상해없음,이륜,남,60세,중상
2013103100100234,2013년 10월 31일 11시,목요일,충청남도 당진시 합덕읍,중상사고,0,2,2,0,차대차 - 측면직각충돌,교차로운행방법위반,건조,맑음,교차로 - 교차로안,화물,남,61세,경상,승합,남,37세,중상
2013103100100250,2013년 10월 31일 12시,목요일,충청남도 아산시 영인면,경상사고,0,0,1,0,차량단독 - 기타,안전운전불이행,건조,맑음,기타 - 기타,승용,남,31세,상해없음,,,,
2013103100100251,2013년 10월 31일 12시,목요일,충청남도 당진시 원당리,중상사고,0,1,0,0,차대차 - 측면직각충돌,교차로운행방법위반,건조,맑음,교차로 - 교차로안,승용,여,35세,상해없음,이륜,남,46세,중상
2013103100100336,2013년 10월 31일 15시,목요일,충청남도 천안시 서북구 직산읍,경상사고,0,0,1,0,차대차 - 측면직각충돌,교차로운행방법위반,건조,맑음,교차로 - 교차로안,승용,남,42세,상해없음,화물,남,43세,경상
2013103100100337,2013년 10월 31일 15시,목요일,충청남도 홍성군 광천읍,경상사고,0,0,1,0,차대차 - 측면직각충돌,교차로운행방법위반,건조,맑음,교차로 - 교차로안,승용,여,61세,상해없음,원동기,여,57세,경상
2013103100100372,2013년 10월 31일 16시,목요일,충청남도 홍성군 홍성읍,경상사고,0,0,1,0,차대사람 - 횡단중,안전운전불이행,건조,맑음,단일로 - 기타,승용,남,35세,상해없음,보행자,남,10세,경상
2013103100100373,2013년 10월 31일 16시,목요일,충청남도 부여군 석성면,중상사고,0,1,0,0,차대차 - 기타,안전운전불이행,건조,맑음,단일로 - 기타,이륜,남,42세,중상,화물,남,34세,상해없음
2013103100100374,2013년 10월 31일 16시,목요일,충청남도 천안시 동남구 성황동,경상사고,0,0,3,0,차대차 - 기타,교차로운행방법위반,건조,맑음,교차로 - 교차로안,승용,남,38세,상해없음,승용,남,57세,경상
2013103100100418,2013년 10월 31일 17시,목요일,충청남도 서산시 석남동,중상사고,0,1,0,0,차대차 - 측면직각충돌,교차로운행방법위반,건조,맑음,교차로 - 교차로안,농기계,남,77세,중상,화물,남,53세,상해없음
2013103100100419,2013년 10월 31일 17시,목요일,충청남도 아산시 도고면,경상사고,0,0,1,0,차대차 - 추돌 - 주정차중,안전운전불이행,건조,맑음,교차로 - 교차로부근,승용,남,56세,상해없음,승용,여,58세,경상
2013103100100465,2013년 10월 31일 18시,목요일,충청남도 홍성군 광천읍,중상사고,0,1,0,0,차대차 - 기타,안전운전불이행,건조,맑음,교차로 - 교차로부근,화물,남,46세,상해없음,자전거,남,59세,중상
2013103100100467,2013년 10월 31일 18시,목요일,충청남도 부여군 홍산면,중상사고,0,1,0,0,차대차 - 기타,안전운전불이행,건조,맑음,단일로 - 기타,화물,남,77세,중상,농기계,남,57세,상해없음
2013103100100468,2013년 10월 31일 18시,목요일,충청남도 부여군 홍산면,중상사고,0,2,0,0,차대차 - 기타,안전운전불이행,건조,맑음,단일로 - 기타,승용,여,52세,상해없음,화물,남,77세,상해없음
2013103100100469,2013년 10월 31일 18시,목요일,충청남도 부여군 홍산면,중상사고,0,1,0,0,차대차 - 기타,안전운전불이행,건조,맑음,단일로 - 기타,화물,남,65세,상해없음,승용,여,52세,중상
2013103100100470,2013년 10월 31일 18시,목요일,충청남도 천안시 동남구 광덕면,중상사고,0,1,0,0,차대사람 - 횡단중,보행자보호의무위반,건조,맑음,교차로 - 교차로부근,승용,남,42세,상해없음,보행자,남,56세,중상
2013103100100471,2013년 10월 31일 18시,목요일,충청남도 천안시 동남구 풍세면,경상사고,0,0,5,0,차대차 - 추돌 - 진행중,안전운전불이행,건조,맑음,단일로 - 기타,승용,남,66세,상해없음,승용,남,39세,경상
2013103100100507,2013년 10월 31일 19시,목요일,충청남도 천안시 서북구 불당동,중상사고,0,1,0,0,차대차 - 기타,신호위반,건조,맑음,교차로 - 교차로안,승용,남,44세,상해없음,이륜,남,26세,중상
2013103100100545,2013년 10월 31일 20시,목요일,충청남도 천안시 서북구 두정동,경상사고,0,0,4,0,차대차 - 추돌 - 주정차중,안전운전불이행,건조,맑음,교차로 - 교차로부근,승용,남,27세,상해없음,승용,남,47세,경상
2013103100100546,2013년 10월 31일 20시,목요일,충청남도 천안시 서북구 두정동,경상사고,0,0,1,0,차대차 - 기타,불법유턴,건조,맑음,교차로 - 교차로부근,승용,남,48세,상해없음,이륜,남,24세,경상
2013103100100576,2013년 10월 31일 21시,목요일,충청남도 보령시 동대동,중상사고,0,1,0,0,차대차 - 측면직각충돌,안전운전불이행,건조,맑음,교차로 - 교차로부근,승용,남,43세,상해없음,자전거,여,44세,중상
2013103100100607,2013년 10월 31일 22시,목요일,충청남도 천안시 동남구 신부동,경상사고,0,0,1,0,차대차 - 측면직각충돌,차로위반,건조,맑음,단일로 - 기타,화물,남,45세,상해없음,승용,남,31세,경상
2013103100100643,2013년 10월 31일 23시,목요일,충청남도 천안시 서북구 성정동,중상사고,0,1,0,0,차대차 - 기타,신호위반,건조,맑음,교차로 - 교차로안,승용,남,44세,상해없음,원동기,남,17세,중상
2013103100100644,2013년 10월 31일 23시,목요일,충청남도 금산군 금성면,경상사고,0,0,1,0,차대차 - 기타,안전운전불이행,건조,맑음,단일로 - 기타,승용,남,36세,경상,화물,남,50세,상해없음
2013103100100645,2013년 10월 31일 23시,목요일,충청남도 천안시 동남구 신방동,경상사고,0,0,2,0,차대차 - 추돌 - 주정차중,안전거리미확보,건조,맑음,교차로 - 교차로부근,승용,남,27세,상해없음,승용,남,28세,경상
2013110100100030,2013년 11월 1일 01시,금요일,충청남도 아산시 신창면,경상사고,0,0,2,0,차대차 - 기타,안전운전불이행,건조,맑음,기타 - 기타,승용,남,30세,상해없음,승용,남,48세,경상
2013110100100086,2013년 11월 1일 06시,금요일,충청남도 태안군 태안읍,중상사고,0,1,0,0,차대차 - 측면직각충돌,교차로운행방법위반,건조,맑음,교차로 - 교차로안,승용,남,62세,상해없음,이륜,남,76세,중상
2013110100100113,2013년 11월 1일 07시,금요일,충청남도 천안시 동남구 구성동,부상신고사고,0,0,0,1,차대차 - 추돌 - 진행중,안전운전불이행,건조,맑음,단일로 - 기타,기타불명,기타불명,기타불명,기타불명,승용,여,38세,부상신고
2013110100100148,2013년 11월 1일 08시,금요일,충청남도 천안시 서북구 업성동,경상사고,0,0,1,0,차대차 - 추돌 - 주정차중,안전운전불이행,건조,맑음,교차로 - 교차로안,건설기계,남,53세,상해없음,승용,남,36세,경상
2013110100100149,2013년 11월 1일 08시,금요일,충청남도 홍성군 홍성읍,중상사고,0,1,0,0,차대사람 - 보도통행중,안전운전불이행,건조,맑음,기타 - 기타,자전거,남,18세,기타불명,보행자,여,77세,중상
2013110100100150,2013년 11월 1일 08시,금요일,충청남도 당진시 정미면,사망사고,1,0,0,0,차량단독 - 도로외이탈 - 기타,안전운전불이행,건조,맑음,교차로 - 교차로부근,원동기,남,81세,사망,,,,
2013110100100193,2013년 11월 1일 09시,금요일,충청남도 논산시 연산면,경상사고,0,0,1,0,차대차 - 기타,중앙선침범,건조,맑음,단일로 - 기타,승용,남,64세,상해없음,승용,여,58세,경상
2013110100100194,2013년 11월 1일 09시,금요일,충청남도 논산시 노성면,중상사고,0,1,0,0,차대차 - 측면직각충돌,교차로운행방법위반,건조,맑음,교차로 - 교차로안,화물,남,67세,상해없음,이륜,남,74세,중상
2013110100100269,2013년 11월 1일 12시,금요일,충청남도 천안시 동남구 사직동,중상사고,0,1,0,0,차대사람 - 차도통행중,안전운전불이행,건조,맑음,단일로 - 기타,승합,남,49세,상해없음,보행자,남,83세,중상
2013110100100294,2013년 11월 1일 13시,금요일,충청남도 천안시 서북구 성정동,경상사고,0,0,1,0,차대사람 - 기타,안전운전불이행,건조,맑음,단일로 - 기타,기타불명,기타불명,기타불명,기타불명,보행자,남,34세,경상
2013110100100295,2013년 11월 1일 13시,금요일,충청남도 금산군 금산읍,중상사고,0,1,0,0,차대차 - 측면직각충돌,중앙선침범,건조,맑음,교차로 - 교차로부근,화물,남,60세,상해없음,이륜,남,31세,중상
2013110100100329,2013년 11월 1일 14시,금요일,충청남도 천안시 서북구 성정동,부상신고사고,0,0,0,1,차대사람 - 기타,안전운전불이행,건조,맑음,단일로 - 기타,승용,여,58세,상해없음,보행자,여,38세,부상신고
2013110100100330,2013년 11월 1일 14시,금요일,충청남도 천안시 동남구 청수동,경상사고,0,0,1,0,차대사람 - 횡단중,안전운전불이행,건조,맑음,기타 - 기타,승용,남,38세,상해없음,보행자,여,58세,경상
2013110100100359,2013년 11월 1일 15시,금요일,충청남도 천안시 서북구 성환읍,경상사고,0,0,1,0,차대사람 - 기타,안전운전불이행,건조,맑음,단일로 - 기타,승용,여,43세,상해없음,보행자,여,11세,경상
2013110100100424,2013년 11월 1일 17시,금요일,충청남도 홍성군 홍성읍,경상사고,0,0,1,0,차대차 - 추돌 - 진행중,안전운전불이행,건조,맑음,단일로 - 기타,승용,남,52세,상해없음,승용,여,37세,경상
2013110100100481,2013년 11월 1일 18시,금요일,충청남도 홍성군 홍성읍,중상사고,0,1,0,0,차대사람 - 기타,안전운전불이행,건조,맑음,교차로 - 교차로안,승용,여,56세,상해없음,보행자,여,32세,중상
2013110100100482,2013년 11월 1일 18시,금요일,충청남도 아산시 염치읍,중상사고,0,1,1,0,차대차 - 추돌 - 주정차중,안전운전불이행,건조,맑음,단일로 - 기타,승용,남,46세,상해없음,승용,남,40세,중상
2013110100100483,2013년 11월 1일 18시,금요일,충청남도 서천군 마산면,중상사고,0,1,0,0,차대사람 - 횡단중,안전운전불이행,건조,맑음,기타 - 기타,화물,남,55세,상해없음,보행자,남,85세,중상