사고번호,사고일시,요일,시군구,사고내용,사망자수,중상자수,경상자수,부상신고자수,사고유형,법규위반,노면상태,기상상태,도로형태,가해운전자 차종,가해운전자 성별,가해운전자 연령,가해운전자 상해정도,피해운전자 차종,피해운전자 성별,피해운전자 연령,피해운전자 상해정도
2013110600100335,2013년 11월 6일 16시,수요일,충청남도 공주시 신관동,중상사고,0,1,0,0,차대사람 - 횡단중,안전운전불이행,습기,비,단일로 - 기타,화물,남,58세,상해없음,보행자,여,76세,중상
2013110600100375,2013년 11월 6일 17시,수요일,충청남도 논산시 연산면,경상사고,0,0,1,0,차대차 - 기타,교차로운행방법위반,습기,비,교차로 - 교차로안,승용,여,47세,상해없음,승용,여,50세,상해없음
2013110600100376,2013년 11월 6일 17시,수요일,충청남도 계룡시 엄사면,경상사고,0,0,3,0,차대차 - 추돌 - 진행중,안전운전불이행,습기,비,단일로 - 기타,승용,남,41세,경상,화물,남,52세,기타불명
2013110600100377,2013년 11월 6일 17시,수요일,충청남도 아산시 풍기동,경상사고,0,0,1,0,차대차 - 추돌 - 주정차중,안전운전불이행,습기,비,단일로 - 기타,승용,남,25세,상해없음,승용,남,47세,경상
2013110600100378,2013년 11월 6일 17시,수요일,충청남도 천안시 동남구 원성동,중상사고,0,1,0,0,차대차 - 추돌 - 진행중,안전운전불이행,건조,맑음,단일로 - 기타,화물,남,43세,상해없음,승용,남,54세,상해없음
2013110600100428,2013년 11월 6일 18시,수요일,충청남도 논산시 부적면,중상사고,0,1,0,0,차대차 - 정면충돌,중앙선침범,습기,비,단일로 - 기타,건설기계,남,48세,상해없음,승용,남,30세,중상
2013110600100429,2013년 11월 6일 18시,수요일,충청남도 보령시 명천동,경상사고,0,0,2,0,차대차 - 정면충돌,중앙선침범,건조,맑음,단일로 - 기타,승용,남,63세,상해없음,승용,남,34세,경상
2013110600100430,2013년 11월 6일 18시,수요일,충청남도 천안시 동남구 병천면,경상사고,0,0,1,0,차대사람 - 기타,안전운전불이행,습기,비,교차로 - 교차로부근,기타불명,기타불명,기타불명,기타불명,보행자,남,47세,경상
2013110600100545,2013년 11월 6일 20시,수요일,충청남도 홍성군 갈산면,경상사고,0,0,2,0,차대차 - 측면직각충돌,차로위반,건조,맑음,단일로 - 기타,화물,남,39세,상해없음,승용,남,25세,경상
2013110600100546,2013년 11월 6일 20시,수요일,충청남도 아산시 풍기동,중상사고,0,1,0,0,차대차 - 측면직각충돌,신호위반,건조,맑음,교차로 - 교차로안,화물,남,39세,상해없음,승용,여,39세,중상
2013110600100580,2013년 11월 6일 21시,수요일,충청남도 서산시 동문동,중상사고,0,1,0,0,차대차 - 정면충돌,중앙선침범,건조,맑음,교차로 - 교차로부근,승용,남,46세,상해없음,승용,남,56세,중상
2013110600100581,2013년 11월 6일 21시,수요일,충청남도 천안시 서북구 두정동,경상사고,0,0,1,0,차대사람 - 횡단중,신호위반,건조,맑음,교차로 - 교차로부근,승용,여,51세,상해없음,보행자,여,14세,경상
2013110600100602,2013년 11월 6일 22시,수요일,충청남도 천안시 서북구 직산읍,경상사고,0,0,1,0,차대사람 - 횡단중,보행자보호의무위반,건조,맑음,단일로 - 횡단보도상,승용,남,53세,기타불명,보행자,여,17세,경상
2013110600100603,2013년 11월 6일 22시,수요일,충청남도 보령시 주교면,중상사고,0,2,1,0,차대차 - 정면충돌,안전운전불이행,건조,맑음,단일로 - 기타,승용,남,29세,상해없음,화물,남,58세,중상
2013110600100636,2013년 11월 6일 23시,수요일,충청남도 천안시 서북구 두정동,경상사고,0,0,2,0,차대차 - 추돌 - 주정차중,안전운전불이행,건조,맑음,단일로 - 기타,승용,남,31세,상해없음,승용,남,24세,경상
2013110600100637,2013년 11월 6일 23시,수요일,충청남도 당진시 읍내리,경상사고,0,0,1,0,차대차 - 측면직각충돌,신호위반,습기,안개,교차로 - 교차로안,승합,여,40세,상해없음,승용,남,44세,경상
2013110700100039,2013년 11월 7일 02시,목요일,충청남도 예산군 광시면,사망사고,1,0,0,0,차량단독 - 공작물충돌,안전운전불이행,습기,맑음,단일로 - 기타,화물,남,46세,사망,,,,
2013110700100112,2013년 11월 7일 07시,목요일,충청남도 홍성군 금마면,중상사고,0,1,0,0,차대사람 - 기타,안전운전불이행,습기,맑음,기타 - 기타,농기계,남,44세,상해없음,보행자,여,72세,중상
2013110700100179,2013년 11월 7일 09시,목요일,충청남도 천안시 서북구 백석동,중상사고,0,1,0,0,차대차 - 기타,신호위반,건조,맑음,단일로 - 기타,원동기,기타불명,기타불명,기타불명,원동기,여,45세,중상
2013110700100180,2013년 11월 7일 09시,목요일,충청남도 홍성군 광천읍,중상사고,0,1,0,0,차대차 - 기타,교차로운행방법위반,건조,맑음,교차로 - 교차로안,화물,남,49세,상해없음,자전거,남,72세,중상
2013110700100181,2013년 11월 7일 09시,목요일,충청남도 보령시 명천동,경상사고,0,0,1,0,차대사람 - 기타,안전운전불이행,건조,맑음,교차로 - 교차로부근,승용,남,27세,상해없음,보행자,남,15세,경상
2013110700100231,2013년 11월 7일 11시,목요일,충청남도 서천군 서천읍,중상사고,0,1,0,0,차대사람 - 횡단중,안전운전불이행,건조,맑음,교차로 - 교차로안,승용,여,59세,상해없음,보행자,여,71세,중상
2013110700100258,2013년 11월 7일 12시,목요일,충청남도 태안군 태안읍,부상신고사고,0,0,0,1,차대차 - 측면직각충돌,교차로운행방법위반,건조,맑음,교차로 - 교차로안,승용,여,58세,부상신고,승용,남,48세,상해없음
2013110700100285,2013년 11월 7일 13시,목요일,충청남도 천안시 서북구 쌍용동,중상사고,0,1,0,0,차대사람 - 횡단중,신호위반,건조,맑음,교차로 - 교차로부근,승용,남,65세,상해없음,보행자,여,66세,중상
2013110700100314,2013년 11월 7일 14시,목요일,충청남도 홍성군 은하면,경상사고,0,0,2,0,차대차 - 추돌 - 진행중,안전운전불이행,건조,맑음,단일로 - 기타,화물,남,52세,상해없음,승용,남,41세,경상
2013110700100357,2013년 11월 7일 15시,목요일,충청남도 보령시 신흑동,경상사고,0,0,3,0,차대차 - 측면직각충돌,직진우회전진행방해,건조,맑음,교차로 - 교차로안,승용,여,53세,경상,화물,남,63세,경상
2013110700100392,2013년 11월 7일 16시,목요일,충청남도 홍성군 홍북면,중상사고,0,1,0,0,차대차 - 기타,교차로운행방법위반,건조,맑음,교차로 - 교차로안,승용,남,43세,상해없음,승용,여,58세,중상
2013110700100393,2013년 11월 7일 16시,목요일,충청남도 예산군 예산읍,중상사고,0,1,0,0,차대사람 - 횡단중,안전운전불이행,건조,맑음,단일로 - 기타,승용,여,43세,상해없음,보행자,남,8세,중상
2013110700100426,2013년 11월 7일 17시,목요일,충청남도 당진시 석문면,경상사고,0,0,1,0,차대차 - 측면직각충돌,중앙선침범,건조,맑음,단일로 - 기타,이륜,남,71세,경상,승용,남,31세,상해없음
2013110700100427,2013년 11월 7일 17시,목요일,충청남도 금산군 금산읍,중상사고,0,1,0,0,차대사람 - 기타,안전운전불이행,건조,맑음,교차로 - 교차로안,승용,여,31세,상해없음,보행자,남,72세,중상
2013110700100428,2013년 11월 7일 17시,목요일,충청남도 천안시 동남구 신부동,중상사고,0,1,0,0,차대사람 - 기타,안전운전불이행,건조,맑음,교차로 - 교차로부근,화물,남,39세,상해없음,보행자,남,27세,중상
2013110700100508,2013년 11월 7일 19시,목요일,충청남도 논산시 광석면,사망사고,1,0,2,0,차대사람 - 횡단중,안전운전불이행,건조,맑음,단일로 - 기타,승용,남,54세,상해없음,보행자,남,74세,사망
2013110700100509,2013년 11월 7일 19시,목요일,충청남도 보령시 웅천읍,중상사고,0,1,0,0,차대사람 - 횡단중,안전운전불이행,건조,맑음,단일로 - 기타,화물,남,56세,상해없음,보행자,남,78세,중상
2013110700100544,2013년 11월 7일 20시,목요일,충청남도 보령시 성주면,경상사고,0,0,1,0,차대사람 - 횡단중,안전운전불이행,건조,맑음,단일로 - 기타,승용,남,30세,상해없음,보행자,여,64세,경상
2013110700100594,2013년 11월 7일 22시,목요일,충청남도 보령시 동대동,경상사고,0,0,2,0,차대차 - 추돌 - 진행중,안전운전불이행,건조,맑음,단일로 - 기타,승용,남,31세,경상,승용,남,55세,경상
2013110800100024,2013년 11월 8일 01시,금요일,충청남도 당진시 읍내리,경상사고,0,0,1,0,차대사람 - 차도통행중,안전운전불이행,건조,맑음,단일로 - 기타,승용,남,18세,상해없음,보행자,남,23세,경상
2013110800100032,2013년 11월 8일 02시,금요일,충청남도 천안시 동남구 목천읍,중상사고,0,1,3,0,차대차 - 기타,안전운전불이행,건조,맑음,단일로 - 기타,승용,남,29세,상해없음,이륜,남,17세,중상
2013110800100125,2013년 11월 8일 08시,금요일,충청남도 태안군 태안읍,중상사고,0,1,0,0,차대사람 - 차도통행중,안전운전불이행,건조,맑음,단일로 - 기타,화물,남,42세,상해없음,보행자,여,84세,중상
2013110800100126,2013년 11월 8일 08시,금요일,충청남도 홍성군 광천읍,중상사고,0,1,2,0,차대차 - 측면직각충돌,차로위반,건조,맑음,단일로 - 기타,화물,남,72세,상해없음,승용,여,42세,중상
2013110800100127,2013년 11월 8일 08시,금요일,충청남도 예산군 예산읍,중상사고,0,1,0,0,차대사람 - 차도통행중,안전운전불이행,건조,맑음,교차로 - 교차로안,화물,남,62세,상해없음,보행자,남,69세,중상
2013110800100128,2013년 11월 8일 08시,금요일,충청남도 부여군 석성면,중상사고,0,1,0,0,차대차 - 추돌 - 진행중,안전운전불이행,건조,맑음,단일로 - 기타,이륜,남,66세,중상,건설기계,남,50세,상해없음
2013110800100157,2013년 11월 8일 09시,금요일,충청남도 서산시 대산읍,중상사고,0,1,0,0,차대차 - 측면직각충돌,신호위반,건조,맑음,교차로 - 교차로안,건설기계,남,65세,상해없음,특수,남,54세,중상
2013110800100192,2013년 11월 8일 10시,금요일,충청남도 계룡시 두마면,경상사고,0,0,2,0,차대차 - 측면직각충돌,중앙선침범,건조,맑음,단일로 - 기타,화물,남,48세,경상,승용,여,57세,경상
2013110800100193,2013년 11월 8일 10시,금요일,충청남도 천안시 동남구 삼룡동,경상사고,0,0,1,0,차대차 - 기타,안전운전불이행,건조,맑음,단일로 - 기타,승용,남,63세,상해없음,화물,남,49세,경상
2013110800100223,2013년 11월 8일 11시,금요일,충청남도 금산군 금산읍,경상사고,0,0,1,0,차대차 - 기타,중앙선침범,건조,맑음,교차로 - 교차로부근,승용,여,40세,상해없음,원동기,남,62세,경상
2013110800100224,2013년 11월 8일 11시,금요일,충청남도 청양군 정산면,경상사고,0,0,1,0,차대차 - 측면직각충돌,직진우회전진행방해,건조,맑음,교차로 - 교차로안,승용,남,27세,상해없음,화물,남,54세,경상
2013110800100257,2013년 11월 8일 12시,금요일,충청남도 계룡시 엄사면,중상사고,0,1,1,0,차대차 - 측면직각충돌,교차로운행방법위반,건조,맑음,교차로 - 교차로안,이륜,남,42세,중상,승용,여,62세,경상
2013110800100258,2013년 11월 8일 12시,금요일,충청남도 금산군 추부면,경상사고,0,0,1,0,차대차 - 기타,안전운전불이행,건조,맑음,교차로 - 교차로안,화물,남,24세,상해없음,화물,남,53세,경상
2013110800100288,2013년 11월 8일 13시,금요일,충청남도 논산시 연무읍,중상사고,0,1,1,0,차대차 - 정면충돌,중앙선침범,건조,맑음,단일로 - 기타,승용,남,64세,경상,화물,남,39세,중상
2013110800100399,2013년 11월 8일 16시,금요일,충청남도 당진시 송산면,중상사고,0,1,0,0,차대차 - 정면충돌,중앙선침범,건조,맑음,단일로 - 기타,승용,남,67세,상해없음,화물,여,49세,중상
2013110800100431,2013년 11월 8일 17시,금요일,충청남도 서산시 동문동,중상사고,0,1,0,0,차대차 - 측면직각충돌,교차로운행방법위반,건조,맑음,교차로 - 교차로안,승용,여,30세,상해없음,자전거,남,14세,중상
2013110800100432,2013년 11월 8일 17시,금요일,충청남도 보령시 주교면,사망사고,1,0,0,0,차대차 - 추돌 - 진행중,안전운전불이행,건조,맑음,단일로 - 터널,화물,남,49세,사망,건설기계,남,47세,상해없음
2013110800100433,2013년 11월 8일 17시,금요일,충청남도 보령시 오천면,경상사고,0,0,1,0,차대차 - 추돌 - 진행중,안전운전불이행,건조,맑음,단일로 - 기타,승용,남,31세,상해없음,이륜,남,77세,경상
2013110800100435,2013년 11월 8일 17시,금요일,충청남도 부여군 부여읍,중상사고,0,1,0,0,차대사람 - 횡단중,보행자보호의무위반,건조,맑음,단일로 - 횡단보도상,승용,남,45세,상해없음,보행자,여,66세,중상
2013110800100486,2013년 11월 8일 18시,금요일,충청남도 천안시 서북구 백석동,경상사고,0,0,2,0,차대차 - 추돌 - 주정차중,안전운전불이행,건조,맑음,교차로 - 교차로부근,승용,남,45세,상해없음,승용,남,42세,경상
2013110800100487,2013년 11월 8일 18시,금요일,충청남도 천안시 서북구 차암동,경상사고,0,0,1,0,차대차 - 기타,교차로운행방법위반,건조,맑음,교차로 - 교차로안,화물,남,56세,상해없음,승용,남,49세,경상
2013110800100488,2013년 11월 8일 18시,금요일,충청남도 홍성군 홍성읍,중상사고,0,1,0,0,차대차 - 기타,안전운전불이행,건조,맑음,단일로 - 기타,승용,여,45세,상해없음,자전거,남,64세,중상
2013110800100489,2013년 11월 8일 18시,금요일,충청남도 보령시 주교면,경상사고,0,0,2,0,차대차 - 측면직각충돌,신호위반,건조,맑음,교차로 - 교차로안,승용,남,42세,경상,승합,남,35세,경상
2013110800100490,2013년 11월 8일 18시,금요일,충청남도 금산군 군북면,중상사고,0,1,0,0,차량단독 - 공작물충돌,안전운전불이행,건조,맑음,단일로 - 기타,화물,남,43세,중상,,,,
2013110800100544,2013년 11월 8일 19시,금요일,충청남도 홍성군 구항면,경상사고,0,0,1,0,차대차 - 기타,안전운전불이행,건조,맑음,단일로 - 기타,화물,남,58세,상해없음,화물,남,49세,경상
2013110800100545,2013년 11월 8일 19시,금요일,충청남도 아산시 탕정면,경상사고,0,0,1,0,차대차 - 기타,안전운전불이행,건조,맑음,교차로 - 교차로안,승용,여,31세,상해없음,승용,여,50세,경상
2013110800100546,2013년 11월 8일 19시,금요일,충청남도 아산시 권곡동,중상사고,0,1,0,0,차대사람 - 횡단중,안전운전불이행,건조,맑음,기타 - 기타,원동기,남,16세,상해없음,보행자,여,71세,중상
2013110800100547,2013년 11월 8일 19시,금요일,충청남도 보령시 궁촌동,경상사고,0,0,1,0,차대차 - 추돌 - 주정차중,안전운전불이행,건조,맑음,교차로 - 교차로부근,승용,남,29세,상해없음,승용,남,30세,경상
2013110800100548,2013년 11월 8일 19시,금요일,충청남도 예산군 오가면,경상사고,0,0,2,0,차대차 - 추돌 - 주정차중,안전운전불이행,건조,맑음,교차로 - 교차로부근,승용,여,51세,기타불명,승용,남,19세,경상
2013110800100549,2013년 11월 8일 19시,금요일,충청남도 예산군 예산읍,중상사고,0,1,0,0,차대사람 - 횡단중,안전운전불이행,건조,맑음,단일로 - 기타,화물,남,45세,상해없음,보행자,남,50세,중상
2013110800100550,2013년 11월 8일 19시,금요일,충청남도 당진시 읍내리,경상사고,0,0,1,0,차대차 - 추돌 - 주정차중,안전운전불이행,건조,흐림,기타 - 기타,승용,여,63세,상해없음,이륜,남,53세,경상
2013110800100589,2013년 11월 8일 20시,금요일,충청남도 천안시 서북구 불당동,중상사고,0,1,1,0,차대차 - 추돌 - 진행중,안전운전불이행,건조,맑음,교차로 - 교차로부근,승용,남,33세,상해없음,승용,남,50세,중상
2013110800100590,2013년 11월 8일 20시,금요일,충청남도 당진시 송악읍,중상사고,0,1,0,0,차대사람 - 길가장자리구역통행중,안전운전불이행,건조,기타,기타 - 기타,승용,남,35세,상해없음,보행자,남,50세,중상
2013110900100017,2013년 11월 9일 00시,토요일,충청남도 서산시 읍내동,중상사고,0,1,0,0,차대차 - 추돌 - 주정차중,안전운전불이행,건조,맑음,단일로 - 기타,승합,여,26세,상해없음,승용,남,55세,상해없음
2013110900100037,2013년 11월 9일 01시,토요일,충청남도 서산시 동문동,경상사고,0,0,4,0,차대차 - 측면직각충돌,중앙선침범,건조,맑음,단일로 - 기타,승용,남,29세,상해없음,승합,남,40세,경상
2013110900100038,2013년 11월 9일 01시,토요일,충청남도 아산시 염치읍,경상사고,0,0,1,0,차대차 - 기타,안전운전불이행,건조,맑음,기타 - 기타,승용,남,34세,상해없음,화물,남,38세,경상
2013110900100088,2013년 11월 9일 04시,토요일,충청남도 당진시 송악읍,중상사고,0,1,0,0,차대차 - 추돌 - 주정차중,안전운전불이행,건조,흐림,기타 - 기타,승용,남,26세,상해없음,승용,여,26세,중상
2013110900100171,2013년 11월 9일 08시,토요일,충청남도 서천군 서천읍,사망사고,1,0,0,0,차대차 - 정면충돌,안전운전불이행,건조,흐림,단일로 - 기타,원동기,남,76세,사망,승용,남,45세,상해없음
2013110900100172,2013년 11월 9일 08시,토요일,충청남도 공주시 월송동,경상사고,0,0,1,0,차대차 - 측면직각충돌,안전운전불이행,건조,맑음,교차로 - 교차로안,건설기계,남,32세,상해없음,이륜,여,45세,경상
2013110900100190,2013년 11월 9일 09시,토요일,충청남도 공주시 신풍면,사망사고,1,0,0,0,차량단독 - 도로외이탈 - 기타,안전운전불이행,건조,맑음,단일로 - 기타,농기계,남,74세,사망,,,,
2013110900100216,2013년 11월 9일 10시,토요일,충청남도 천안시 서북구 성성동,중상사고,0,1,0,0,차대차 - 기타,신호위반,건조,맑음,교차로 - 교차로안,승용,남,51세,상해없음,승용,남,35세,중상
2013110900100244,2013년 11월 9일 11시,토요일,충청남도 보령시 청라면,중상사고,0,1,1,0,차대차 - 측면직각충돌,중앙선침범,습기,비,단일로 - 기타,승용,남,18세,경상,승용,남,49세,중상
2013110900100266,2013년 11월 9일 12시,토요일,충청남도 태안군 남면,중상사고,0,1,1,0,차대차 - 측면직각충돌,신호위반,습기,비,교차로 - 교차로안,승용,여,43세,상해없음,승용,남,62세,경상
2013110900100327,2013년 11월 9일 14시,토요일,충청남도 서산시 해미면,중상사고,0,1,0,0,차대차 - 기타,직진우회전진행방해,건조,맑음,교차로 - 교차로안,자전거,여,60세,중상,승용,남,29세,상해없음
2013110900100328,2013년 11월 9일 14시,토요일,충청남도 보령시 천북면,중상사고,0,1,0,0,차대차 - 추돌 - 진행중,안전운전불이행,습기,비,단일로 - 기타,승합,남,61세,상해없음,화물,남,66세,중상
2013110900100360,2013년 11월 9일 15시,토요일,충청남도 홍성군 광천읍,중상사고,0,1,1,0,차대차 - 측면직각충돌,신호위반,습기,비,교차로 - 교차로안,승용,남,58세,상해없음,승용,남,50세,중상
2013110900100361,2013년 11월 9일 15시,토요일,충청남도 청양군 청양읍,경상사고,0,0,1,0,차대차 - 측면직각충돌,중앙선침범,습기,비,단일로 - 기타,승용,여,41세,상해없음,승용,여,55세,경상
2013110900100405,2013년 11월 9일 16시,토요일,충청남도 천안시 서북구 두정동,부상신고사고,0,0,0,1,차대차 - 측면직각충돌,교차로운행방법위반,건조,맑음,교차로 - 교차로안,기타불명,기타불명,기타불명,기타불명,이륜,남,17세,부상신고
2013110900100406,2013년 11월 9일 16시,토요일,충청남도 홍성군 광천읍,경상사고,0,0,1,0,차대차 - 측면직각충돌,중앙선침범,습기,비,교차로 - 교차로안,승용,남,69세,상해없음,화물,남,58세,경상
2013110900100407,2013년 11월 9일 16시,토요일,충청남도 부여군 석성면,중상사고,0,1,0,0,차대차 - 기타,직진우회전진행방해,건조,맑음,교차로 - 교차로안,원동기,남,75세,중상,화물,남,48세,상해없음
2013110900100408,2013년 11월 9일 16시,토요일,충청남도 당진시 송산면,중상사고,0,1,0,0,차대사람 - 기타,안전운전불이행,습기,비,단일로 - 기타,승용,남,50세,상해없음,보행자,남,52세,중상
2013110900100409,2013년 11월 9일 16시,토요일,충청남도 당진시 신평면,경상사고,0,0,2,0,차대차 - 추돌 - 진행중,안전거리미확보,습기,비,단일로 - 기타,승용,남,27세,상해없음,승용,여,42세,경상
2013110900100410,2013년 11월 9일 16시,토요일,충청남도 천안시 동남구 안서동,경상사고,0,0,3,0,차대차 - 추돌 - 진행중,안전거리미확보,습기,비,단일로 - 기타,승용,남,47세,상해없음,승용,남,54세,경상
2013110900100539,2013년 11월 9일 18시,토요일,충청남도 천안시 서북구 성환읍,중상사고,0,1,0,0,차대사람 - 기타,안전운전불이행,습기,맑음,단일로 - 기타,승용,남,26세,상해없음,보행자,남,53세,중상
2013110900100540,2013년 11월 9일 18시,토요일,충청남도 논산시 연산면,경상사고,0,0,1,0,차대차 - 정면충돌,중앙선침범,습기,비,미분류 - 미분류,화물,남,69세,상해없음,승용,남,50세,경상
2013110900100743,2013년 11월 9일 21시,토요일,충청남도 서산시 읍내동,경상사고,0,0,2,0,차대차 - 측면직각충돌,교차로운행방법위반,습기,흐림,교차로 - 교차로안,승용,남,22세,상해없음,승용,여,29세,경상
2013110900100744,2013년 11월 9일 21시,토요일,충청남도 공주시 신관동,중상사고,0,1,0,0,차대차 - 정면충돌,중앙선침범,습기,비,단일로 - 기타,승용,남,25세,상해없음,승용,남,61세,중상
2013110900100790,2013년 11월 9일 22시,토요일,충청남도 서산시 대산읍,경상사고,0,0,3,0,차대차 - 정면충돌,신호위반,습기,비,교차로 - 교차로안,승용,남,58세,상해없음,승용,여,37세,경상
2013110900100791,2013년 11월 9일 22시,토요일,충청남도 서산시 읍내동,중상사고,0,1,0,0,차대차 - 측면직각충돌,안전운전불이행,습기,비,교차로 - 교차로안,원동기,남,18세,중상,승용,여,20세,상해없음
2013110900100792,2013년 11월 9일 22시,토요일,충청남도 천안시 서북구 두정동,경상사고,0,0,2,0,차대차 - 추돌 - 진행중,안전운전불이행,습기,기타,교차로 - 교차로부근,승용,남,52세,상해없음,승용,여,46세,경상
2013110900100793,2013년 11월 9일 22시,토요일,충청남도 아산시 음봉면,사망사고,1,0,0,0,차량단독 - 공작물충돌,안전운전불이행,습기,비,단일로 - 교량,승용,남,45세,사망,,,,
2013110900100794,2013년 11월 9일 22시,토요일,충청남도 서천군 서천읍,경상사고,0,0,1,0,차대사람 - 길가장자리구역통행중,안전운전불이행,건조,맑음,단일로 - 기타,승용,남,53세,상해없음,보행자,남,34세,경상
2013110900100795,2013년 11월 9일 22시,토요일,충청남도 보령시 웅천읍,경상사고,0,0,1,0,차대사람 - 기타,불법유턴,습기,흐림,기타 - 기타,승용,남,21세,상해없음,보행자,여,43세,경상
2013110900100799,2013년 11월 9일 22시,토요일,충청남도 홍성군 갈산면,경상사고,0,0,2,0,차대차 - 기타,안전운전불이행,습기,비,단일로 - 기타,승용,남,60세,상해없음,승용,남,52세,경상
2013110900100845,2013년 11월 9일 23시,토요일,충청남도 천안시 서북구 성정동,경상사고,0,0,2,0,차대차 - 기타,신호위반,습기,비,교차로 - 교차로안,이륜,남,22세,경상,이륜,남,60세,경상
2013110900100846,2013년 11월 9일 23시,토요일,충청남도 아산시 모종동,경상사고,0,0,1,0,차대차 - 추돌 - 진행중,안전거리미확보,건조,맑음,교차로 - 교차로부근,승용,남,30세,상해없음,승용,남,23세,경상
2013110900100847,2013년 11월 9일 23시,토요일,충청남도 당진시 시곡리,중상사고,0,2,0,0,차대차 - 추돌 - 주정차중,안전운전불이행,습기,비,단일로 - 기타,승용,남,56세,상해없음,승용,남,30세,중상
2013111000100022,2013년 11월 10일 00시,일요일,충청남도 천안시 서북구 성정동,경상사고,0,0,1,0,차대사람 - 기타,안전운전불이행,건조,맑음,단일로 - 기타,승용,남,57세,상해없음,보행자,남,53세,경상
2013111000100023,2013년 11월 10일 00시,일요일,충청남도 부여군 부여읍,경상사고,0,0,1,0,차대차 - 기타,안전운전불이행,습기,비,단일로 - 기타,화물,여,50세,경상,승용,남,38세,기타불명
2013111000100050,2013년 11월 10일 01시,일요일,충청남도 공주시 신관동,경상사고,0,0,1,0,차대사람 - 기타,안전운전불이행,건조,맑음,교차로 - 교차로안,승용,남,30세,상해없음,보행자,여,30세,경상
2013111000100081,2013년 11월 10일 02시,일요일,충청남도 천안시 서북구 두정동,경상사고,0,0,3,0,차대차 - 추돌 - 진행중,안전운전불이행,습기,비,단일로 - 기타,승용,남,30세,상해없음,승용,남,47세,경상
2013111000100082,2013년 11월 10일 02시,일요일,충청남도 천안시 서북구 성정동,중상사고,0,1,0,0,차대사람 - 횡단중,안전운전불이행,습기,맑음,단일로 - 기타,승용,남,45세,상해없음,보행자,남,46세,중상
2013111000100140,2013년 11월 10일 06시,일요일,충청남도 금산군 금성면,경상사고,0,0,1,0,차대차 - 기타,중앙선침범,습기,흐림,단일로 - 기타,자전거,남,64세,경상,화물,남,40세,상해없음
2013111000100191,2013년 11월 10일 09시,일요일,충청남도 논산시 연무읍,중상사고,0,1,0,0,차대차 - 추돌 - 진행중,안전운전불이행,건조,맑음,교차로 - 교차로부근,승용,남,57세,상해없음,승용,남,43세,중상
2013111000100218,2013년 11월 10일 10시,일요일,충청남도 천안시 서북구 쌍용동,중상사고,0,3,3,0,차대차 - 측면직각충돌,직진우회전진행방해,건조,맑음,교차로 - 교차로안,승용,남,27세,상해없음,승용,남,50세,경상
2013111000100219,2013년 11월 10일 10시,일요일,충청남도 홍성군 광천읍,중상사고,0,1,0,0,차대사람 - 차도통행중,안전운전불이행,건조,맑음,교차로 - 교차로안,승합,남,48세,상해없음,보행자,여,78세,중상
2013111000100244,2013년 11월 10일 11시,일요일,충청남도 천안시 동남구 구성동,사망사고,1,14,28,0,차대차 - 추돌 - 진행중,안전운전불이행,건조,맑음,단일로 - 기타,승합,남,66세,중상,승합,남,51세,상해없음
2013111000100306,2013년 11월 10일 13시,일요일,충청남도 서산시 동문동,경상사고,0,0,1,0,차대사람 - 횡단중,안전운전불이행,건조,맑음,단일로 - 기타,자전거,남,17세,상해없음,보행자,여,68세,경상
2013111000100307,2013년 11월 10일 13시,일요일,충청남도 천안시 서북구 입장면,중상사고,0,1,0,0,차대차 - 측면직각충돌,교차로운행방법위반,건조,맑음,교차로 - 교차로안,승용,남,27세,상해없음,승용,남,64세,중상
2013111000100308,2013년 11월 10일 13시,일요일,충청남도 예산군 신암면,경상사고,0,0,5,0,차대차 - 측면직각충돌,신호위반,건조,맑음,교차로 - 교차로안,승용,남,36세,상해없음,승용,남,53세,경상
2013111000100341,2013년 11월 10일 14시,일요일,충청남도 서천군 서천읍,경상사고,0,0,1,0,차대사람 - 기타,안전운전불이행,건조,흐림,교차로 - 교차로부근,승용,남,59세,상해없음,보행자,남,63세,경상
2013111000100404,2013년 11월 10일 16시,일요일,충청남도 당진시 정미면,중상사고,0,1,0,0,차량단독 - 기타,안전운전불이행,건조,맑음,단일로 - 기타,승합,남,37세,상해없음,,,,
2013111000100434,2013년 11월 10일 17시,일요일,충청남도 청양군 장평면,중상사고,0,1,0,0,차대차 - 측면직각충돌,안전거리미확보,건조,맑음,단일로 - 기타,이륜,남,44세,중상,승용,남,63세,상해없음
2013111000100475,2013년 11월 10일 18시,일요일,충청남도 논산시 연무읍,중상사고,0,1,0,0,차대사람 - 횡단중,안전운전불이행,건조,맑음,단일로 - 기타,승합,남,50세,상해없음,보행자,여,74세,중상
2013111000100477,2013년 11월 10일 18시,일요일,충청남도 보령시 신흑동,중상사고,0,3,0,0,차대차 - 정면충돌,신호위반,건조,맑음,교차로 - 교차로안,승용,남,54세,중상,승용,여,46세,중상
2013111000100478,2013년 11월 10일 18시,일요일,충청남도 보령시 천북면,경상사고,0,0,3,0,차대차 - 기타,직진우회전진행방해,건조,맑음,교차로 - 교차로안,승용,여,52세,경상,화물,여,66세,상해없음