사고번호,사고일시,요일,시군구,사고내용,사망자수,중상자수,경상자수,부상신고자수,사고유형,법규위반,노면상태,기상상태,도로형태,가해운전자 차종,가해운전자 성별,가해운전자 연령,가해운전자 상해정도,피해운전자 차종,피해운전자 성별,피해운전자 연령,피해운전자 상해정도
2013111000100482,2013년 11월 10일 18시,일요일,충청남도 당진시 용연리,중상사고,0,1,1,0,차대차 - 추돌 - 진행중,안전거리미확보,건조,맑음,단일로 - 기타,승용,남,57세,상해없음,승용,남,28세,상해없음
2013111000100555,2013년 11월 10일 20시,일요일,충청남도 태안군 태안읍,중상사고,0,2,0,0,차대차 - 정면충돌,중앙선침범,건조,맑음,단일로 - 기타,승용,남,65세,상해없음,승용,남,41세,중상
2013111000100556,2013년 11월 10일 20시,일요일,충청남도 천안시 서북구 두정동,경상사고,0,0,2,0,차대차 - 기타,교차로운행방법위반,건조,맑음,교차로 - 교차로안,원동기,남,33세,경상,원동기,남,38세,경상
2013111000100557,2013년 11월 10일 20시,일요일,충청남도 천안시 서북구 직산읍,경상사고,0,0,3,0,차대차 - 추돌 - 주정차중,안전운전불이행,건조,맑음,교차로 - 교차로부근,승용,남,42세,상해없음,승용,남,38세,경상
2013111000100586,2013년 11월 10일 21시,일요일,충청남도 논산시 은진면,사망사고,1,0,0,0,차량단독 - 공작물충돌,안전운전불이행,건조,맑음,단일로 - 기타,승용,남,72세,사망,,,,
2013111000100587,2013년 11월 10일 21시,일요일,충청남도 논산시 취암동,중상사고,0,1,0,0,차대사람 - 횡단중,과속,건조,흐림,단일로 - 기타,승용,남,45세,상해없음,보행자,남,52세,중상
2013111000100588,2013년 11월 10일 21시,일요일,충청남도 논산시 취암동,중상사고,0,1,1,0,차대차 - 추돌 - 진행중,안전운전불이행,건조,맑음,교차로 - 교차로부근,승용,남,51세,상해없음,승용,남,48세,중상
2013111000100620,2013년 11월 10일 22시,일요일,충청남도 금산군 금산읍,경상사고,0,0,1,0,차대차 - 기타,안전운전불이행,건조,맑음,교차로 - 교차로부근,기타불명,기타불명,기타불명,기타불명,승용,여,36세,경상
2013111100100023,2013년 11월 11일 02시,월요일,충청남도 홍성군 홍성읍,중상사고,0,2,1,0,차대차 - 측면직각충돌,중앙선침범,건조,맑음,교차로 - 교차로부근,승용,남,26세,상해없음,승용,남,47세,중상
2013111100100043,2013년 11월 11일 05시,월요일,충청남도 서산시 동문동,중상사고,0,2,0,0,차대차 - 측면직각충돌,신호위반,건조,맑음,교차로 - 교차로안,화물,남,32세,상해없음,승용,남,69세,중상
2013111100100078,2013년 11월 11일 07시,월요일,충청남도 홍성군 결성면,경상사고,0,0,1,0,차대차 - 추돌 - 진행중,안전운전불이행,건조,맑음,교차로 - 교차로부근,승용,여,55세,상해없음,농기계,남,76세,경상
2013111100100079,2013년 11월 11일 07시,월요일,충청남도 아산시 읍내동,중상사고,0,1,0,0,차대차 - 기타,직진우회전진행방해,건조,맑음,교차로 - 교차로안,승용,남,52세,상해없음,원동기,남,48세,중상
2013111100100080,2013년 11월 11일 07시,월요일,충청남도 천안시 동남구 신방동,경상사고,0,0,1,0,차대차 - 기타,안전운전불이행,건조,맑음,교차로 - 교차로부근,이륜,남,54세,상해없음,승용,남,43세,경상
2013111100100126,2013년 11월 11일 08시,월요일,충청남도 천안시 서북구 입장면,경상사고,0,0,1,0,차대차 - 추돌 - 주정차중,안전운전불이행,건조,맑음,교차로 - 교차로부근,승용,남,47세,상해없음,승용,여,53세,경상
2013111100100127,2013년 11월 11일 08시,월요일,충청남도 논산시 연무읍,경상사고,0,0,1,0,차대차 - 추돌 - 주정차중,안전운전불이행,건조,맑음,단일로 - 기타,승용,여,41세,상해없음,승용,남,30세,경상
2013111100100159,2013년 11월 11일 09시,월요일,충청남도 서산시 동문동,중상사고,0,1,0,0,차대사람 - 횡단중,안전운전불이행,건조,맑음,교차로 - 교차로안,승용,남,70세,상해없음,보행자,여,71세,중상
2013111100100183,2013년 11월 11일 10시,월요일,충청남도 서산시 예천동,중상사고,0,1,1,0,차대차 - 측면직각충돌,안전운전불이행,건조,맑음,교차로 - 교차로안,화물,남,56세,상해없음,승합,남,56세,경상
2013111100100242,2013년 11월 11일 12시,월요일,충청남도 서산시 온석동,중상사고,0,1,0,0,차대차 - 측면직각충돌,중앙선침범,건조,맑음,단일로 - 기타,화물,남,56세,상해없음,승용,여,39세,중상
2013111100100243,2013년 11월 11일 12시,월요일,충청남도 논산시 상월면,중상사고,0,1,0,0,차대차 - 측면직각충돌,안전운전불이행,건조,맑음,단일로 - 기타,승용,남,25세,상해없음,이륜,남,63세,중상
2013111100100244,2013년 11월 11일 12시,월요일,충청남도 당진시 합덕읍,경상사고,0,0,2,0,차대차 - 측면직각충돌,신호위반,건조,맑음,교차로 - 교차로안,승용,기타불명,기타불명,기타불명,승용,남,25세,경상
2013111100100245,2013년 11월 11일 12시,월요일,충청남도 청양군 정산면,중상사고,0,2,0,0,차대차 - 기타,신호위반,건조,맑음,교차로 - 교차로안,승용,남,47세,중상,승용,남,74세,중상
2013111100100278,2013년 11월 11일 13시,월요일,충청남도 서산시 예천동,중상사고,0,1,0,0,차대차 - 측면직각충돌,신호위반,건조,맑음,교차로 - 교차로안,화물,남,27세,상해없음,원동기,남,72세,중상
2013111100100279,2013년 11월 11일 13시,월요일,충청남도 당진시 신평면,경상사고,0,0,1,0,차대차 - 측면직각충돌,안전거리미확보,건조,맑음,단일로 - 기타,화물,남,74세,상해없음,승용,여,32세,경상
2013111100100320,2013년 11월 11일 14시,월요일,충청남도 홍성군 갈산면,중상사고,0,1,0,0,차대사람 - 기타,안전운전불이행,건조,맑음,단일로 - 기타,승용,남,47세,상해없음,보행자,남,45세,중상
2013111100100346,2013년 11월 11일 15시,월요일,충청남도 천안시 동남구 삼룡동,경상사고,0,0,1,0,차대차 - 추돌 - 진행중,안전운전불이행,건조,맑음,교차로 - 교차로안,승용,여,42세,상해없음,승용,남,52세,상해없음
2013111100100392,2013년 11월 11일 16시,월요일,충청남도 부여군 부여읍,경상사고,0,0,1,0,차대사람 - 기타,안전운전불이행,건조,맑음,기타 - 기타,승용,여,54세,상해없음,보행자,여,52세,경상
2013111100100423,2013년 11월 11일 17시,월요일,충청남도 보령시 대천동,중상사고,0,1,0,0,차대차 - 기타,안전운전불이행,건조,맑음,단일로 - 기타,승용,여,55세,상해없음,승용,여,50세,중상
2013111100100479,2013년 11월 11일 18시,월요일,충청남도 천안시 서북구 두정동,경상사고,0,0,1,0,차대차 - 측면직각충돌,안전운전불이행,건조,맑음,교차로 - 교차로안,승용,여,41세,상해없음,자전거,남,89세,경상
2013111100100480,2013년 11월 11일 18시,월요일,충청남도 논산시 내동,중상사고,0,1,0,0,차대차 - 측면직각충돌,중앙선침범,건조,맑음,교차로 - 교차로부근,승용,남,37세,상해없음,이륜,남,39세,중상
2013111100100481,2013년 11월 11일 18시,월요일,충청남도 논산시 강산동,중상사고,0,1,0,0,차대차 - 측면직각충돌,교차로운행방법위반,건조,맑음,교차로 - 교차로안,승용,여,48세,상해없음,승용,남,52세,중상
2013111100100482,2013년 11월 11일 18시,월요일,충청남도 예산군 응봉면,중상사고,0,1,0,0,차대차 - 기타,직진우회전진행방해,건조,맑음,교차로 - 교차로안,이륜,남,67세,중상,건설기계,남,50세,상해없음
2013111100100552,2013년 11월 11일 20시,월요일,충청남도 당진시 읍내리,중상사고,0,1,1,0,차대차 - 정면충돌,신호위반,건조,맑음,교차로 - 교차로안,승용,남,23세,상해없음,승용,남,26세,경상
2013111100100651,2013년 11월 11일 23시,월요일,충청남도 서산시 읍내동,중상사고,0,1,0,0,차대차 - 측면직각충돌,교차로운행방법위반,건조,맑음,교차로 - 교차로안,원동기,남,18세,중상,승용,남,37세,상해없음
2013111200100026,2013년 11월 12일 01시,화요일,충청남도 천안시 서북구 백석동,경상사고,0,0,1,0,차대차 - 기타,안전운전불이행,건조,맑음,교차로 - 교차로안,기타불명,기타불명,기타불명,기타불명,승용,남,43세,경상
2013111200100064,2013년 11월 12일 05시,화요일,충청남도 천안시 서북구 두정동,경상사고,0,0,1,0,차대사람 - 기타,안전운전불이행,건조,맑음,단일로 - 기타,승용,남,28세,상해없음,보행자,여,22세,경상
2013111200100065,2013년 11월 12일 05시,화요일,충청남도 서천군 마서면,중상사고,0,1,0,0,차대차 - 기타,안전운전불이행,건조,맑음,단일로 - 기타,화물,남,62세,상해없음,승용,여,41세,중상
2013111200100066,2013년 11월 12일 05시,화요일,충청남도 논산시 벌곡면,중상사고,0,1,0,0,차대차 - 추돌 - 진행중,안전운전불이행,건조,맑음,단일로 - 기타,화물,남,50세,중상,화물,남,35세,상해없음
2013111200100103,2013년 11월 12일 07시,화요일,충청남도 예산군 신암면,경상사고,0,0,1,0,차대차 - 기타,중앙선침범,건조,맑음,단일로 - 기타,화물,남,61세,상해없음,특수,남,44세,경상
2013111200100144,2013년 11월 12일 08시,화요일,충청남도 천안시 서북구 입장면,경상사고,0,0,1,0,차대차 - 측면직각충돌,교차로운행방법위반,건조,맑음,교차로 - 교차로안,승용,여,59세,기타불명,화물,남,55세,경상
2013111200100145,2013년 11월 12일 08시,화요일,충청남도 논산시 양촌면,사망사고,1,0,0,0,차대차 - 추돌 - 진행중,안전운전불이행,건조,맑음,교차로 - 교차로부근,이륜,남,90세 이상,사망,승합,남,90세 이상,상해없음
2013111200100265,2013년 11월 12일 12시,화요일,충청남도 태안군 안면읍,중상사고,0,1,0,0,차대차 - 기타,안전운전불이행,건조,맑음,기타 - 기타,화물,남,53세,상해없음,원동기,여,58세,중상
2013111200100266,2013년 11월 12일 12시,화요일,충청남도 서천군 마서면,중상사고,0,1,0,0,차대차 - 기타,기타,건조,맑음,교차로 - 교차로안,화물,남,61세,상해없음,이륜,남,70세,중상
2013111200100290,2013년 11월 12일 13시,화요일,충청남도 논산시 대교동,경상사고,0,0,2,0,차대차 - 측면직각충돌,교차로운행방법위반,건조,맑음,교차로 - 교차로안,화물,남,51세,상해없음,승용,남,25세,경상
2013111200100355,2013년 11월 12일 15시,화요일,충청남도 홍성군 홍북면,중상사고,0,1,0,0,차대차 - 측면직각충돌,안전운전불이행,건조,맑음,교차로 - 교차로안,건설기계,남,46세,상해없음,화물,남,59세,중상
2013111200100395,2013년 11월 12일 16시,화요일,충청남도 당진시 읍내리,경상사고,0,0,1,0,차대차 - 추돌 - 주정차중,안전거리미확보,건조,맑음,교차로 - 교차로부근,승용,남,51세,상해없음,화물,남,30세,경상
2013111200100420,2013년 11월 12일 17시,화요일,충청남도 서산시 동문동,경상사고,0,0,1,0,차대차 - 측면직각충돌,안전운전불이행,건조,맑음,단일로 - 기타,자전거,남,12세,경상,화물,남,61세,상해없음
2013111200100421,2013년 11월 12일 17시,화요일,충청남도 홍성군 장곡면,중상사고,0,2,0,0,차대차 - 측면직각충돌,안전운전불이행,건조,맑음,단일로 - 기타,화물,남,61세,상해없음,이륜,남,68세,중상
2013111200100464,2013년 11월 12일 18시,화요일,충청남도 홍성군 홍성읍,경상사고,0,0,1,0,차대사람 - 기타,안전운전불이행,건조,맑음,단일로 - 기타,승용,남,47세,상해없음,보행자,여,15세,경상
2013111200100465,2013년 11월 12일 18시,화요일,충청남도 당진시 송산면,중상사고,0,6,1,0,차대차 - 정면충돌,중앙선침범,건조,맑음,단일로 - 기타,승용,남,57세,중상,승합,남,35세,중상
2013111200100505,2013년 11월 12일 19시,화요일,충청남도 논산시 노성면,경상사고,0,0,1,0,차대차 - 추돌 - 진행중,안전운전불이행,건조,맑음,단일로 - 기타,화물,남,44세,상해없음,건설기계,남,48세,경상
2013111200100506,2013년 11월 12일 19시,화요일,충청남도 당진시 송산면,중상사고,0,1,0,0,차대사람 - 횡단중,안전운전불이행,건조,맑음,단일로 - 기타,승용,남,25세,상해없음,보행자,남,46세,중상
2013111200100572,2013년 11월 12일 21시,화요일,충청남도 아산시 염치읍,경상사고,0,0,1,0,차대차 - 추돌 - 진행중,안전운전불이행,건조,맑음,기타 - 기타,승용,남,30세,상해없음,건설기계,남,49세,경상
2013111200100607,2013년 11월 12일 22시,화요일,충청남도 당진시 원당리,중상사고,0,1,0,0,차대차 - 측면직각충돌,교차로운행방법위반,건조,맑음,교차로 - 교차로안,승용,남,27세,상해없음,이륜,남,16세,중상
2013111200100636,2013년 11월 12일 23시,화요일,충청남도 홍성군 홍성읍,중상사고,0,1,0,0,차대사람 - 기타,보행자보호의무위반,건조,맑음,단일로 - 기타,승용,여,50세,상해없음,보행자,남,20세,중상
2013111300100045,2013년 11월 13일 03시,수요일,충청남도 천안시 동남구 풍세면,중상사고,0,2,0,0,차대차 - 기타,안전거리미확보,건조,맑음,단일로 - 기타,화물,남,52세,상해없음,승용,남,39세,중상
2013111300100137,2013년 11월 13일 08시,수요일,충청남도 보령시 청소면,중상사고,0,1,0,0,차량단독 - 전도전복,안전운전불이행,건조,맑음,단일로 - 기타,승용,남,40세,중상,,,,
2013111300100173,2013년 11월 13일 09시,수요일,충청남도 홍성군 구항면,경상사고,0,0,1,0,차대차 - 추돌 - 진행중,안전운전불이행,건조,맑음,교차로 - 교차로부근,화물,남,65세,상해없음,승용,남,39세,경상
2013111300100235,2013년 11월 13일 11시,수요일,충청남도 예산군 예산읍,중상사고,0,1,0,0,차대사람 - 횡단중,안전운전불이행,건조,맑음,교차로 - 교차로안,승용,남,59세,상해없음,보행자,여,77세,중상
2013111300100263,2013년 11월 13일 12시,수요일,충청남도 홍성군 홍동면,중상사고,0,1,0,0,차대차 - 기타,안전운전불이행,건조,맑음,단일로 - 기타,승용,여,42세,상해없음,이륜,남,61세,중상
2013111300100302,2013년 11월 13일 13시,수요일,충청남도 서산시 해미면,경상사고,0,0,1,0,차대차 - 측면직각충돌,신호위반,건조,맑음,교차로 - 교차로안,승용,남,25세,상해없음,승용,남,41세,경상
2013111300100399,2013년 11월 13일 16시,수요일,충청남도 천안시 서북구 성정동,중상사고,0,1,1,0,차대차 - 측면직각충돌,교차로운행방법위반,건조,맑음,교차로 - 교차로안,승용,남,34세,상해없음,원동기,남,65세,중상
2013111300100400,2013년 11월 13일 16시,수요일,충청남도 보령시 남포면,중상사고,0,1,0,0,차대차 - 기타,직진우회전진행방해,건조,맑음,교차로 - 교차로안,승용,남,73세,상해없음,이륜,남,70세,중상
2013111300100441,2013년 11월 13일 17시,수요일,충청남도 천안시 동남구 안서동,사망사고,1,3,0,0,차대차 - 기타,차로위반,건조,맑음,단일로 - 기타,승합,남,34세,상해없음,화물,남,40세,상해없음
2013111300100494,2013년 11월 13일 18시,수요일,충청남도 논산시 광석면,사망사고,1,0,0,0,차대차 - 추돌 - 진행중,안전운전불이행,건조,맑음,단일로 - 기타,화물,남,62세,상해없음,원동기,남,77세,사망
2013111300100495,2013년 11월 13일 18시,수요일,충청남도 논산시 반월동,중상사고,0,1,0,0,차대차 - 추돌 - 주정차중,안전운전불이행,건조,맑음,단일로 - 기타,원동기,남,18세,중상,화물,남,52세,기타불명
2013111300100496,2013년 11월 13일 18시,수요일,충청남도 부여군 세도면,사망사고,1,0,0,0,차대차 - 정면충돌,안전운전불이행,건조,맑음,교차로 - 교차로안,승용,남,44세,상해없음,이륜,남,56세,사망
2013111300100497,2013년 11월 13일 18시,수요일,충청남도 청양군 목면,경상사고,0,0,1,0,차대차 - 추돌 - 주정차중,안전운전불이행,건조,맑음,단일로 - 기타,승용,남,32세,상해없음,화물,남,61세,상해없음
2013111300100546,2013년 11월 13일 19시,수요일,충청남도 태안군 태안읍,사망사고,1,0,0,0,차대사람 - 횡단중,안전운전불이행,건조,맑음,단일로 - 기타,승용,남,27세,상해없음,보행자,남,53세,사망
2013111300100548,2013년 11월 13일 19시,수요일,충청남도 부여군 부여읍,중상사고,0,1,0,0,차대사람 - 기타,안전운전불이행,건조,맑음,교차로 - 교차로부근,승용,남,57세,상해없음,보행자,남,5세,중상
2013111300100615,2013년 11월 13일 21시,수요일,충청남도 당진시 송악읍,중상사고,0,1,0,0,차대차 - 측면직각충돌,교차로운행방법위반,건조,맑음,교차로 - 교차로안,승용,남,33세,상해없음,자전거,남,57세,중상
2013111300100616,2013년 11월 13일 21시,수요일,충청남도 천안시 동남구 신방동,중상사고,0,1,1,0,차대차 - 기타,안전운전불이행,건조,맑음,교차로 - 교차로부근,승용,남,59세,상해없음,승용,남,40세,경상
2013111300100681,2013년 11월 13일 23시,수요일,충청남도 계룡시 엄사면,경상사고,0,0,1,0,차대사람 - 횡단중,중앙선침범,건조,맑음,단일로 - 기타,승용,남,26세,상해없음,보행자,남,51세,경상
2013111300100682,2013년 11월 13일 23시,수요일,충청남도 예산군 예산읍,경상사고,0,0,1,0,차대차 - 정면충돌,신호위반,건조,맑음,교차로 - 교차로안,승용,남,48세,상해없음,화물,남,42세,경상
2013111400100009,2013년 11월 14일 00시,목요일,충청남도 천안시 서북구 성정동,경상사고,0,0,1,0,차대사람 - 기타,기타,건조,맑음,단일로 - 기타,승용,남,43세,상해없음,보행자,남,45세,경상
2013111400100023,2013년 11월 14일 01시,목요일,충청남도 천안시 동남구 봉명동,경상사고,0,0,1,0,차대차 - 기타,안전거리미확보,건조,맑음,교차로 - 교차로부근,승용,여,36세,상해없음,승용,남,47세,경상
2013111400100037,2013년 11월 14일 02시,목요일,충청남도 아산시 신창면,중상사고,0,1,1,0,차대차 - 측면직각충돌,안전운전불이행,건조,맑음,교차로 - 교차로안,승용,남,55세,상해없음,화물,남,38세,중상
2013111400100066,2013년 11월 14일 05시,목요일,충청남도 서천군 종천면,중상사고,0,1,0,0,차량단독 - 전도전복,안전운전불이행,건조,맑음,단일로 - 기타,승용,남,25세,중상,,,,
2013111400100077,2013년 11월 14일 06시,목요일,충청남도 논산시 성동면,중상사고,0,1,1,0,차대차 - 측면직각충돌,교차로운행방법위반,건조,맑음,교차로 - 교차로안,화물,여,52세,중상,화물,남,25세,경상
2013111400100078,2013년 11월 14일 06시,목요일,충청남도 아산시 배방읍,사망사고,1,0,0,0,차대사람 - 횡단중,안전운전불이행,건조,맑음,단일로 - 기타,승용,여,31세,상해없음,보행자,여,81세,사망
2013111400100102,2013년 11월 14일 07시,목요일,충청남도 서천군 서천읍,중상사고,0,1,3,0,차대차 - 측면직각충돌,직진우회전진행방해,건조,맑음,교차로 - 교차로안,승용,여,42세,경상,승용,남,58세,경상
2013111400100137,2013년 11월 14일 08시,목요일,충청남도 서산시 음암면,중상사고,0,3,2,0,차대차 - 정면충돌,안전운전불이행,건조,맑음,교차로 - 교차로부근,승용,여,54세,중상,승용,남,46세,중상
2013111400100252,2013년 11월 14일 13시,목요일,충청남도 당진시 석문면,중상사고,0,1,0,0,차대차 - 추돌 - 진행중,안전운전불이행,건조,맑음,기타 - 기타,승용,남,33세,상해없음,승용,여,41세,중상
2013111400100275,2013년 11월 14일 14시,목요일,충청남도 천안시 서북구 성성동,경상사고,0,0,1,0,차대차 - 기타,안전운전불이행,건조,맑음,단일로 - 기타,화물,남,59세,상해없음,승용,남,42세,경상
2013111400100276,2013년 11월 14일 14시,목요일,충청남도 논산시 연무읍,경상사고,0,0,4,0,차대차 - 측면직각충돌,신호위반,습기,비,교차로 - 교차로안,승용,남,50세,경상,승용,여,51세,경상
2013111400100277,2013년 11월 14일 14시,목요일,충청남도 홍성군 홍성읍,중상사고,0,1,0,0,차대차 - 기타,안전운전불이행,건조,맑음,교차로 - 교차로안,승용,여,64세,상해없음,자전거,남,74세,중상
2013111400100278,2013년 11월 14일 14시,목요일,충청남도 천안시 동남구 안서동,중상사고,0,1,0,0,차대사람 - 기타,기타,건조,맑음,교차로 - 교차로부근,기타불명,기타불명,기타불명,기타불명,보행자,여,21세,중상
2013111400100309,2013년 11월 14일 15시,목요일,충청남도 논산시 상월면,중상사고,0,2,0,0,차대차 - 추돌 - 진행중,안전운전불이행,건조,맑음,단일로 - 기타,승용,남,38세,상해없음,승용,남,66세,중상
2013111400100310,2013년 11월 14일 15시,목요일,충청남도 천안시 동남구 삼룡동,경상사고,0,0,2,0,차대차 - 기타,안전운전불이행,건조,맑음,단일로 - 기타,승용,남,41세,상해없음,승용,남,56세,경상
2013111400100343,2013년 11월 14일 16시,목요일,충청남도 아산시 배방읍,중상사고,0,1,0,0,차대사람 - 횡단중,보행자보호의무위반,건조,맑음,교차로 - 교차로부근,승용,여,32세,상해없음,보행자,여,7세,중상
2013111400100344,2013년 11월 14일 16시,목요일,충청남도 당진시 고대면,중상사고,0,2,0,0,차대차 - 추돌 - 진행중,안전운전불이행,건조,맑음,기타 - 기타,화물,남,65세,상해없음,이륜,남,83세,중상
2013111400100374,2013년 11월 14일 17시,목요일,충청남도 서산시 고북면,중상사고,0,1,0,0,차대사람 - 횡단중,안전운전불이행,건조,맑음,단일로 - 기타,화물,남,57세,상해없음,보행자,여,74세,중상
2013111400100375,2013년 11월 14일 17시,목요일,충청남도 홍성군 홍성읍,경상사고,0,0,2,0,차대차 - 기타,안전운전불이행,건조,맑음,단일로 - 기타,승용,여,48세,상해없음,승용,여,25세,경상
2013111400100376,2013년 11월 14일 17시,목요일,충청남도 서천군 비인면,중상사고,0,1,1,0,차대차 - 측면직각충돌,안전운전불이행,습기,흐림,교차로 - 교차로안,화물,남,71세,경상,화물,남,54세,중상
2013111400100378,2013년 11월 14일 17시,목요일,충청남도 당진시 송산면,경상사고,0,0,1,0,차대차 - 측면직각충돌,교차로운행방법위반,건조,흐림,기타 - 기타,화물,남,50세,상해없음,승용,여,37세,경상
2013111400100379,2013년 11월 14일 17시,목요일,충청남도 청양군 청양읍,경상사고,0,0,1,0,차대차 - 측면직각충돌,중앙선침범,건조,맑음,단일로 - 기타,화물,남,56세,상해없음,화물,여,40세,경상
2013111400100431,2013년 11월 14일 18시,목요일,충청남도 서산시 음암면,사망사고,1,0,0,0,차대차 - 추돌 - 진행중,안전운전불이행,건조,맑음,단일로 - 기타,승용,여,49세,상해없음,농기계,남,73세,사망
2013111400100432,2013년 11월 14일 18시,목요일,충청남도 공주시 신관동,경상사고,0,0,1,0,차대차 - 정면충돌,안전운전불이행,건조,맑음,교차로 - 교차로안,원동기,남,14세,경상,승용,남,25세,상해없음
2013111400100434,2013년 11월 14일 18시,목요일,충청남도 금산군 복수면,중상사고,0,2,2,0,차대차 - 추돌 - 진행중,안전운전불이행,건조,맑음,교차로 - 교차로부근,승용,남,36세,경상,농기계,남,62세,중상
2013111400100471,2013년 11월 14일 19시,목요일,충청남도 계룡시 엄사면,경상사고,0,0,1,0,차대차 - 측면직각충돌,중앙선침범,건조,맑음,교차로 - 교차로부근,승용,남,41세,상해없음,승용,여,53세,경상
2013111400100472,2013년 11월 14일 19시,목요일,충청남도 서천군 서면,사망사고,1,0,0,0,차대사람 - 횡단중,안전운전불이행,습기,흐림,교차로 - 교차로안,승용,남,55세,상해없음,보행자,남,65세,사망
2013111400100473,2013년 11월 14일 19시,목요일,충청남도 금산군 추부면,중상사고,0,1,0,0,차대차 - 기타,신호위반,건조,맑음,교차로 - 교차로안,승용,남,26세,상해없음,승용,남,55세,중상
2013111400100509,2013년 11월 14일 20시,목요일,충청남도 서산시 동문동,중상사고,0,2,1,0,차대차 - 측면직각충돌,신호위반,건조,맑음,교차로 - 교차로안,승용,여,24세,상해없음,승용,남,42세,중상
2013111400100510,2013년 11월 14일 20시,목요일,충청남도 아산시 실옥동,중상사고,0,1,3,0,차대차 - 측면직각충돌,중앙선침범,건조,맑음,교차로 - 교차로부근,화물,남,54세,상해없음,승합,남,59세,중상
2013111400100511,2013년 11월 14일 20시,목요일,충청남도 예산군 예산읍,경상사고,0,0,1,0,차대사람 - 기타,안전운전불이행,건조,맑음,교차로 - 교차로부근,승용,남,52세,상해없음,보행자,여,16세,경상
2013111400100594,2013년 11월 14일 22시,목요일,충청남도 서천군 비인면,중상사고,0,1,0,0,차대사람 - 길가장자리구역통행중,안전운전불이행,건조,흐림,단일로 - 기타,승용,남,35세,상해없음,보행자,여,64세,중상
2013111400100595,2013년 11월 14일 22시,목요일,충청남도 당진시 신평면,중상사고,0,1,0,0,차대차 - 추돌 - 진행중,안전운전불이행,습기,흐림,기타 - 기타,승용,남,39세,상해없음,승용,남,42세,중상
2013111400100639,2013년 11월 14일 23시,목요일,충청남도 천안시 서북구 성정동,경상사고,0,0,2,0,차대사람 - 횡단중,신호위반,건조,맑음,교차로 - 교차로부근,원동기,남,19세,상해없음,보행자,여,32세,경상
2013111500100055,2013년 11월 15일 01시,금요일,충청남도 서산시 예천동,중상사고,0,1,0,0,차대사람 - 횡단중,안전운전불이행,습기,비,교차로 - 교차로안,화물,여,47세,상해없음,보행자,남,51세,중상
2013111500100138,2013년 11월 15일 07시,금요일,충청남도 천안시 서북구 성정동,중상사고,0,1,0,0,차대차 - 기타,안전운전불이행,건조,맑음,교차로 - 교차로안,승합,남,31세,기타불명,자전거,남,57세,중상
2013111500100197,2013년 11월 15일 09시,금요일,충청남도 공주시 우성면,중상사고,0,1,0,0,차량단독 - 기타,안전운전불이행,습기,흐림,단일로 - 기타,원동기,여,48세,중상,,,,
2013111500100215,2013년 11월 15일 10시,금요일,충청남도 논산시 취암동,중상사고,0,1,0,0,차대사람 - 기타,교차로운행방법위반,건조,맑음,교차로 - 교차로안,화물,남,58세,상해없음,보행자,여,44세,중상
2013111500100266,2013년 11월 15일 12시,금요일,충청남도 태안군 태안읍,경상사고,0,0,1,0,차대차 - 측면직각충돌,신호위반,건조,맑음,교차로 - 교차로안,화물,남,71세,상해없음,승용,남,76세,경상
2013111500100267,2013년 11월 15일 12시,금요일,충청남도 아산시 음봉면,중상사고,0,1,0,0,차대차 - 추돌 - 진행중,안전운전불이행,건조,맑음,단일로 - 기타,승용,남,27세,상해없음,화물,남,47세,중상
2013111500100268,2013년 11월 15일 12시,금요일,충청남도 청양군 정산면,중상사고,0,1,0,0,차대차 - 추돌 - 주정차중,안전운전불이행,건조,맑음,단일로 - 기타,승용,남,73세,상해없음,화물,남,63세,상해없음
2013111500100321,2013년 11월 15일 14시,금요일,충청남도 태안군 남면,중상사고,0,1,1,0,차대차 - 추돌 - 주정차중,안전운전불이행,건조,맑음,단일로 - 기타,승용,여,34세,상해없음,승용,남,31세,경상
2013111500100349,2013년 11월 15일 15시,금요일,충청남도 서천군 서천읍,중상사고,0,2,0,0,차대차 - 기타,불법유턴,건조,맑음,단일로 - 기타,화물,남,52세,상해없음,이륜,남,72세,중상
2013111500100350,2013년 11월 15일 15시,금요일,충청남도 보령시 청소면,중상사고,0,2,0,0,차대차 - 정면충돌,중앙선침범,건조,맑음,단일로 - 기타,화물,남,56세,중상,건설기계,남,44세,중상
2013111500100351,2013년 11월 15일 15시,금요일,충청남도 공주시 이인면,경상사고,0,0,2,0,차대차 - 측면직각충돌,안전운전불이행,건조,맑음,교차로 - 교차로안,이륜,남,68세,상해없음,이륜,남,62세,경상
2013111500100430,2013년 11월 15일 17시,금요일,충청남도 천안시 서북구 쌍용동,경상사고,0,0,1,0,차대사람 - 횡단중,안전운전불이행,건조,맑음,교차로 - 교차로부근,승용,여,44세,상해없음,보행자,남,74세,경상
2013111500100480,2013년 11월 15일 18시,금요일,충청남도 홍성군 은하면,중상사고,0,1,0,0,차대차 - 측면직각충돌,안전운전불이행,건조,맑음,단일로 - 기타,승용,여,37세,상해없음,승용,남,59세,중상
2013111500100481,2013년 11월 15일 18시,금요일,충청남도 금산군 제원면,경상사고,0,0,1,0,차대차 - 추돌 - 진행중,안전운전불이행,건조,맑음,교차로 - 교차로부근,승용,남,52세,상해없음,화물,남,61세,경상