사고번호,사고일시,요일,시군구,사고내용,사망자수,중상자수,경상자수,부상신고자수,사고유형,법규위반,노면상태,기상상태,도로형태,가해운전자 차종,가해운전자 성별,가해운전자 연령,가해운전자 상해정도,피해운전자 차종,피해운전자 성별,피해운전자 연령,피해운전자 상해정도
2013111500100482,2013년 11월 15일 18시,금요일,충청남도 천안시 동남구 성남면,중상사고,0,1,0,0,차대차 - 기타,안전운전불이행,건조,맑음,단일로 - 기타,화물,남,64세,상해없음,농기계,남,51세,중상
2013111500100538,2013년 11월 15일 19시,금요일,충청남도 공주시 반포면,중상사고,0,1,0,0,차대사람 - 기타,안전운전불이행,건조,맑음,기타 - 기타,승합,남,52세,상해없음,보행자,남,52세,중상
2013111500100575,2013년 11월 15일 20시,금요일,충청남도 서산시 동문동,중상사고,0,1,0,0,차대차 - 측면직각충돌,신호위반,건조,맑음,교차로 - 교차로안,이륜,남,16세,중상,승용,남,44세,상해없음
2013111500100635,2013년 11월 15일 22시,금요일,충청남도 천안시 서북구 성정동,중상사고,0,2,0,0,차대사람 - 횡단중,안전운전불이행,건조,맑음,단일로 - 기타,승용,남,31세,상해없음,보행자,남,42세,중상
2013111600100012,2013년 11월 16일 00시,토요일,충청남도 천안시 서북구 백석동,경상사고,0,0,4,0,차대차 - 추돌 - 진행중,안전운전불이행,건조,맑음,교차로 - 교차로안,승용,남,54세,상해없음,승용,남,45세,경상
2013111600100013,2013년 11월 16일 00시,토요일,충청남도 천안시 서북구 성정동,경상사고,0,0,1,0,차대사람 - 횡단중,보행자보호의무위반,건조,맑음,교차로 - 교차로부근,승용,남,27세,상해없음,보행자,남,37세,경상
2013111600100014,2013년 11월 16일 00시,토요일,충청남도 논산시 연무읍,경상사고,0,0,2,0,차대차 - 기타,중앙선침범,건조,기타,교차로 - 교차로부근,승용,남,62세,상해없음,승용,여,45세,경상
2013111600100037,2013년 11월 16일 01시,토요일,충청남도 천안시 서북구 두정동,경상사고,0,0,2,0,차대차 - 기타,안전운전불이행,건조,맑음,교차로 - 교차로부근,승용,여,26세,상해없음,승합,남,64세,경상
2013111600100056,2013년 11월 16일 02시,토요일,충청남도 천안시 동남구 신부동,중상사고,0,1,0,0,차대차 - 측면직각충돌,교차로운행방법위반,건조,맑음,교차로 - 교차로안,승용,남,32세,상해없음,승용,남,50세,중상
2013111600100074,2013년 11월 16일 03시,토요일,충청남도 아산시 온천동,경상사고,0,0,1,0,차대차 - 추돌 - 주정차중,안전운전불이행,건조,맑음,단일로 - 기타,승용,남,33세,상해없음,승용,남,55세,경상
2013111600100124,2013년 11월 16일 06시,토요일,충청남도 보령시 신흑동,중상사고,0,3,1,0,차대차 - 측면직각충돌,신호위반,건조,맑음,교차로 - 교차로안,화물,남,54세,중상,화물,남,43세,중상
2013111600100125,2013년 11월 16일 06시,토요일,충청남도 공주시 탄천면,사망사고,1,0,0,0,차대사람 - 횡단중,안전운전불이행,기타,안개,단일로 - 기타,건설기계,남,39세,상해없음,보행자,여,72세,사망
2013111600100145,2013년 11월 16일 08시,토요일,충청남도 천안시 동남구 봉명동,중상사고,0,1,0,0,차대차 - 기타,안전운전불이행,건조,맑음,단일로 - 기타,승용,여,37세,상해없음,이륜,남,31세,중상
2013111600100166,2013년 11월 16일 09시,토요일,충청남도 부여군 홍산면,경상사고,0,0,1,0,차대차 - 기타,안전운전불이행,습기,안개,단일로 - 기타,화물,남,71세,상해없음,화물,남,39세,경상
2013111600100167,2013년 11월 16일 09시,토요일,충청남도 천안시 동남구 구룡동,중상사고,0,1,0,0,차대사람 - 기타,중앙선침범,건조,맑음,단일로 - 기타,승용,남,48세,상해없음,보행자,여,80세,중상
2013111600100199,2013년 11월 16일 10시,토요일,충청남도 태안군 태안읍,부상신고사고,0,0,0,1,차대사람 - 기타,안전운전불이행,건조,맑음,단일로 - 기타,승용,여,52세,상해없음,보행자,남,42세,부상신고
2013111600100200,2013년 11월 16일 10시,토요일,충청남도 홍성군 홍성읍,중상사고,0,1,0,0,차대차 - 기타,교차로운행방법위반,건조,맑음,교차로 - 교차로안,승용,남,63세,상해없음,자전거,여,71세,중상
2013111600100201,2013년 11월 16일 10시,토요일,충청남도 공주시 반포면,경상사고,0,0,1,0,차대차 - 기타,안전운전불이행,건조,맑음,단일로 - 기타,건설기계,남,37세,상해없음,건설기계,남,48세,경상
2013111600100248,2013년 11월 16일 12시,토요일,충청남도 논산시 부창동,중상사고,0,1,0,0,차대차 - 측면직각충돌,교차로운행방법위반,건조,맑음,교차로 - 교차로안,승용,남,40세,중상,승합,남,49세,상해없음
2013111600100285,2013년 11월 16일 13시,토요일,충청남도 보령시 대천동,경상사고,0,0,1,0,차대차 - 측면직각충돌,직진우회전진행방해,건조,맑음,교차로 - 교차로안,승용,여,34세,상해없음,화물,남,54세,경상
2013111600100286,2013년 11월 16일 13시,토요일,충청남도 공주시 중동,경상사고,0,0,1,0,차대사람 - 기타,안전운전불이행,건조,맑음,교차로 - 교차로부근,승용,남,71세,기타불명,보행자,남,17세,경상
2013111600100319,2013년 11월 16일 14시,토요일,충청남도 당진시 읍내리,경상사고,0,0,1,0,차대사람 - 기타,안전운전불이행,건조,맑음,단일로 - 기타,화물,남,52세,상해없음,보행자,여,52세,경상
2013111600100349,2013년 11월 16일 15시,토요일,충청남도 천안시 동남구 병천면,중상사고,0,1,2,0,차대차 - 기타,안전운전불이행,건조,맑음,단일로 - 기타,화물,남,53세,상해없음,승용,여,58세,상해없음
2013111600100386,2013년 11월 16일 16시,토요일,충청남도 태안군 소원면,중상사고,0,1,0,0,차대차 - 기타,안전운전불이행,건조,맑음,단일로 - 기타,이륜,남,40세,중상,승용,남,39세,상해없음
2013111600100387,2013년 11월 16일 16시,토요일,충청남도 천안시 서북구 성정동,경상사고,0,0,2,0,차대차 - 기타,안전운전불이행,건조,맑음,단일로 - 기타,승용,여,40세,상해없음,이륜,남,16세,경상
2013111600100388,2013년 11월 16일 16시,토요일,충청남도 금산군 금산읍,중상사고,0,1,0,0,차대차 - 기타,교차로운행방법위반,건조,맑음,교차로 - 교차로안,이륜,남,58세,중상,화물,남,58세,상해없음
2013111600100427,2013년 11월 16일 17시,토요일,충청남도 예산군 덕산면,경상사고,0,0,1,0,차대차 - 측면직각충돌,직진우회전진행방해,건조,맑음,교차로 - 교차로안,승용,남,40세,상해없음,승용,남,41세,경상
2013111600100516,2013년 11월 16일 19시,토요일,충청남도 태안군 원북면,중상사고,0,1,0,0,차대사람 - 횡단중,안전운전불이행,건조,맑음,단일로 - 기타,승용,남,32세,상해없음,보행자,여,66세,중상
2013111600100550,2013년 11월 16일 20시,토요일,충청남도 논산시 등화동,중상사고,0,1,2,1,차대차 - 측면직각충돌,교차로운행방법위반,건조,맑음,교차로 - 교차로안,화물,남,51세,부상신고,승용,남,41세,경상
2013111600100551,2013년 11월 16일 20시,토요일,충청남도 청양군 청양읍,부상신고사고,0,0,0,1,차량단독 - 기타,안전운전불이행,건조,맑음,단일로 - 기타,원동기,남,45세,부상신고,,,,
2013111600100580,2013년 11월 16일 21시,토요일,충청남도 아산시 탕정면,경상사고,0,0,2,0,차대차 - 추돌 - 진행중,안전운전불이행,건조,맑음,단일로 - 기타,승용,기타불명,기타불명,기타불명,승용,여,48세,경상
2013111600100605,2013년 11월 16일 22시,토요일,충청남도 부여군 옥산면,경상사고,0,0,1,0,차대차 - 추돌 - 주정차중,안전운전불이행,건조,맑음,단일로 - 기타,승용,남,49세,기타불명,승용,남,51세,경상
2013111700100025,2013년 11월 17일 00시,일요일,충청남도 천안시 서북구 백석동,경상사고,0,0,3,0,차대차 - 측면직각충돌,신호위반,습기,비,교차로 - 교차로안,승용,여,27세,경상,승용,남,49세,경상
2013111700100026,2013년 11월 17일 00시,일요일,충청남도 논산시 부적면,경상사고,0,0,5,0,차대차 - 추돌 - 주정차중,안전운전불이행,습기,비,교차로 - 교차로부근,승용,남,26세,상해없음,승용,남,55세,경상
2013111700100027,2013년 11월 17일 00시,일요일,충청남도 홍성군 홍성읍,경상사고,0,0,1,0,차대사람 - 기타,안전운전불이행,건조,맑음,단일로 - 기타,승용,남,27세,상해없음,보행자,남,18세,경상
2013111700100068,2013년 11월 17일 02시,일요일,충청남도 공주시 신관동,경상사고,0,0,2,0,차대차 - 기타,안전운전불이행,습기,비,교차로 - 교차로안,승용,남,31세,상해없음,승용,남,34세,상해없음
2013111700100069,2013년 11월 17일 02시,일요일,충청남도 천안시 동남구 대흥동,경상사고,0,0,3,0,차대차 - 기타,안전운전불이행,습기,흐림,단일로 - 기타,승합,남,25세,상해없음,승용,남,36세,경상
2013111700100088,2013년 11월 17일 03시,일요일,충청남도 천안시 서북구 두정동,경상사고,0,0,2,0,차대사람 - 기타,안전운전불이행,건조,맑음,단일로 - 기타,승용,남,19세,상해없음,보행자,남,33세,경상
2013111700100164,2013년 11월 17일 08시,일요일,충청남도 예산군 예산읍,경상사고,0,0,5,0,차대차 - 측면직각충돌,신호위반,건조,맑음,교차로 - 교차로안,승용,남,71세,경상,승용,여,53세,경상
2013111700100178,2013년 11월 17일 09시,일요일,충청남도 천안시 서북구 쌍용동,중상사고,0,1,0,0,차대차 - 기타,신호위반,습기,눈,교차로 - 교차로안,승용,남,57세,상해없음,원동기,남,79세,중상
2013111700100179,2013년 11월 17일 09시,일요일,충청남도 홍성군 은하면,중상사고,0,1,0,0,차대차 - 기타,안전운전불이행,건조,맑음,단일로 - 기타,화물,남,56세,상해없음,원동기,남,75세,중상
2013111700100198,2013년 11월 17일 10시,일요일,충청남도 천안시 서북구 성거읍,중상사고,0,5,15,0,차대차 - 기타,안전운전불이행,건조,맑음,단일로 - 기타,승용,남,31세,경상,승용,여,46세,경상
2013111700100213,2013년 11월 17일 11시,일요일,충청남도 태안군 원북면,중상사고,0,1,0,0,차대차 - 측면직각충돌,안전운전불이행,건조,맑음,단일로 - 기타,화물,남,46세,상해없음,이륜,남,34세,중상
2013111700100249,2013년 11월 17일 13시,일요일,충청남도 천안시 서북구 성거읍,경상사고,0,0,2,0,차대차 - 추돌 - 주정차중,안전운전불이행,습기,비,교차로 - 교차로부근,승용,남,29세,상해없음,승용,남,52세,경상
2013111700100278,2013년 11월 17일 14시,일요일,충청남도 공주시 유구읍,중상사고,0,1,0,0,차대차 - 기타,중앙선침범,건조,흐림,단일로 - 기타,승용,남,52세,기타불명,승용,여,57세,중상
2013111700100296,2013년 11월 17일 15시,일요일,충청남도 보령시 내항동,중상사고,0,1,0,0,차대차 - 추돌 - 진행중,안전운전불이행,건조,맑음,단일로 - 교량,화물,남,58세,상해없음,화물,남,52세,중상
2013111700100326,2013년 11월 17일 16시,일요일,충청남도 논산시 양촌면,중상사고,0,1,0,0,차대차 - 추돌 - 진행중,안전운전불이행,건조,맑음,교차로 - 교차로부근,승용,남,52세,상해없음,승용,남,35세,중상
2013111700100365,2013년 11월 17일 17시,일요일,충청남도 홍성군 서부면,사망사고,1,0,0,0,차대사람 - 횡단중,안전운전불이행,건조,맑음,단일로 - 기타,화물,남,54세,상해없음,보행자,남,82세,사망
2013111700100366,2013년 11월 17일 17시,일요일,충청남도 홍성군 홍북면,중상사고,0,1,0,0,차량단독 - 기타,안전운전불이행,건조,맑음,단일로 - 기타,자전거,남,75세,중상,,,,
2013111700100442,2013년 11월 17일 19시,일요일,충청남도 보령시 명천동,경상사고,0,0,1,0,차대차 - 추돌 - 진행중,안전운전불이행,건조,맑음,교차로 - 교차로부근,승용,남,40세,상해없음,승용,여,50세,경상
2013111700100443,2013년 11월 17일 19시,일요일,충청남도 천안시 동남구 풍세면,중상사고,0,1,1,0,차대차 - 추돌 - 주정차중,안전운전불이행,습기,비,단일로 - 기타,화물,남,48세,상해없음,승용,남,28세,중상
2013111700100481,2013년 11월 17일 20시,일요일,충청남도 서산시 예천동,경상사고,0,0,1,0,차대차 - 기타,안전운전불이행,건조,맑음,교차로 - 교차로안,이륜,남,16세,경상,승용,여,36세,상해없음
2013111700100482,2013년 11월 17일 20시,일요일,충청남도 당진시 원당리,중상사고,0,1,0,0,차대차 - 추돌 - 진행중,안전운전불이행,건조,맑음,교차로 - 교차로부근,승용,남,28세,상해없음,승용,남,61세,중상
2013111700100483,2013년 11월 17일 20시,일요일,충청남도 청양군 대치면,중상사고,0,1,0,0,차량단독 - 기타,기타,건조,맑음,단일로 - 기타,화물,남,66세,상해없음,,,,
2013111700100529,2013년 11월 17일 22시,일요일,충청남도 예산군 덕산면,중상사고,0,2,0,0,차대차 - 정면충돌,중앙선침범,습기,비,단일로 - 기타,승용,남,58세,중상,승용,남,27세,중상
2013111800100005,2013년 11월 18일 00시,월요일,충청남도 천안시 동남구 목천읍,경상사고,0,0,1,1,차대차 - 정면충돌,중앙선침범,습기,비,단일로 - 기타,승용,남,26세,부상신고,승용,남,43세,경상
2013111800100011,2013년 11월 18일 01시,월요일,충청남도 천안시 동남구 신부동,경상사고,0,0,1,0,차대차 - 추돌 - 주정차중,안전운전불이행,습기,비,단일로 - 기타,화물,남,35세,상해없음,승용,남,22세,경상
2013111800100051,2013년 11월 18일 06시,월요일,충청남도 천안시 서북구 쌍용동,경상사고,0,0,1,0,차대차 - 기타,안전운전불이행,건조,맑음,단일로 - 기타,원동기,남,46세,경상,승합,남,50세,상해없음
2013111800100052,2013년 11월 18일 06시,월요일,충청남도 청양군 대치면,경상사고,0,0,1,0,차대차 - 기타,안전운전불이행,결빙,맑음,단일로 - 기타,화물,남,55세,상해없음,화물,남,42세,경상
2013111800100053,2013년 11월 18일 06시,월요일,충청남도 청양군 대치면,경상사고,0,0,1,0,차량단독 - 공작물충돌,안전운전불이행,결빙,맑음,단일로 - 기타,화물,남,45세,경상,,,,
2013111800100077,2013년 11월 18일 07시,월요일,충청남도 청양군 목면,중상사고,0,3,1,0,차대차 - 기타,안전운전불이행,습기,맑음,단일로 - 기타,승용,남,46세,경상,승용,남,48세,중상
2013111800100078,2013년 11월 18일 07시,월요일,충청남도 천안시 동남구 신부동,경상사고,0,0,2,0,차대차 - 측면직각충돌,안전운전불이행,습기,맑음,단일로 - 기타,승용,남,47세,상해없음,승용,남,65세,경상
2013111800100116,2013년 11월 18일 08시,월요일,충청남도 홍성군 서부면,중상사고,0,1,0,0,차대차 - 측면직각충돌,교차로운행방법위반,건조,맑음,교차로 - 교차로안,건설기계,남,64세,상해없음,승용,남,31세,중상
2013111800100201,2013년 11월 18일 10시,월요일,충청남도 천안시 서북구 성정동,경상사고,0,0,1,0,차대차 - 기타,신호위반,습기,눈,교차로 - 교차로안,승용,여,47세,상해없음,승용,남,35세,경상
2013111800100225,2013년 11월 18일 11시,월요일,충청남도 공주시 신관동,경상사고,0,0,1,0,차대차 - 측면직각충돌,신호위반,건조,맑음,교차로 - 교차로안,승용,남,35세,기타불명,승용,남,49세,경상
2013111800100226,2013년 11월 18일 11시,월요일,충청남도 금산군 금성면,중상사고,0,2,1,0,차량단독 - 공작물충돌,안전운전불이행,건조,흐림,단일로 - 기타,승용,여,64세,경상,,,,
2013111800100259,2013년 11월 18일 12시,월요일,충청남도 공주시 계룡면,중상사고,0,1,0,0,차대차 - 추돌 - 주정차중,안전운전불이행,건조,흐림,단일로 - 기타,화물,남,47세,기타불명,화물,남,55세,중상
2013111800100260,2013년 11월 18일 12시,월요일,충청남도 당진시 석문면,중상사고,0,2,1,0,차대차 - 추돌 - 진행중,안전운전불이행,건조,맑음,교차로 - 교차로부근,화물,남,51세,중상,승용,남,52세,경상
2013111800100319,2013년 11월 18일 14시,월요일,충청남도 서산시 예천동,중상사고,0,2,0,0,차량단독 - 전도전복,안전운전불이행,건조,맑음,단일로 - 기타,승용,남,49세,중상,,,,
2013111800100320,2013년 11월 18일 14시,월요일,충청남도 서산시 대산읍,중상사고,0,1,0,0,차대차 - 추돌 - 주정차중,안전운전불이행,건조,맑음,단일로 - 기타,자전거,남,41세,중상,승용,남,57세,상해없음
2013111800100321,2013년 11월 18일 14시,월요일,충청남도 논산시 연무읍,중상사고,0,2,0,0,차대차 - 추돌 - 진행중,안전운전불이행,건조,맑음,단일로 - 기타,승용,남,38세,중상,승용,남,62세,중상
2013111800100322,2013년 11월 18일 14시,월요일,충청남도 공주시 신관동,경상사고,0,0,1,0,차대차 - 추돌 - 주정차중,안전운전불이행,건조,맑음,단일로 - 기타,승용,남,56세,상해없음,승용,남,23세,기타불명
2013111800100348,2013년 11월 18일 15시,월요일,충청남도 당진시 합덕읍,경상사고,0,0,1,0,차대사람 - 횡단중,안전운전불이행,건조,맑음,교차로 - 교차로안,화물,남,71세,상해없음,보행자,여,75세,경상
2013111800100349,2013년 11월 18일 15시,월요일,충청남도 금산군 남일면,경상사고,0,0,1,0,차량단독 - 전도전복,안전운전불이행,건조,흐림,단일로 - 기타,이륜,남,73세,경상,,,,
2013111800100386,2013년 11월 18일 16시,월요일,충청남도 논산시 취암동,중상사고,0,1,0,0,차대사람 - 횡단중,보행자보호의무위반,건조,맑음,교차로 - 교차로부근,승용,여,48세,상해없음,보행자,여,7세,중상
2013111800100387,2013년 11월 18일 16시,월요일,충청남도 아산시 모종동,경상사고,0,0,1,0,차대사람 - 기타,안전운전불이행,건조,맑음,기타 - 기타,승용,남,51세,상해없음,보행자,남,47세,경상
2013111800100466,2013년 11월 18일 18시,월요일,충청남도 천안시 동남구 원성동,부상신고사고,0,0,0,1,차대사람 - 기타,보행자보호의무위반,건조,맑음,단일로 - 기타,기타불명,기타불명,기타불명,기타불명,보행자,여,54세,부상신고
2013111800100538,2013년 11월 18일 20시,월요일,충청남도 아산시 둔포면,경상사고,0,0,3,0,차대차 - 기타,중앙선침범,습기,흐림,단일로 - 기타,승용,남,40세,상해없음,승용,남,28세,경상
2013111800100539,2013년 11월 18일 20시,월요일,충청남도 예산군 예산읍,경상사고,0,0,1,0,차대차 - 기타,직진우회전진행방해,습기,눈,교차로 - 교차로안,승용,남,52세,상해없음,승용,여,31세,경상
2013111800100571,2013년 11월 18일 21시,월요일,충청남도 당진시 읍내리,경상사고,0,0,2,1,차대차 - 측면직각충돌,신호위반,건조,맑음,교차로 - 교차로안,승용,남,40세,부상신고,승용,남,34세,경상
2013111800100597,2013년 11월 18일 22시,월요일,충청남도 서산시 인지면,중상사고,0,1,1,0,차대차 - 측면직각충돌,중앙선침범,건조,맑음,단일로 - 기타,승용,남,35세,상해없음,승용,남,47세,중상
2013111800100598,2013년 11월 18일 22시,월요일,충청남도 논산시 강산동,경상사고,0,0,2,0,차대차 - 측면직각충돌,교차로운행방법위반,건조,맑음,교차로 - 교차로안,승용,남,64세,상해없음,승용,여,45세,경상
2013111800100625,2013년 11월 18일 23시,월요일,충청남도 천안시 서북구 백석동,경상사고,0,0,2,0,차대차 - 추돌 - 주정차중,안전운전불이행,습기,맑음,교차로 - 교차로부근,승용,남,49세,상해없음,승합,남,45세,경상
2013111800100626,2013년 11월 18일 23시,월요일,충청남도 아산시 배방읍,경상사고,0,0,1,0,차대차 - 추돌 - 주정차중,안전운전불이행,건조,흐림,교차로 - 교차로부근,승용,남,27세,상해없음,승용,남,56세,상해없음
2013111900100095,2013년 11월 19일 07시,화요일,충청남도 논산시 광석면,경상사고,0,0,7,0,차대차 - 측면직각충돌,교차로운행방법위반,건조,맑음,교차로 - 교차로안,승용,남,39세,경상,승용,남,53세,상해없음
2013111900100115,2013년 11월 19일 08시,화요일,충청남도 예산군 예산읍,중상사고,0,1,0,0,차대차 - 기타,불법유턴,습기,비,교차로 - 교차로안,승용,여,45세,상해없음,이륜,남,70세,중상
2013111900100116,2013년 11월 19일 08시,화요일,충청남도 금산군 군북면,경상사고,0,0,1,0,차대차 - 기타,안전운전불이행,건조,맑음,단일로 - 기타,건설기계,남,29세,상해없음,승용,여,46세,경상
2013111900100181,2013년 11월 19일 10시,화요일,충청남도 예산군 신암면,중상사고,0,1,0,0,차대차 - 기타,안전운전불이행,습기,비,단일로 - 기타,화물,남,27세,상해없음,원동기,남,80세,중상
2013111900100182,2013년 11월 19일 10시,화요일,충청남도 당진시 송악읍,경상사고,0,0,1,0,차대차 - 측면직각충돌,신호위반,건조,맑음,교차로 - 교차로안,화물,남,50세,상해없음,화물,남,24세,경상
2013111900100209,2013년 11월 19일 11시,화요일,충청남도 서천군 종천면,경상사고,0,0,2,0,차대차 - 측면직각충돌,안전운전불이행,습기,비,교차로 - 교차로안,승합,남,56세,경상,특수,남,59세,경상
2013111900100234,2013년 11월 19일 12시,화요일,충청남도 당진시 송악읍,경상사고,0,0,1,0,차대차 - 측면직각충돌,안전운전불이행,건조,맑음,단일로 - 기타,화물,남,64세,상해없음,승용,여,32세,경상
2013111900100256,2013년 11월 19일 13시,화요일,충청남도 홍성군 광천읍,경상사고,0,0,1,0,차대차 - 기타,안전운전불이행,습기,맑음,교차로 - 교차로안,화물,남,56세,상해없음,자전거,여,50세,경상
2013111900100291,2013년 11월 19일 14시,화요일,충청남도 당진시 수청리,경상사고,0,0,1,0,차대차 - 측면직각충돌,안전거리미확보,건조,맑음,단일로 - 기타,이륜,남,34세,경상,승용,남,22세,상해없음
2013111900100292,2013년 11월 19일 14시,화요일,충청남도 당진시 석문면,경상사고,0,0,1,0,차대사람 - 기타,안전운전불이행,건조,맑음,단일로 - 기타,건설기계,남,57세,상해없음,보행자,남,25세,경상
2013111900100329,2013년 11월 19일 15시,화요일,충청남도 홍성군 광천읍,중상사고,0,1,0,0,차대차 - 추돌 - 진행중,중앙선침범,건조,맑음,단일로 - 기타,화물,남,57세,상해없음,이륜,남,67세,중상
2013111900100395,2013년 11월 19일 17시,화요일,충청남도 홍성군 홍북면,중상사고,0,1,0,0,차대사람 - 기타,안전운전불이행,건조,맑음,단일로 - 기타,승용,남,23세,상해없음,보행자,남,65세,중상
2013111900100484,2013년 11월 19일 19시,화요일,충청남도 청양군 대치면,경상사고,0,0,2,0,차대차 - 추돌 - 주정차중,안전운전불이행,건조,맑음,교차로 - 교차로안,화물,남,65세,상해없음,승용,남,64세,상해없음
2013111900100539,2013년 11월 19일 21시,화요일,충청남도 당진시 신평면,경상사고,0,0,1,0,차대차 - 측면직각충돌,교차로운행방법위반,건조,맑음,교차로 - 교차로안,승용,남,36세,상해없음,승용,여,52세,경상
2013111900100600,2013년 11월 19일 23시,화요일,충청남도 논산시 화지동,중상사고,0,1,0,0,차대차 - 기타,교차로운행방법위반,건조,맑음,교차로 - 교차로안,승용,남,32세,상해없음,승용,남,49세,중상
2013112000100028,2013년 11월 20일 01시,수요일,충청남도 서산시 석림동,경상사고,0,0,2,0,차대차 - 측면직각충돌,교차로운행방법위반,건조,맑음,교차로 - 교차로안,승용,여,31세,경상,승용,남,50세,경상
2013112000100029,2013년 11월 20일 01시,수요일,충청남도 아산시 풍기동,중상사고,0,1,0,0,차대차 - 측면직각충돌,신호위반,건조,맑음,교차로 - 교차로안,승용,남,44세,상해없음,승용,남,56세,중상
2013112000100042,2013년 11월 20일 02시,수요일,충청남도 천안시 서북구 두정동,경상사고,0,0,1,0,차대차 - 기타,신호위반,건조,맑음,교차로 - 교차로안,기타불명,기타불명,기타불명,기타불명,승용,남,24세,경상
2013112000100043,2013년 11월 20일 02시,수요일,충청남도 천안시 동남구 신방동,중상사고,0,1,0,0,차대사람 - 기타,보행자보호의무위반,건조,맑음,교차로 - 교차로안,승용,남,31세,상해없음,보행자,여,45세,중상
2013112000100048,2013년 11월 20일 03시,수요일,충청남도 천안시 동남구 신방동,중상사고,0,1,0,0,차대사람 - 기타,안전운전불이행,건조,맑음,기타 - 기타,승용,여,35세,상해없음,보행자,남,20세,중상
2013112000100122,2013년 11월 20일 08시,수요일,충청남도 천안시 동남구 신부동,경상사고,0,0,1,0,차대차 - 기타,안전운전불이행,건조,맑음,교차로 - 교차로안,승용,여,52세,상해없음,승용,여,42세,경상
2013112000100150,2013년 11월 20일 09시,수요일,충청남도 천안시 동남구 목천읍,중상사고,0,1,0,0,차대사람 - 기타,안전운전불이행,건조,맑음,기타 - 기타,승용,남,34세,상해없음,보행자,여,71세,중상
2013112000100196,2013년 11월 20일 11시,수요일,충청남도 홍성군 은하면,경상사고,0,0,1,0,차대차 - 추돌 - 주정차중,안전운전불이행,건조,맑음,단일로 - 기타,건설기계,남,23세,상해없음,화물,남,55세,경상
2013112000100219,2013년 11월 20일 12시,수요일,충청남도 당진시 합덕읍,중상사고,0,1,0,0,차대사람 - 보도통행중,교차로운행방법위반,건조,맑음,기타 - 기타,승용,남,31세,상해없음,보행자,여,82세,중상
2013112000100250,2013년 11월 20일 13시,수요일,충청남도 천안시 서북구 직산읍,경상사고,0,0,1,0,차대차 - 정면충돌,안전운전불이행,건조,맑음,교차로 - 교차로안,승용,남,52세,상해없음,승합,남,45세,경상
2013112000100251,2013년 11월 20일 13시,수요일,충청남도 논산시 광석면,경상사고,0,0,1,0,차대차 - 기타,신호위반,건조,맑음,교차로 - 교차로안,승용,남,25세,상해없음,원동기,남,61세,경상
2013112000100279,2013년 11월 20일 14시,수요일,충청남도 서산시 고북면,중상사고,0,1,0,0,차대차 - 추돌 - 주정차중,안전운전불이행,건조,맑음,단일로 - 기타,화물,남,33세,상해없음,화물,남,57세,중상
2013112000100280,2013년 11월 20일 14시,수요일,충청남도 공주시 계룡면,중상사고,0,1,0,0,차대차 - 측면직각충돌,안전운전불이행,건조,맑음,단일로 - 기타,승용,여,39세,상해없음,원동기,여,72세,중상
2013112000100307,2013년 11월 20일 15시,수요일,충청남도 아산시 인주면,경상사고,0,0,2,0,차대차 - 측면직각충돌,안전운전불이행,건조,맑음,기타 - 기타,승용,남,29세,상해없음,화물,남,68세,경상
2013112000100308,2013년 11월 20일 15시,수요일,충청남도 당진시 읍내리,중상사고,0,1,0,0,차대사람 - 보도통행중,안전운전불이행,건조,흐림,교차로 - 교차로부근,승합,여,48세,상해없음,보행자,남,10세,중상
2013112000100309,2013년 11월 20일 15시,수요일,충청남도 천안시 동남구 신방동,경상사고,0,0,1,0,차대사람 - 횡단중,안전운전불이행,건조,맑음,단일로 - 기타,승합,남,53세,상해없음,보행자,남,5세,경상
2013112000100380,2013년 11월 20일 17시,수요일,충청남도 천안시 서북구 성환읍,중상사고,0,1,0,0,차대차 - 정면충돌,중앙선침범,건조,맑음,단일로 - 기타,원동기,남,56세,중상,승용,남,38세,상해없음
2013112000100381,2013년 11월 20일 17시,수요일,충청남도 서천군 마서면,중상사고,0,2,1,0,차대차 - 측면직각충돌,직진우회전진행방해,건조,맑음,교차로 - 교차로안,승용,여,61세,중상,승합,남,43세,경상
2013112000100432,2013년 11월 20일 18시,수요일,충청남도 예산군 봉산면,중상사고,0,1,0,0,차대사람 - 차도통행중,안전운전불이행,건조,맑음,단일로 - 기타,화물,남,51세,상해없음,보행자,남,79세,중상
2013112000100433,2013년 11월 20일 18시,수요일,충청남도 당진시 읍내리,경상사고,0,0,1,0,차대사람 - 기타,안전운전불이행,건조,맑음,기타 - 기타,승용,여,44세,상해없음,보행자,여,49세,경상
2013112000100434,2013년 11월 20일 18시,수요일,충청남도 청양군 청양읍,경상사고,0,0,1,0,차대차 - 추돌 - 주정차중,안전운전불이행,건조,흐림,교차로 - 교차로부근,승용,남,46세,상해없음,화물,남,63세,경상