사고번호,사고일시,요일,시군구,사고내용,사망자수,중상자수,경상자수,부상신고자수,사고유형,법규위반,노면상태,기상상태,도로형태,가해운전자 차종,가해운전자 성별,가해운전자 연령,가해운전자 상해정도,피해운전자 차종,피해운전자 성별,피해운전자 연령,피해운전자 상해정도
2013112000100435,2013년 11월 20일 18시,수요일,충청남도 천안시 동남구 구성동,경상사고,0,0,1,0,차대차 - 추돌 - 진행중,안전거리미확보,건조,맑음,단일로 - 기타,기타불명,기타불명,기타불명,기타불명,승용,여,29세,경상
2013112000100494,2013년 11월 20일 19시,수요일,충청남도 예산군 덕산면,경상사고,0,0,1,0,차대사람 - 횡단중,보행자보호의무위반,건조,맑음,교차로 - 교차로부근,승용,여,44세,상해없음,보행자,여,73세,경상
2013112000100540,2013년 11월 20일 20시,수요일,충청남도 천안시 서북구 성성동,사망사고,1,0,3,0,차대차 - 기타,안전운전불이행,건조,맑음,교차로 - 교차로안,승용,남,58세,사망,화물,남,53세,경상
2013112000100541,2013년 11월 20일 20시,수요일,충청남도 부여군 규암면,중상사고,0,4,1,0,차대차 - 기타,신호위반,건조,맑음,단일로 - 교량,승용,여,41세,경상,승용,남,36세,중상
2013112000100561,2013년 11월 20일 21시,수요일,충청남도 당진시 읍내리,경상사고,0,0,1,0,차대차 - 측면직각충돌,교차로운행방법위반,건조,맑음,기타 - 기타,승용,남,24세,상해없음,원동기,남,24세,경상
2013112000100562,2013년 11월 20일 21시,수요일,충청남도 청양군 청양읍,경상사고,0,0,1,0,차대차 - 추돌 - 주정차중,안전운전불이행,건조,맑음,교차로 - 교차로부근,화물,남,53세,상해없음,화물,여,48세,경상
2013112000100598,2013년 11월 20일 22시,수요일,충청남도 천안시 서북구 두정동,경상사고,0,0,1,0,차대차 - 기타,안전운전불이행,건조,맑음,미분류 - 미분류,화물,남,47세,상해없음,승용,여,40세,경상
2013112100100025,2013년 11월 21일 01시,목요일,충청남도 서산시 석림동,중상사고,0,2,0,0,차대차 - 측면직각충돌,안전운전불이행,건조,맑음,교차로 - 교차로안,승용,남,25세,상해없음,화물,남,34세,상해없음
2013112100100026,2013년 11월 21일 01시,목요일,충청남도 천안시 서북구 직산읍,경상사고,0,0,2,0,차대차 - 측면직각충돌,과속,건조,맑음,단일로 - 기타,승용,남,56세,경상,화물,남,37세,경상
2013112100100060,2013년 11월 21일 05시,목요일,충청남도 천안시 서북구 쌍용동,경상사고,0,0,2,0,차대차 - 측면직각충돌,불법유턴,건조,맑음,교차로 - 교차로부근,승용,남,76세,상해없음,승용,남,58세,경상
2013112100100091,2013년 11월 21일 07시,목요일,충청남도 서산시 대산읍,경상사고,0,0,1,0,차대차 - 추돌 - 진행중,안전운전불이행,건조,맑음,단일로 - 기타,승합,남,28세,상해없음,승용,남,31세,경상
2013112100100092,2013년 11월 21일 07시,목요일,충청남도 천안시 서북구 두정동,경상사고,0,0,2,0,차대차 - 추돌 - 진행중,안전운전불이행,건조,맑음,교차로 - 교차로안,승용,남,28세,상해없음,승용,남,35세,상해없음
2013112100100128,2013년 11월 21일 08시,목요일,충청남도 예산군 예산읍,중상사고,0,1,0,0,차대사람 - 횡단중,보행자보호의무위반,건조,맑음,단일로 - 횡단보도상,승용,남,55세,상해없음,보행자,여,83세,중상
2013112100100129,2013년 11월 21일 08시,목요일,충청남도 예산군 삽교읍,중상사고,0,1,0,0,차대차 - 기타,중앙선침범,건조,맑음,교차로 - 교차로부근,화물,남,78세,상해없음,자전거,남,77세,중상
2013112100100163,2013년 11월 21일 09시,목요일,충청남도 논산시 연산면,중상사고,0,1,0,0,차량단독 - 기타,안전운전불이행,건조,맑음,교차로 - 교차로부근,승합,남,56세,상해없음,,,,
2013112100100192,2013년 11월 21일 10시,목요일,충청남도 홍성군 홍성읍,경상사고,0,0,1,0,차대차 - 정면충돌,안전운전불이행,건조,맑음,단일로 - 기타,승용,남,72세,상해없음,승용,남,32세,경상
2013112100100211,2013년 11월 21일 11시,목요일,충청남도 부여군 세도면,중상사고,0,1,0,0,차대차 - 기타,안전운전불이행,건조,맑음,기타 - 기타,승용,여,56세,상해없음,이륜,남,70세,중상
2013112100100263,2013년 11월 21일 13시,목요일,충청남도 서산시 음암면,중상사고,0,1,0,0,차대사람 - 기타,안전운전불이행,건조,맑음,단일로 - 기타,승용,남,75세,상해없음,보행자,여,55세,중상
2013112100100292,2013년 11월 21일 14시,목요일,충청남도 서산시 동문동,경상사고,0,0,5,0,차대차 - 추돌 - 주정차중,안전운전불이행,건조,맑음,교차로 - 교차로부근,승용,남,28세,상해없음,승용,남,26세,경상
2013112100100293,2013년 11월 21일 14시,목요일,충청남도 천안시 서북구 성성동,경상사고,0,0,1,0,차대차 - 기타,신호위반,건조,맑음,교차로 - 교차로안,승용,여,50세,상해없음,승용,여,49세,경상
2013112100100336,2013년 11월 21일 15시,목요일,충청남도 천안시 서북구 성성동,경상사고,0,0,1,0,차대차 - 측면직각충돌,중앙선침범,건조,맑음,교차로 - 교차로부근,승용,남,52세,상해없음,화물,남,38세,경상
2013112100100337,2013년 11월 21일 15시,목요일,충청남도 논산시 취암동,경상사고,0,0,1,0,차대차 - 측면직각충돌,중앙선침범,건조,맑음,단일로 - 기타,자전거,남,67세,상해없음,이륜,남,32세,경상
2013112100100338,2013년 11월 21일 15시,목요일,충청남도 당진시 송악읍,경상사고,0,0,2,0,차대차 - 기타,중앙선침범,건조,맑음,단일로 - 기타,화물,남,46세,상해없음,승용,남,35세,경상
2013112100100410,2013년 11월 21일 17시,목요일,충청남도 서천군 서천읍,사망사고,1,0,0,0,차대차 - 측면직각충돌,안전운전불이행,건조,맑음,교차로 - 교차로부근,승용,남,75세,상해없음,이륜,남,70세,사망
2013112100100411,2013년 11월 21일 17시,목요일,충청남도 금산군 금산읍,중상사고,0,1,0,0,차대사람 - 기타,안전운전불이행,건조,맑음,교차로 - 교차로부근,화물,남,50세,상해없음,보행자,여,68세,중상
2013112100100462,2013년 11월 21일 18시,목요일,충청남도 서천군 서천읍,중상사고,0,1,0,0,차대차 - 측면직각충돌,중앙선침범,건조,맑음,기타 - 기타,승용,여,41세,상해없음,승용,여,35세,중상
2013112100100463,2013년 11월 21일 18시,목요일,충청남도 부여군 은산면,중상사고,0,1,0,0,차대차 - 기타,안전운전불이행,건조,맑음,교차로 - 교차로안,기타불명,기타불명,기타불명,기타불명,이륜,남,65세,중상
2013112100100541,2013년 11월 21일 20시,목요일,충청남도 천안시 서북구 성환읍,경상사고,0,0,4,0,차대차 - 추돌 - 주정차중,안전운전불이행,건조,맑음,교차로 - 교차로부근,승용,남,52세,상해없음,화물,남,40세,경상
2013112100100542,2013년 11월 21일 20시,목요일,충청남도 천안시 서북구 부대동,중상사고,0,1,0,0,차대사람 - 횡단중,안전운전불이행,건조,맑음,교차로 - 교차로안,승용,남,27세,상해없음,보행자,남,39세,중상
2013112100100543,2013년 11월 21일 20시,목요일,충청남도 예산군 고덕면,경상사고,0,0,1,0,차량단독 - 공작물충돌,안전운전불이행,건조,맑음,단일로 - 기타,화물,남,63세,경상,,,,
2013112100100579,2013년 11월 21일 21시,목요일,충청남도 예산군 응봉면,경상사고,0,0,2,0,차대차 - 기타,안전운전불이행,건조,맑음,단일로 - 기타,승용,남,47세,상해없음,화물,남,47세,기타불명
2013112100100618,2013년 11월 21일 22시,목요일,충청남도 천안시 서북구 성정동,경상사고,0,0,1,0,차대차 - 정면충돌,안전운전불이행,건조,맑음,단일로 - 기타,승용,남,52세,상해없음,승용,남,25세,경상
2013112100100619,2013년 11월 21일 22시,목요일,충청남도 천안시 서북구 성성동,경상사고,0,0,1,0,차대차 - 측면직각충돌,안전운전불이행,건조,맑음,기타 - 기타,승용,남,34세,상해없음,승용,여,47세,경상
2013112100100660,2013년 11월 21일 23시,목요일,충청남도 서산시 대산읍,중상사고,0,1,0,0,차대차 - 추돌 - 주정차중,안전운전불이행,건조,맑음,교차로 - 교차로부근,승용,남,72세,중상,특수,남,45세,상해없음
2013112200100018,2013년 11월 22일 00시,금요일,충청남도 아산시 실옥동,경상사고,0,0,1,0,차대차 - 측면직각충돌,신호위반,건조,맑음,교차로 - 교차로안,승용,남,51세,상해없음,승용,남,43세,경상
2013112200100038,2013년 11월 22일 01시,금요일,충청남도 천안시 서북구 성정동,경상사고,0,0,3,0,차대차 - 측면직각충돌,신호위반,건조,맑음,교차로 - 교차로안,승용,여,41세,상해없음,승용,남,54세,경상
2013112200100088,2013년 11월 22일 06시,금요일,충청남도 당진시 신평면,사망사고,1,0,0,0,차대차 - 추돌 - 주정차중,안전운전불이행,건조,맑음,단일로 - 기타,화물,남,63세,사망,화물,남,49세,상해없음
2013112200100114,2013년 11월 22일 07시,금요일,충청남도 천안시 서북구 백석동,경상사고,0,0,1,0,차대차 - 정면충돌,중앙선침범,결빙,맑음,단일로 - 기타,화물,남,53세,상해없음,승용,남,50세,경상
2013112200100204,2013년 11월 22일 10시,금요일,충청남도 당진시 합덕읍,경상사고,0,0,1,0,차대차 - 기타,교차로운행방법위반,건조,맑음,교차로 - 교차로부근,화물,남,73세,상해없음,승용,여,39세,경상
2013112200100236,2013년 11월 22일 11시,금요일,충청남도 천안시 서북구 쌍용동,중상사고,0,1,0,0,차대차 - 측면직각충돌,안전운전불이행,건조,맑음,단일로 - 기타,승용,남,75세,상해없음,승용,남,28세,중상
2013112200100237,2013년 11월 22일 11시,금요일,충청남도 금산군 금산읍,중상사고,0,1,0,0,차대차 - 기타,교차로운행방법위반,건조,맑음,교차로 - 교차로안,승용,남,58세,상해없음,이륜,남,62세,중상
2013112200100261,2013년 11월 22일 12시,금요일,충청남도 서산시 음암면,경상사고,0,0,1,0,차대차 - 기타,신호위반,건조,맑음,교차로 - 교차로안,이륜,남,67세,경상,승용,남,32세,상해없음
2013112200100262,2013년 11월 22일 12시,금요일,충청남도 홍성군 홍성읍,중상사고,0,1,0,0,차대차 - 정면충돌,중앙선침범,건조,맑음,단일로 - 기타,특수,남,33세,상해없음,승용,남,33세,중상
2013112200100263,2013년 11월 22일 12시,금요일,충청남도 아산시 배방읍,경상사고,0,0,1,0,차대차 - 추돌 - 주정차중,안전운전불이행,건조,맑음,교차로 - 교차로부근,승용,여,51세,상해없음,승용,남,57세,경상
2013112200100320,2013년 11월 22일 14시,금요일,충청남도 천안시 서북구 불당동,경상사고,0,0,2,0,차대차 - 추돌 - 주정차중,안전거리미확보,건조,맑음,단일로 - 기타,승용,남,36세,상해없음,승용,여,40세,경상
2013112200100321,2013년 11월 22일 14시,금요일,충청남도 홍성군 홍동면,경상사고,0,0,1,0,차대차 - 기타,중앙선침범,건조,맑음,교차로 - 교차로부근,화물,남,71세,상해없음,원동기,남,71세,경상
2013112200100322,2013년 11월 22일 14시,금요일,충청남도 공주시 신관동,경상사고,0,0,1,0,차대차 - 측면직각충돌,안전거리미확보,건조,맑음,단일로 - 기타,승용,남,39세,경상,화물,남,21세,기타불명
2013112200100323,2013년 11월 22일 14시,금요일,충청남도 공주시 신관동,경상사고,0,0,3,0,차대차 - 측면직각충돌,신호위반,건조,맑음,교차로 - 교차로안,승용,여,29세,기타불명,승용,남,54세,경상
2013112200100356,2013년 11월 22일 15시,금요일,충청남도 천안시 서북구 백석동,경상사고,0,0,1,0,차대사람 - 횡단중,안전운전불이행,건조,맑음,단일로 - 횡단보도상,승용,남,45세,상해없음,보행자,남,6세,경상
2013112200100357,2013년 11월 22일 15시,금요일,충청남도 당진시 읍내리,중상사고,0,1,0,0,차대사람 - 기타,안전운전불이행,건조,맑음,기타 - 기타,승합,남,58세,상해없음,보행자,여,67세,중상
2013112200100387,2013년 11월 22일 16시,금요일,충청남도 금산군 금성면,중상사고,0,1,1,0,차대차 - 기타,안전운전불이행,건조,맑음,단일로 - 기타,화물,남,53세,상해없음,이륜,남,69세,중상
2013112200100422,2013년 11월 22일 17시,금요일,충청남도 보령시 주포면,중상사고,0,2,1,0,차대차 - 추돌 - 주정차중,안전운전불이행,건조,흐림,교차로 - 교차로부근,승용,여,53세,경상,승용,남,64세,중상
2013112200100477,2013년 11월 22일 18시,금요일,충청남도 서산시 해미면,중상사고,0,1,1,0,차대차 - 측면직각충돌,안전운전불이행,건조,맑음,단일로 - 기타,승합,남,39세,중상,승용,남,21세,경상
2013112200100478,2013년 11월 22일 18시,금요일,충청남도 공주시 반포면,경상사고,0,0,1,0,차대차 - 추돌 - 진행중,안전운전불이행,건조,맑음,단일로 - 기타,승용,남,57세,기타불명,농기계,남,58세,경상
2013112200100524,2013년 11월 22일 19시,금요일,충청남도 천안시 서북구 입장면,경상사고,0,0,2,0,차대차 - 기타,중앙선침범,건조,맑음,단일로 - 기타,승용,남,36세,상해없음,승합,남,37세,경상
2013112200100563,2013년 11월 22일 20시,금요일,충청남도 서산시 대산읍,사망사고,1,0,0,0,차대차 - 추돌 - 진행중,안전운전불이행,건조,맑음,단일로 - 기타,특수,남,34세,상해없음,이륜,여,66세,사망
2013112200100564,2013년 11월 22일 20시,금요일,충청남도 예산군 예산읍,경상사고,0,0,2,0,차대차 - 측면직각충돌,직진우회전진행방해,건조,맑음,교차로 - 교차로안,화물,여,46세,경상,화물,남,30세,경상
2013112200100565,2013년 11월 22일 20시,금요일,충청남도 예산군 예산읍,경상사고,0,0,1,0,차대차 - 추돌 - 주정차중,안전운전불이행,건조,맑음,단일로 - 기타,승용,남,31세,상해없음,승용,여,37세,경상
2013112200100598,2013년 11월 22일 21시,금요일,충청남도 당진시 신평면,경상사고,0,0,1,0,차대차 - 기타,안전운전불이행,건조,맑음,교차로 - 교차로부근,승용,남,26세,상해없음,승용,여,40세,경상
2013112200100633,2013년 11월 22일 22시,금요일,충청남도 서산시 대산읍,경상사고,0,0,1,0,차대차 - 정면충돌,중앙선침범,건조,맑음,교차로 - 교차로안,승용,남,51세,상해없음,승합,남,56세,상해없음
2013112200100634,2013년 11월 22일 22시,금요일,충청남도 공주시 금성동,경상사고,0,0,1,0,차대사람 - 기타,안전운전불이행,건조,맑음,교차로 - 교차로부근,승용,남,45세,상해없음,보행자,남,45세,경상
2013112300100015,2013년 11월 23일 00시,토요일,충청남도 논산시 대교동,경상사고,0,0,1,0,차량단독 - 공작물충돌,안전운전불이행,건조,맑음,교차로 - 교차로안,승용,남,26세,상해없음,,,,
2013112300100077,2013년 11월 23일 03시,토요일,충청남도 천안시 서북구 두정동,중상사고,0,1,0,0,차대차 - 기타,안전운전불이행,건조,맑음,교차로 - 교차로안,승용,남,29세,상해없음,승용,남,31세,상해없음
2013112300100184,2013년 11월 23일 09시,토요일,충청남도 서천군 비인면,중상사고,0,1,1,0,차대차 - 측면직각충돌,신호위반,건조,맑음,교차로 - 교차로안,화물,남,54세,경상,화물,남,49세,중상
2013112300100215,2013년 11월 23일 10시,토요일,충청남도 예산군 예산읍,중상사고,0,1,0,0,차대차 - 기타,안전운전불이행,건조,맑음,교차로 - 교차로안,화물,남,54세,상해없음,원동기,남,75세,중상
2013112300100283,2013년 11월 23일 12시,토요일,충청남도 천안시 서북구 직산읍,경상사고,0,0,2,0,차대차 - 기타,안전운전불이행,건조,맑음,교차로 - 교차로부근,승용,남,29세,상해없음,승용,여,26세,경상
2013112300100284,2013년 11월 23일 12시,토요일,충청남도 논산시 광석면,경상사고,0,0,1,0,차대차 - 추돌 - 주정차중,안전운전불이행,건조,맑음,단일로 - 기타,승용,남,39세,상해없음,승용,남,32세,상해없음
2013112300100344,2013년 11월 23일 14시,토요일,충청남도 당진시 고대면,중상사고,0,1,0,0,차대차 - 측면직각충돌,안전운전불이행,건조,맑음,단일로 - 기타,승용,남,74세,상해없음,이륜,남,78세,중상
2013112300100345,2013년 11월 23일 14시,토요일,충청남도 천안시 동남구 신방동,경상사고,0,0,1,0,차대차 - 측면직각충돌,신호위반,건조,맑음,교차로 - 교차로안,화물,남,60세,상해없음,원동기,남,30세,경상
2013112300100373,2013년 11월 23일 15시,토요일,충청남도 서산시 지곡면,경상사고,0,0,1,0,차대차 - 추돌 - 진행중,안전운전불이행,건조,맑음,단일로 - 기타,승합,여,55세,상해없음,승용,여,26세,경상
2013112300100374,2013년 11월 23일 15시,토요일,충청남도 보령시 죽정동,중상사고,0,1,0,0,차대차 - 추돌 - 진행중,안전거리미확보,건조,맑음,단일로 - 기타,이륜,남,77세,중상,승용,여,47세,상해없음
2013112300100375,2013년 11월 23일 15시,토요일,충청남도 당진시 수청리,경상사고,0,0,2,0,차대차 - 정면충돌,신호위반,건조,맑음,교차로 - 교차로안,승용,남,27세,상해없음,승용,남,41세,경상
2013112300100376,2013년 11월 23일 15시,토요일,충청남도 금산군 금산읍,경상사고,0,0,1,0,차대사람 - 기타,안전운전불이행,건조,맑음,단일로 - 기타,승용,남,49세,상해없음,보행자,여,71세,경상
2013112300100413,2013년 11월 23일 16시,토요일,충청남도 아산시 인주면,경상사고,0,0,1,0,차대차 - 측면직각충돌,안전운전불이행,건조,맑음,교차로 - 교차로안,승용,남,57세,상해없음,화물,남,49세,경상
2013112300100451,2013년 11월 23일 17시,토요일,충청남도 천안시 서북구 두정동,중상사고,0,1,0,0,차대차 - 기타,안전운전불이행,건조,맑음,단일로 - 기타,승용,여,57세,기타불명,승용,여,32세,중상
2013112300100494,2013년 11월 23일 18시,토요일,충청남도 논산시 덕지동,중상사고,0,1,5,0,차대차 - 기타,신호위반,건조,맑음,교차로 - 교차로안,승용,남,70세,경상,승용,여,36세,경상
2013112300100610,2013년 11월 23일 21시,토요일,충청남도 아산시 음봉면,부상신고사고,0,0,0,1,차대차 - 측면직각충돌,신호위반,건조,맑음,단일로 - 기타,승용,남,27세,상해없음,화물,남,51세,부상신고
2013112300100633,2013년 11월 23일 22시,토요일,충청남도 아산시 용화동,중상사고,0,1,0,0,차대차 - 기타,신호위반,건조,맑음,교차로 - 교차로안,승용,남,27세,상해없음,자전거,남,14세,중상
2013112300100634,2013년 11월 23일 22시,토요일,충청남도 아산시 모종동,경상사고,0,0,1,0,차대차 - 추돌 - 진행중,안전운전불이행,건조,맑음,단일로 - 기타,이륜,남,53세,상해없음,승용,여,39세,경상
2013112300100656,2013년 11월 23일 23시,토요일,충청남도 태안군 남면,사망사고,1,3,0,0,차량단독 - 공작물충돌,안전운전불이행,건조,맑음,단일로 - 기타,승용,남,20세,중상,,,,
2013112400100008,2013년 11월 24일 00시,일요일,충청남도 천안시 서북구 성정동,경상사고,0,0,2,0,차대차 - 기타,안전운전불이행,건조,맑음,교차로 - 교차로안,승용,남,29세,상해없음,승용,남,32세,경상
2013112400100009,2013년 11월 24일 00시,일요일,충청남도 보령시 명천동,중상사고,0,1,0,0,차량단독 - 공작물충돌,안전운전불이행,건조,맑음,교차로 - 교차로안,승용,여,25세,중상,,,,
2013112400100032,2013년 11월 24일 01시,일요일,충청남도 서산시 예천동,중상사고,0,1,0,0,차량단독 - 공작물충돌,안전운전불이행,건조,맑음,단일로 - 기타,화물,여,48세,중상,,,,
2013112400100050,2013년 11월 24일 02시,일요일,충청남도 천안시 서북구 성정동,경상사고,0,0,1,0,차대차 - 기타,안전운전불이행,건조,맑음,단일로 - 기타,승용,남,33세,상해없음,승용,남,37세,경상
2013112400100069,2013년 11월 24일 03시,일요일,충청남도 당진시 송악읍,중상사고,0,1,0,0,차대차 - 기타,안전운전불이행,건조,맑음,기타 - 기타,승용,남,43세,상해없음,승용,남,52세,중상
2013112400100096,2013년 11월 24일 06시,일요일,충청남도 홍성군 홍성읍,경상사고,0,0,2,0,차대차 - 측면직각충돌,신호위반,건조,맑음,교차로 - 교차로안,승용,남,24세,상해없음,승용,남,48세,경상
2013112400100118,2013년 11월 24일 09시,일요일,충청남도 아산시 인주면,중상사고,0,1,0,0,차대차 - 기타,안전운전불이행,건조,맑음,교차로 - 교차로안,승용,남,19세,상해없음,원동기,남,42세,중상
2013112400100184,2013년 11월 24일 12시,일요일,충청남도 아산시 온천동,경상사고,0,0,1,0,차대사람 - 기타,안전운전불이행,건조,맑음,단일로 - 기타,기타불명,기타불명,기타불명,기타불명,보행자,남,12세,경상
2013112400100210,2013년 11월 24일 13시,일요일,충청남도 예산군 광시면,사망사고,1,0,0,0,차대차 - 기타,안전운전불이행,건조,맑음,단일로 - 기타,건설기계,남,64세,상해없음,자전거,남,83세,사망
2013112400100240,2013년 11월 24일 14시,일요일,충청남도 당진시 석문면,중상사고,0,2,1,0,차대차 - 측면직각충돌,중앙선침범,건조,흐림,단일로 - 기타,화물,남,51세,중상,특수,남,54세,경상
2013112400100260,2013년 11월 24일 15시,일요일,충청남도 서산시 대산읍,경상사고,0,0,1,0,차대차 - 추돌 - 주정차중,안전운전불이행,습기,비,단일로 - 기타,승용,여,41세,경상,승용,남,35세,상해없음
2013112400100261,2013년 11월 24일 15시,일요일,충청남도 아산시 염치읍,중상사고,0,1,0,0,차대사람 - 기타,기타,습기,비,교차로 - 교차로안,화물,남,49세,상해없음,보행자,남,21세,중상
2013112400100286,2013년 11월 24일 16시,일요일,충청남도 서산시 예천동,경상사고,0,0,1,0,차대차 - 기타,안전운전불이행,습기,비,교차로 - 교차로부근,화물,남,40세,상해없음,승용,남,57세,경상
2013112400100287,2013년 11월 24일 16시,일요일,충청남도 공주시 우성면,경상사고,0,0,2,0,차대차 - 기타,차로위반,습기,비,단일로 - 기타,건설기계,남,34세,상해없음,승용,남,30세,경상
2013112400100331,2013년 11월 24일 17시,일요일,충청남도 서산시 동문동,경상사고,0,0,2,0,차대차 - 측면직각충돌,교차로운행방법위반,습기,비,교차로 - 교차로안,승용,남,49세,상해없음,승용,여,55세,경상
2013112400100332,2013년 11월 24일 17시,일요일,충청남도 서산시 갈산동,경상사고,0,0,1,0,차대차 - 추돌 - 주정차중,안전운전불이행,습기,흐림,교차로 - 교차로안,승용,남,59세,경상,화물,남,66세,상해없음
2013112400100333,2013년 11월 24일 17시,일요일,충청남도 논산시 양촌면,경상사고,0,0,1,0,차대차 - 정면충돌,중앙선침범,습기,비,교차로 - 교차로부근,승용,남,44세,상해없음,승용,여,46세,경상
2013112400100334,2013년 11월 24일 17시,일요일,충청남도 홍성군 홍성읍,경상사고,0,0,1,0,차대차 - 측면직각충돌,교차로운행방법위반,습기,비,교차로 - 교차로안,화물,남,66세,상해없음,이륜,남,22세,경상
2013112400100388,2013년 11월 24일 18시,일요일,충청남도 아산시 영인면,경상사고,0,0,2,0,차대차 - 추돌 - 주정차중,안전거리미확보,건조,맑음,단일로 - 기타,승용,남,53세,상해없음,승용,여,47세,경상
2013112400100437,2013년 11월 24일 19시,일요일,충청남도 서산시 대산읍,사망사고,2,1,0,0,차량단독 - 전도전복,안전운전불이행,습기,비,단일로 - 기타,승용,남,52세,사망,,,,
2013112400100438,2013년 11월 24일 19시,일요일,충청남도 서산시 대산읍,경상사고,0,0,1,0,차대차 - 추돌 - 주정차중,안전운전불이행,습기,비,단일로 - 기타,승용,남,34세,상해없음,화물,남,38세,경상
2013112400100439,2013년 11월 24일 19시,일요일,충청남도 부여군 규암면,중상사고,0,1,0,0,차대차 - 추돌 - 주정차중,안전운전불이행,습기,비,단일로 - 기타,승용,남,40세,상해없음,화물,남,36세,중상
2013112400100493,2013년 11월 24일 20시,일요일,충청남도 서산시 읍내동,부상신고사고,0,0,0,1,차대차 - 측면직각충돌,교차로운행방법위반,습기,비,교차로 - 교차로안,승용,남,40세,부상신고,승용,여,31세,상해없음
2013112400100494,2013년 11월 24일 20시,일요일,충청남도 서천군 서천읍,중상사고,0,1,0,0,차대차 - 정면충돌,중앙선침범,습기,비,단일로 - 기타,승용,여,41세,상해없음,원동기,남,18세,중상
2013112400100495,2013년 11월 24일 20시,일요일,충청남도 당진시 송악읍,중상사고,0,2,0,0,차대차 - 측면직각충돌,교차로운행방법위반,습기,비,교차로 - 교차로안,승합,여,41세,상해없음,승용,남,44세,중상
2013112400100539,2013년 11월 24일 21시,일요일,충청남도 논산시 부적면,경상사고,0,0,1,0,차량단독 - 공작물충돌,안전운전불이행,습기,비,단일로 - 기타,승용,남,30세,경상,,,,
2013112400100540,2013년 11월 24일 21시,일요일,충청남도 천안시 동남구 신방동,경상사고,0,0,2,0,차대차 - 측면직각충돌,안전운전불이행,건조,맑음,교차로 - 교차로부근,승용,남,33세,상해없음,승용,남,50세,상해없음
2013112400100584,2013년 11월 24일 22시,일요일,충청남도 천안시 동남구 문화동,중상사고,0,1,1,0,차대차 - 추돌 - 주정차중,안전운전불이행,습기,비,단일로 - 기타,승용,남,32세,중상,승용,남,33세,경상
2013112400100628,2013년 11월 24일 23시,일요일,충청남도 천안시 서북구 성정동,경상사고,0,0,2,0,차대차 - 기타,안전운전불이행,습기,비,단일로 - 기타,승용,남,36세,상해없음,승용,여,37세,상해없음
2013112500100034,2013년 11월 25일 01시,월요일,충청남도 당진시 채운동,부상신고사고,0,0,0,1,차량단독 - 공작물충돌,안전운전불이행,습기,흐림,단일로 - 기타,승용,남,26세,부상신고,,,,
2013112500100054,2013년 11월 25일 02시,월요일,충청남도 당진시 읍내리,사망사고,1,0,0,0,차량단독 - 공작물충돌,안전운전불이행,습기,비,단일로 - 기타,승용,남,26세,사망,,,,
2013112500100154,2013년 11월 25일 08시,월요일,충청남도 서산시 운산면,중상사고,0,1,0,0,차량단독 - 기타,안전운전불이행,건조,맑음,교차로 - 교차로부근,자전거,남,80세,중상,,,,
2013112500100230,2013년 11월 25일 10시,월요일,충청남도 천안시 서북구 성거읍,중상사고,0,1,0,0,차대차 - 추돌 - 진행중,안전운전불이행,건조,맑음,단일로 - 기타,승용,남,29세,상해없음,이륜,남,72세,중상
2013112500100231,2013년 11월 25일 10시,월요일,충청남도 보령시 화산동,중상사고,0,1,1,0,차대차 - 정면충돌,중앙선침범,습기,흐림,교차로 - 교차로부근,승용,남,60세,경상,승용,남,47세,중상
2013112500100232,2013년 11월 25일 10시,월요일,충청남도 예산군 예산읍,중상사고,0,1,1,0,차대차 - 측면직각충돌,신호위반,습기,비,교차로 - 교차로안,화물,남,59세,상해없음,화물,남,56세,경상
2013112500100260,2013년 11월 25일 11시,월요일,충청남도 서산시 동문동,중상사고,0,1,0,0,차대차 - 기타,교차로운행방법위반,건조,맑음,교차로 - 교차로안,승용,여,48세,상해없음,이륜,남,63세,중상
2013112500100386,2013년 11월 25일 16시,월요일,충청남도 계룡시 엄사면,중상사고,0,1,0,0,차대사람 - 보도통행중,기타,건조,맑음,단일로 - 횡단보도상,화물,남,47세,상해없음,보행자,여,59세,중상
2013112500100387,2013년 11월 25일 16시,월요일,충청남도 당진시 석문면,경상사고,0,0,1,0,차대차 - 측면직각충돌,중앙선침범,건조,맑음,단일로 - 기타,화물,남,55세,경상,특수,남,40세,상해없음
2013112500100480,2013년 11월 25일 18시,월요일,충청남도 천안시 서북구 성환읍,사망사고,1,0,0,0,차대사람 - 횡단중,안전운전불이행,습기,비,단일로 - 기타,승용,여,50세,상해없음,보행자,남,83세,사망
2013112500100481,2013년 11월 25일 18시,월요일,충청남도 논산시 내동,경상사고,0,0,1,0,차대차 - 측면직각충돌,안전운전불이행,건조,맑음,교차로 - 교차로안,승용,남,58세,상해없음,이륜,남,48세,경상
2013112500100529,2013년 11월 25일 19시,월요일,충청남도 논산시 취암동,경상사고,0,0,1,0,차대차 - 기타,교차로운행방법위반,건조,기타,교차로 - 교차로안,승용,남,40세,상해없음,승용,여,29세,경상
2013112500100558,2013년 11월 25일 20시,월요일,충청남도 천안시 동남구 청당동,중상사고,0,1,3,0,차대차 - 기타,안전운전불이행,건조,맑음,단일로 - 기타,화물,남,53세,상해없음,승용,여,38세,상해없음