사고번호,사고일시,요일,시군구,사고내용,사망자수,중상자수,경상자수,부상신고자수,사고유형,법규위반,노면상태,기상상태,도로형태,가해운전자 차종,가해운전자 성별,가해운전자 연령,가해운전자 상해정도,피해운전자 차종,피해운전자 성별,피해운전자 연령,피해운전자 상해정도
2013120600100481,2013년 12월 6일 18시,금요일,충청남도 보령시 대천동,경상사고,0,0,1,0,차대차 - 측면직각충돌,직진우회전진행방해,건조,맑음,교차로 - 교차로안,화물,남,59세,상해없음,승용,여,33세,경상
2013120600100482,2013년 12월 6일 18시,금요일,충청남도 보령시 동대동,경상사고,0,0,1,0,차대차 - 측면직각충돌,직진우회전진행방해,건조,맑음,교차로 - 교차로안,승용,남,35세,상해없음,승용,남,35세,경상
2013120600100483,2013년 12월 6일 18시,금요일,충청남도 공주시 산성동,경상사고,0,0,2,0,차대차 - 추돌 - 진행중,안전거리미확보,건조,맑음,단일로 - 기타,승용,여,57세,상해없음,화물,남,66세,경상
2013120600100484,2013년 12월 6일 18시,금요일,충청남도 당진시 송악읍,중상사고,0,1,1,0,차대차 - 추돌 - 주정차중,안전운전불이행,습기,흐림,단일로 - 기타,승용,남,53세,중상,승용,남,36세,상해없음
2013120600100524,2013년 12월 6일 19시,금요일,충청남도 서산시 동문동,중상사고,0,1,0,0,차대사람 - 횡단중,보행자보호의무위반,건조,맑음,교차로 - 교차로부근,원동기,남,18세,상해없음,보행자,여,17세,중상
2013120600100525,2013년 12월 6일 19시,금요일,충청남도 천안시 동남구 신방동,경상사고,0,0,1,0,차대차 - 추돌 - 주정차중,안전운전불이행,건조,맑음,단일로 - 기타,승용,여,58세,상해없음,승용,남,34세,경상
2013120600100591,2013년 12월 6일 21시,금요일,충청남도 천안시 동남구 신방동,중상사고,0,1,0,0,차대차 - 정면충돌,신호위반,건조,맑음,교차로 - 교차로부근,이륜,남,30세,중상,승용,여,56세,상해없음
2013120600100623,2013년 12월 6일 22시,금요일,충청남도 천안시 동남구 원성동,경상사고,0,0,3,0,차대차 - 추돌 - 주정차중,차로위반,건조,맑음,교차로 - 교차로부근,승용,남,34세,상해없음,승용,남,32세,경상
2013120700100017,2013년 12월 7일 00시,토요일,충청남도 천안시 서북구 성정동,중상사고,0,1,1,0,차대차 - 측면직각충돌,신호위반,건조,맑음,교차로 - 교차로부근,승용,남,39세,상해없음,승용,남,57세,경상
2013120700100018,2013년 12월 7일 00시,토요일,충청남도 당진시 신평면,중상사고,0,1,0,0,차대사람 - 기타,안전운전불이행,건조,맑음,단일로 - 기타,화물,남,42세,상해없음,보행자,남,44세,중상
2013120700100019,2013년 12월 7일 00시,토요일,충청남도 천안시 동남구 신방동,중상사고,0,1,1,0,차대차 - 추돌 - 주정차중,중앙선침범,건조,맑음,교차로 - 교차로부근,화물,남,36세,상해없음,화물,남,35세,상해없음
2013120700100049,2013년 12월 7일 01시,토요일,충청남도 보령시 궁촌동,중상사고,0,2,0,0,차대차 - 기타,중앙선침범,건조,맑음,단일로 - 기타,승용,남,63세,상해없음,화물,남,41세,중상
2013120700100062,2013년 12월 7일 02시,토요일,충청남도 천안시 동남구 성황동,경상사고,0,0,1,0,차대차 - 측면직각충돌,신호위반,건조,맑음,교차로 - 교차로안,승용,남,57세,상해없음,승용,남,25세,경상
2013120700100077,2013년 12월 7일 03시,토요일,충청남도 예산군 대술면,경상사고,0,0,1,0,차량단독 - 공작물충돌,안전운전불이행,건조,맑음,단일로 - 기타,승용,남,43세,경상,,,,
2013120700100180,2013년 12월 7일 10시,토요일,충청남도 보령시 대천동,중상사고,0,1,0,0,차대사람 - 횡단중,안전운전불이행,건조,맑음,교차로 - 교차로안,승용,남,50세,상해없음,보행자,남,6세,중상
2013120700100232,2013년 12월 7일 12시,토요일,충청남도 태안군 남면,중상사고,0,2,0,0,차대차 - 추돌 - 진행중,안전운전불이행,건조,흐림,단일로 - 기타,승용,남,45세,상해없음,화물,남,55세,중상
2013120700100338,2013년 12월 7일 15시,토요일,충청남도 예산군 예산읍,경상사고,0,0,2,0,차대차 - 기타,안전운전불이행,건조,맑음,교차로 - 교차로안,승용,여,64세,상해없음,승용,남,25세,경상
2013120700100395,2013년 12월 7일 17시,토요일,충청남도 당진시 송악읍,경상사고,0,0,1,0,차대차 - 측면직각충돌,신호위반,건조,맑음,교차로 - 교차로안,승용,남,53세,상해없음,승용,남,30세,경상
2013120700100433,2013년 12월 7일 18시,토요일,충청남도 논산시 상월면,중상사고,0,1,0,0,차대사람 - 기타,안전운전불이행,건조,맑음,단일로 - 기타,화물,남,65세,상해없음,보행자,남,40세,중상
2013120700100434,2013년 12월 7일 18시,토요일,충청남도 예산군 광시면,경상사고,0,0,2,0,차대차 - 측면직각충돌,신호위반,습기,비,교차로 - 교차로안,승용,남,31세,상해없음,승용,남,78세,경상
2013120700100474,2013년 12월 7일 19시,토요일,충청남도 천안시 서북구 신당동,경상사고,0,0,3,0,차대차 - 기타,안전운전불이행,건조,맑음,교차로 - 교차로부근,화물,남,48세,경상,승용,여,33세,경상
2013120700100475,2013년 12월 7일 19시,토요일,충청남도 공주시 금학동,사망사고,1,0,0,0,차대차 - 추돌 - 진행중,안전운전불이행,건조,맑음,단일로 - 기타,이륜,남,51세,사망,승합,남,37세,상해없음
2013120700100505,2013년 12월 7일 20시,토요일,충청남도 서산시 동문동,경상사고,0,0,1,0,차대사람 - 길가장자리구역통행중,안전운전불이행,건조,맑음,교차로 - 교차로안,승용,여,45세,상해없음,보행자,여,13세,경상
2013120700100506,2013년 12월 7일 20시,토요일,충청남도 아산시 권곡동,경상사고,0,0,1,0,차대차 - 측면직각충돌,안전운전불이행,건조,맑음,단일로 - 기타,승용,여,39세,상해없음,승용,남,26세,경상
2013120700100507,2013년 12월 7일 20시,토요일,충청남도 보령시 남곡동,중상사고,0,2,0,0,차대차 - 측면직각충돌,직진우회전진행방해,건조,맑음,교차로 - 교차로안,승용,여,55세,상해없음,승용,남,22세,중상
2013120700100508,2013년 12월 7일 20시,토요일,충청남도 공주시 계룡면,중상사고,0,2,1,0,차대차 - 추돌 - 주정차중,안전운전불이행,건조,맑음,단일로 - 기타,승용,여,57세,중상,승용,남,56세,경상
2013120700100529,2013년 12월 7일 21시,토요일,충청남도 금산군 금산읍,경상사고,0,0,1,0,차대차 - 측면직각충돌,직진우회전진행방해,건조,흐림,교차로 - 교차로안,승용,남,32세,기타불명,승용,여,52세,경상
2013120700100557,2013년 12월 7일 22시,토요일,충청남도 천안시 서북구 성거읍,경상사고,0,0,1,0,차대차 - 기타,안전운전불이행,건조,맑음,단일로 - 기타,승용,남,39세,상해없음,승용,남,51세,상해없음
2013120700100558,2013년 12월 7일 22시,토요일,충청남도 보령시 동대동,중상사고,0,2,2,0,차대차 - 측면직각충돌,신호위반,건조,맑음,교차로 - 교차로안,승용,남,56세,상해없음,승용,여,55세,중상
2013120700100589,2013년 12월 7일 23시,토요일,충청남도 공주시 반포면,중상사고,0,1,3,0,차대차 - 기타,안전운전불이행,습기,비,단일로 - 기타,승용,여,25세,기타불명,승용,여,48세,경상
2013120800100076,2013년 12월 8일 03시,일요일,충청남도 천안시 서북구 쌍용동,경상사고,0,0,1,0,차대차 - 기타,안전운전불이행,건조,맑음,단일로 - 기타,승용,남,23세,상해없음,이륜,남,31세,경상
2013120800100114,2013년 12월 8일 06시,일요일,충청남도 아산시 탕정면,중상사고,0,1,0,0,차대차 - 측면직각충돌,안전운전불이행,건조,맑음,단일로 - 기타,화물,남,47세,상해없음,승용,남,25세,중상
2013120800100156,2013년 12월 8일 09시,일요일,충청남도 홍성군 홍성읍,중상사고,0,1,0,0,차대사람 - 횡단중,안전운전불이행,건조,맑음,단일로 - 기타,화물,남,44세,상해없음,보행자,여,63세,중상
2013120800100170,2013년 12월 8일 10시,일요일,충청남도 천안시 서북구 쌍용동,경상사고,0,0,1,0,차대차 - 기타,신호위반,건조,맑음,교차로 - 교차로안,승용,남,37세,상해없음,승용,여,45세,경상
2013120800100222,2013년 12월 8일 13시,일요일,충청남도 보령시 미산면,경상사고,0,0,2,0,차대차 - 정면충돌,중앙선침범,건조,맑음,단일로 - 기타,승용,남,47세,상해없음,승용,남,60세,경상
2013120800100249,2013년 12월 8일 14시,일요일,충청남도 보령시 대천동,중상사고,0,1,0,0,차대차 - 기타,안전운전불이행,건조,맑음,단일로 - 기타,이륜,남,20세,중상,기타불명,기타불명,기타불명,기타불명
2013120800100282,2013년 12월 8일 15시,일요일,충청남도 공주시 정안면,경상사고,0,0,4,0,차대차 - 추돌 - 진행중,안전거리미확보,건조,맑음,단일로 - 기타,승용,남,59세,경상,승용,여,45세,경상
2013120800100312,2013년 12월 8일 16시,일요일,충청남도 공주시 옥룡동,경상사고,0,0,1,0,차대차 - 정면충돌,불법유턴,건조,맑음,교차로 - 교차로안,자전거,여,25세,경상,승용,남,55세,상해없음
2013120800100385,2013년 12월 8일 18시,일요일,충청남도 서산시 예천동,중상사고,0,1,0,0,차대차 - 측면직각충돌,안전운전불이행,건조,맑음,교차로 - 교차로안,승용,남,53세,상해없음,이륜,남,49세,중상
2013120800100386,2013년 12월 8일 18시,일요일,충청남도 논산시 양촌면,경상사고,0,0,1,0,차대사람 - 기타,안전운전불이행,건조,맑음,단일로 - 기타,승용,남,29세,상해없음,보행자,여,57세,경상
2013120800100387,2013년 12월 8일 18시,일요일,충청남도 홍성군 금마면,중상사고,0,1,0,0,차대사람 - 기타,안전운전불이행,건조,맑음,단일로 - 기타,기타불명,기타불명,기타불명,기타불명,보행자,남,66세,중상
2013120800100424,2013년 12월 8일 19시,일요일,충청남도 천안시 서북구 직산읍,사망사고,1,0,1,0,차대차 - 추돌 - 진행중,안전운전불이행,건조,맑음,단일로 - 기타,화물,남,55세,사망,승용,남,42세,경상
2013120800100455,2013년 12월 8일 20시,일요일,충청남도 서천군 장항읍,중상사고,0,1,0,0,차대차 - 기타,안전운전불이행,건조,맑음,단일로 - 기타,승용,여,54세,상해없음,자전거,여,81세,중상
2013120800100512,2013년 12월 8일 23시,일요일,충청남도 논산시 연산면,사망사고,1,0,0,0,차대사람 - 기타,안전운전불이행,건조,맑음,단일로 - 기타,승용,남,60세,상해없음,보행자,여,61세,사망
2013120900100087,2013년 12월 9일 07시,월요일,충청남도 부여군 홍산면,경상사고,0,0,1,0,차대차 - 측면직각충돌,신호위반,건조,맑음,교차로 - 교차로안,화물,남,75세,상해없음,승용,남,71세,경상
2013120900100154,2013년 12월 9일 09시,월요일,충청남도 천안시 동남구 신부동,중상사고,0,1,0,0,차대차 - 측면직각충돌,중앙선침범,습기,비,단일로 - 기타,승용,남,61세,상해없음,승용,여,53세,중상
2013120900100175,2013년 12월 9일 10시,월요일,충청남도 예산군 예산읍,경상사고,0,0,2,0,차대차 - 측면직각충돌,직진우회전진행방해,습기,비,교차로 - 교차로안,승용,여,41세,경상,승용,남,47세,경상
2013120900100232,2013년 12월 9일 12시,월요일,충청남도 부여군 부여읍,중상사고,0,1,0,0,차대차 - 측면직각충돌,신호위반,습기,비,교차로 - 교차로안,승용,여,45세,상해없음,승용,여,50세,중상
2013120900100257,2013년 12월 9일 13시,월요일,충청남도 당진시 송산면,경상사고,0,0,1,0,차대차 - 기타,교차로운행방법위반,습기,비,교차로 - 교차로안,화물,남,71세,상해없음,승용,남,26세,경상
2013120900100334,2013년 12월 9일 16시,월요일,충청남도 홍성군 홍성읍,경상사고,0,0,2,0,차대차 - 측면직각충돌,교차로운행방법위반,습기,비,교차로 - 교차로안,승용,남,38세,상해없음,화물,남,66세,경상
2013120900100383,2013년 12월 9일 17시,월요일,충청남도 보령시 대천동,중상사고,0,1,0,0,차대차 - 기타,안전운전불이행,습기,비,단일로 - 기타,기타불명,기타불명,기타불명,기타불명,자전거,남,57세,중상
2013120900100446,2013년 12월 9일 18시,월요일,충청남도 천안시 서북구 불당동,경상사고,0,0,2,0,차대차 - 기타,중앙선침범,습기,비,교차로 - 교차로부근,승용,남,55세,상해없음,승합,남,49세,경상
2013120900100500,2013년 12월 9일 19시,월요일,충청남도 천안시 서북구 쌍용동,중상사고,0,1,0,0,차대사람 - 횡단중,보행자보호의무위반,건조,맑음,교차로 - 교차로안,이륜,남,44세,상해없음,보행자,남,13세,중상
2013120900100501,2013년 12월 9일 19시,월요일,충청남도 공주시 신관동,중상사고,0,1,0,0,차대사람 - 횡단중,안전운전불이행,습기,비,교차로 - 교차로부근,승용,남,43세,상해없음,보행자,여,30세,중상
2013120900100544,2013년 12월 9일 20시,월요일,충청남도 천안시 서북구 차암동,경상사고,0,0,1,0,차대차 - 기타,중앙선침범,습기,비,교차로 - 교차로부근,화물,남,40세,상해없음,승용,남,31세,경상
2013120900100545,2013년 12월 9일 20시,월요일,충청남도 천안시 동남구 원성동,중상사고,0,1,0,0,차대사람 - 횡단중,안전운전불이행,습기,비,교차로 - 교차로부근,승용,여,43세,상해없음,보행자,남,16세,중상
2013120900100546,2013년 12월 9일 20시,월요일,충청남도 천안시 동남구 신방동,경상사고,0,0,2,0,차대차 - 추돌 - 주정차중,안전운전불이행,습기,비,교차로 - 교차로부근,승용,남,57세,상해없음,승용,여,41세,경상
2013120900100609,2013년 12월 9일 22시,월요일,충청남도 서산시 동문동,사망사고,1,0,0,0,차대사람 - 기타,안전운전불이행,습기,흐림,기타 - 기타,승용,남,48세,상해없음,보행자,남,52세,사망
2013120900100610,2013년 12월 9일 22시,월요일,충청남도 아산시 배방읍,중상사고,0,2,1,0,차대차 - 측면직각충돌,신호위반,습기,비,교차로 - 교차로안,승용,남,29세,상해없음,승용,남,36세,경상
2013120900100630,2013년 12월 9일 23시,월요일,충청남도 태안군 소원면,부상신고사고,0,0,0,1,차량단독 - 공작물충돌,안전운전불이행,건조,흐림,단일로 - 기타,승용,여,25세,부상신고,,,,
2013121000100100,2013년 12월 10일 08시,화요일,충청남도 천안시 서북구 신당동,경상사고,0,0,1,0,차대차 - 추돌 - 주정차중,교차로운행방법위반,건조,맑음,교차로 - 교차로안,기타불명,기타불명,기타불명,기타불명,승용,남,50세,경상
2013121000100135,2013년 12월 10일 10시,화요일,충청남도 금산군 금산읍,중상사고,0,1,0,0,차대사람 - 횡단중,보행자보호의무위반,건조,맑음,교차로 - 교차로부근,승합,남,63세,상해없음,보행자,남,79세,중상
2013121000100177,2013년 12월 10일 12시,화요일,충청남도 홍성군 홍북면,경상사고,0,0,1,0,차대차 - 기타,차로위반,건조,맑음,단일로 - 기타,승합,남,50세,상해없음,승용,남,41세,경상
2013121000100262,2013년 12월 10일 16시,화요일,충청남도 당진시 합덕읍,중상사고,0,1,0,0,차대차 - 기타,교차로운행방법위반,건조,맑음,교차로 - 교차로부근,승용,남,53세,상해없음,원동기,여,51세,중상
2013121000100300,2013년 12월 10일 17시,화요일,충청남도 서산시 성연면,중상사고,0,1,2,0,차대차 - 추돌 - 주정차중,안전운전불이행,건조,흐림,단일로 - 기타,승용,남,43세,상해없음,승용,여,53세,중상
2013121000100334,2013년 12월 10일 18시,화요일,충청남도 태안군 이원면,중상사고,0,1,0,0,차대사람 - 길가장자리구역통행중,안전운전불이행,건조,맑음,단일로 - 기타,화물,여,57세,상해없음,보행자,여,78세,중상
2013121000100335,2013년 12월 10일 18시,화요일,충청남도 부여군 남면,중상사고,0,1,0,0,차대사람 - 차도통행중,안전운전불이행,건조,맑음,단일로 - 기타,화물,남,62세,상해없음,보행자,여,78세,중상
2013121000100377,2013년 12월 10일 19시,화요일,충청남도 아산시 배방읍,경상사고,0,0,1,0,차대차 - 기타,안전운전불이행,건조,맑음,기타 - 기타,승용,남,53세,상해없음,승용,남,25세,경상
2013121000100411,2013년 12월 10일 20시,화요일,충청남도 천안시 서북구 두정동,경상사고,0,0,1,0,차대사람 - 기타,안전운전불이행,건조,맑음,단일로 - 기타,기타불명,기타불명,기타불명,기타불명,보행자,여,20세,경상
2013121000100412,2013년 12월 10일 20시,화요일,충청남도 천안시 서북구 쌍용동,경상사고,0,0,2,0,차대차 - 기타,안전거리미확보,건조,맑음,단일로 - 기타,승용,남,41세,상해없음,승용,남,34세,경상
2013121000100444,2013년 12월 10일 21시,화요일,충청남도 천안시 동남구 목천읍,경상사고,0,0,7,0,차대차 - 측면직각충돌,안전운전불이행,건조,맑음,단일로 - 기타,화물,남,50세,상해없음,승합,남,52세,경상
2013121000100445,2013년 12월 10일 21시,화요일,충청남도 천안시 동남구 목천읍,중상사고,0,1,0,0,차대차 - 기타,안전운전불이행,결빙,눈,단일로 - 기타,승용,남,44세,상해없음,승용,남,41세,중상
2013121000100505,2013년 12월 10일 23시,화요일,충청남도 천안시 서북구 두정동,경상사고,0,0,3,0,차대차 - 기타,안전운전불이행,건조,맑음,교차로 - 교차로안,승용,남,29세,상해없음,승용,남,27세,경상
2013121100100011,2013년 12월 11일 00시,수요일,충청남도 홍성군 홍성읍,중상사고,0,1,0,0,차대사람 - 횡단중,안전운전불이행,건조,맑음,교차로 - 교차로부근,승용,여,52세,상해없음,보행자,여,42세,중상
2013121100100012,2013년 12월 11일 00시,수요일,충청남도 당진시 송악읍,경상사고,0,0,4,0,차대차 - 기타,교차로운행방법위반,건조,흐림,교차로 - 교차로부근,승용,여,48세,상해없음,승용,남,42세,경상
2013121100100062,2013년 12월 11일 05시,수요일,충청남도 천안시 동남구 목천읍,경상사고,0,0,1,0,차대차 - 기타,신호위반,적설,눈,교차로 - 교차로안,승용,여,45세,상해없음,승용,남,57세,경상
2013121100100093,2013년 12월 11일 06시,수요일,충청남도 천안시 서북구 성정동,경상사고,0,0,1,3,차대차 - 측면직각충돌,중앙선침범,결빙,눈,단일로 - 기타,승용,남,32세,상해없음,승용,남,37세,경상
2013121100100117,2013년 12월 11일 07시,수요일,충청남도 서산시 성연면,경상사고,0,0,1,0,차대차 - 기타,중앙선침범,결빙,눈,단일로 - 기타,승용,남,29세,경상,승용,남,43세,상해없음
2013121100100118,2013년 12월 11일 07시,수요일,충청남도 보령시 청라면,중상사고,0,1,0,0,차대사람 - 횡단중,안전운전불이행,습기,비,단일로 - 기타,건설기계,남,35세,상해없음,보행자,여,75세,중상
2013121100100119,2013년 12월 11일 07시,수요일,충청남도 천안시 동남구 원성동,경상사고,0,0,1,0,차대차 - 기타,안전운전불이행,결빙,눈,단일로 - 기타,승용,남,31세,상해없음,특수,남,42세,경상
2013121100100201,2013년 12월 11일 09시,수요일,충청남도 공주시 금성동,중상사고,0,1,0,0,차대사람 - 횡단중,안전운전불이행,습기,눈,교차로 - 교차로안,승용,여,49세,상해없음,보행자,여,61세,중상
2013121100100228,2013년 12월 11일 10시,수요일,충청남도 논산시 내동,경상사고,0,0,1,0,차대차 - 측면직각충돌,안전운전불이행,건조,맑음,교차로 - 교차로안,승용,남,65세,상해없음,승용,남,39세,경상
2013121100100309,2013년 12월 11일 13시,수요일,충청남도 보령시 대천동,중상사고,0,1,0,0,차대차 - 측면직각충돌,직진우회전진행방해,습기,눈,교차로 - 교차로안,이륜,남,33세,중상,승용,남,51세,상해없음
2013121100100333,2013년 12월 11일 14시,수요일,충청남도 서천군 서천읍,중상사고,0,1,0,0,차대차 - 기타,안전운전불이행,건조,맑음,단일로 - 횡단보도부근,농기계,남,71세,중상,승용,남,58세,상해없음
2013121100100363,2013년 12월 11일 15시,수요일,충청남도 서산시 읍내동,사망사고,1,0,0,0,차대사람 - 횡단중,보행자보호의무위반,습기,눈,교차로 - 교차로부근,화물,남,50세,상해없음,보행자,여,84세,사망
2013121100100395,2013년 12월 11일 16시,수요일,충청남도 태안군 이원면,경상사고,0,0,2,0,차대차 - 기타,중앙선침범,결빙,눈,단일로 - 기타,승용,남,45세,상해없음,화물,남,31세,경상
2013121100100396,2013년 12월 11일 16시,수요일,충청남도 천안시 서북구 직산읍,경상사고,0,0,1,0,차대사람 - 기타,신호위반,건조,맑음,단일로 - 횡단보도상,승용,여,45세,상해없음,보행자,남,18세,경상
2013121100100462,2013년 12월 11일 18시,수요일,충청남도 태안군 태안읍,경상사고,0,0,1,0,차대차 - 기타,교차로운행방법위반,결빙,눈,교차로 - 교차로안,화물,남,75세,상해없음,이륜,남,27세,경상
2013121100100463,2013년 12월 11일 18시,수요일,충청남도 서산시 대산읍,중상사고,0,1,2,0,차대차 - 기타,중앙선침범,결빙,눈,단일로 - 기타,승용,남,48세,상해없음,승용,남,31세,중상
2013121100100464,2013년 12월 11일 18시,수요일,충청남도 홍성군 홍성읍,경상사고,0,0,1,0,차대차 - 기타,중앙선침범,습기,눈,단일로 - 기타,화물,남,63세,상해없음,승용,여,39세,경상
2013121100100465,2013년 12월 11일 18시,수요일,충청남도 당진시 신평면,경상사고,0,0,2,0,차대차 - 측면직각충돌,안전운전불이행,결빙,눈,단일로 - 기타,승용,남,39세,경상,승용,여,40세,경상
2013121100100466,2013년 12월 11일 18시,수요일,충청남도 공주시 정안면,중상사고,0,1,1,0,차대차 - 기타,안전운전불이행,결빙,눈,단일로 - 기타,승용,남,56세,상해없음,승용,남,39세,중상
2013121100100508,2013년 12월 11일 19시,수요일,충청남도 홍성군 서부면,경상사고,0,0,1,0,차대차 - 기타,교차로운행방법위반,적설,기타,교차로 - 교차로부근,승용,여,35세,상해없음,화물,남,22세,경상
2013121100100509,2013년 12월 11일 19시,수요일,충청남도 예산군 삽교읍,중상사고,0,1,0,0,차대사람 - 기타,안전운전불이행,결빙,눈,단일로 - 기타,화물,남,45세,상해없음,보행자,여,33세,중상
2013121100100510,2013년 12월 11일 19시,수요일,충청남도 당진시 읍내리,중상사고,0,1,0,0,차대차 - 측면직각충돌,안전운전불이행,적설,눈,교차로 - 교차로부근,승용,남,35세,상해없음,승용,여,33세,상해없음
2013121100100542,2013년 12월 11일 20시,수요일,충청남도 천안시 서북구 업성동,경상사고,0,0,1,0,차대차 - 측면직각충돌,안전운전불이행,적설,맑음,교차로 - 교차로안,승용,남,27세,상해없음,승용,남,32세,경상
2013121100100580,2013년 12월 11일 21시,수요일,충청남도 서산시 지곡면,중상사고,0,1,0,0,차대차 - 추돌 - 진행중,안전운전불이행,결빙,눈,단일로 - 기타,승용,남,42세,상해없음,승용,여,35세,중상
2013121100100600,2013년 12월 11일 22시,수요일,충청남도 천안시 동남구 안서동,경상사고,0,0,2,0,차대차 - 측면직각충돌,안전운전불이행,결빙,눈,단일로 - 기타,승용,남,64세,기타불명,승용,남,43세,경상
2013121100100632,2013년 12월 11일 23시,수요일,충청남도 서산시 지곡면,경상사고,0,0,1,0,차대차 - 기타,안전운전불이행,결빙,눈,단일로 - 기타,승용,남,30세,경상,화물,남,58세,상해없음
2013121100100633,2013년 12월 11일 23시,수요일,충청남도 보령시 남포면,경상사고,0,0,5,0,차대차 - 기타,중앙선침범,습기,맑음,단일로 - 기타,승합,남,54세,상해없음,승합,남,21세,경상
2013121200100096,2013년 12월 12일 07시,목요일,충청남도 당진시 석문면,경상사고,0,0,3,0,차대차 - 측면직각충돌,과속,건조,맑음,단일로 - 기타,화물,남,50세,상해없음,승용,남,54세,상해없음
2013121200100121,2013년 12월 12일 08시,목요일,충청남도 아산시 영인면,경상사고,0,0,1,0,차대차 - 추돌 - 진행중,안전운전불이행,적설,눈,단일로 - 기타,승용,남,61세,상해없음,승용,남,32세,경상
2013121200100160,2013년 12월 12일 09시,목요일,충청남도 서산시 해미면,경상사고,0,0,1,0,차대사람 - 차도통행중,안전운전불이행,건조,맑음,단일로 - 기타,화물,남,49세,상해없음,보행자,여,59세,경상
2013121200100161,2013년 12월 12일 09시,목요일,충청남도 서산시 대산읍,중상사고,0,1,0,0,차량단독 - 공작물충돌,안전운전불이행,결빙,흐림,단일로 - 기타,화물,남,55세,중상,,,,
2013121200100207,2013년 12월 12일 11시,목요일,충청남도 금산군 진산면,경상사고,0,0,3,0,차대차 - 정면충돌,중앙선침범,습기,흐림,단일로 - 기타,승용,남,60세,상해없음,화물,남,82세,경상
2013121200100250,2013년 12월 12일 13시,목요일,충청남도 서산시 예천동,중상사고,0,1,0,0,차대사람 - 횡단중,보행자보호의무위반,습기,흐림,단일로 - 횡단보도상,화물,남,53세,상해없음,보행자,여,48세,중상
2013121200100251,2013년 12월 12일 13시,목요일,충청남도 천안시 서북구 쌍용동,경상사고,0,0,2,0,차대차 - 정면충돌,신호위반,습기,흐림,교차로 - 교차로안,승용,여,55세,상해없음,승용,남,48세,경상
2013121200100252,2013년 12월 12일 13시,목요일,충청남도 당진시 읍내리,부상신고사고,0,0,0,1,차대차 - 측면직각충돌,교차로운행방법위반,결빙,눈,교차로 - 교차로안,이륜,남,22세,부상신고,승용,남,70세,상해없음
2013121200100388,2013년 12월 12일 18시,목요일,충청남도 천안시 서북구 두정동,경상사고,0,0,2,0,차대차 - 기타,안전운전불이행,결빙,눈,단일로 - 기타,승용,여,53세,상해없음,승용,남,32세,경상
2013121200100389,2013년 12월 12일 18시,목요일,충청남도 부여군 부여읍,중상사고,0,1,0,0,차대사람 - 기타,보행자보호의무위반,습기,비,단일로 - 횡단보도상,화물,여,50세,상해없음,보행자,여,69세,중상
2013121200100445,2013년 12월 12일 20시,목요일,충청남도 천안시 서북구 두정동,경상사고,0,0,1,0,차대차 - 기타,안전운전불이행,건조,맑음,교차로 - 교차로부근,승용,남,59세,상해없음,기타불명,기타불명,기타불명,기타불명
2013121200100446,2013년 12월 12일 20시,목요일,충청남도 아산시 둔포면,경상사고,0,0,3,0,차대차 - 기타,안전운전불이행,건조,맑음,교차로 - 교차로부근,승합,남,39세,상해없음,승용,남,52세,경상
2013121200100447,2013년 12월 12일 20시,목요일,충청남도 당진시 채운동,중상사고,0,1,0,0,차량단독 - 기타,안전운전불이행,건조,맑음,단일로 - 기타,이륜,남,69세,중상,,,,
2013121200100484,2013년 12월 12일 21시,목요일,충청남도 당진시 원당리,중상사고,0,1,0,0,차대사람 - 차도통행중,안전운전불이행,건조,맑음,단일로 - 기타,승용,기타불명,기타불명,기타불명,보행자,남,54세,중상
2013121200100516,2013년 12월 12일 22시,목요일,충청남도 태안군 태안읍,경상사고,0,0,1,0,차대차 - 측면직각충돌,직진우회전진행방해,건조,맑음,교차로 - 교차로안,승용,남,61세,상해없음,화물,남,66세,경상
2013121200100517,2013년 12월 12일 22시,목요일,충청남도 천안시 서북구 입장면,경상사고,0,0,1,0,차대차 - 기타,안전운전불이행,건조,맑음,단일로 - 기타,승용,남,51세,상해없음,농기계,남,16세,경상
2013121200100518,2013년 12월 12일 22시,목요일,충청남도 천안시 서북구 쌍용동,경상사고,0,0,1,0,차대차 - 기타,안전운전불이행,건조,맑음,단일로 - 기타,승용,남,41세,상해없음,화물,남,54세,경상
2013121200100546,2013년 12월 12일 23시,목요일,충청남도 태안군 태안읍,중상사고,0,2,0,0,차대차 - 측면직각충돌,안전운전불이행,건조,맑음,교차로 - 교차로안,승용,남,40세,상해없음,승용,여,30세,중상
2013121200100547,2013년 12월 12일 23시,목요일,충청남도 논산시 광석면,중상사고,0,3,0,0,차대차 - 추돌 - 진행중,안전운전불이행,건조,맑음,단일로 - 기타,화물,남,34세,중상,건설기계,남,43세,중상
2013121300100039,2013년 12월 13일 02시,금요일,충청남도 천안시 서북구 성환읍,중상사고,0,1,0,0,차대사람 - 기타,안전운전불이행,건조,맑음,단일로 - 기타,승용,남,54세,상해없음,보행자,남,28세,중상
2013121300100079,2013년 12월 13일 07시,금요일,충청남도 천안시 서북구 두정동,경상사고,0,0,2,0,차대차 - 기타,교차로운행방법위반,건조,맑음,교차로 - 교차로안,승용,남,33세,상해없음,승용,남,48세,경상